start_seconds,end_seconds,start_timecode,end_timecode,score,flagged,track_1_score,track_1_rms_dbfs,track_1_low_frequency_ratio,track_1_spectral_flatness,track_1_peak,track_2_score,track_2_rms_dbfs,track_2_low_frequency_ratio,track_2_spectral_flatness,track_2_peak
0.0,10.0,00:00:00.000,00:00:10.000,0.86002,False,0.86002,-10.981,0.995938,0.029714,1.599407,0.822569,-9.154,0.997809,0.024401,1.771903
10.0,20.0,00:00:10.000,00:00:20.000,0.968424,True,0.968424,-10.088,0.996175,0.057625,2.137754,0.935012,-9.453,0.997229,0.044551,1.677646
20.0,30.0,00:00:20.000,00:00:30.000,0.857329,False,0.826085,-10.533,0.99098,0.024915,1.657986,0.857329,-10.286,0.994305,0.029312,2.071121
30.0,40.0,00:00:30.000,00:00:40.000,0.822468,False,0.783608,-9.362,0.979329,0.019537,1.486754,0.822468,-8.101,0.985596,0.024449,2.272264
40.0,50.0,00:00:40.000,00:00:50.000,0.825627,False,0.825627,-7.179,0.998021,0.024798,1.682787,0.736601,-9.596,0.997816,0.013749,1.600259
50.0,60.0,00:00:50.000,00:01:00.000,0.989311,True,0.989311,-19.606,0.978263,0.086434,0.519916,0.96788,-16.195,0.988469,0.057886,0.625886
60.0,70.0,00:01:00.000,00:01:10.000,0.962709,True,0.962709,-17.811,0.990279,0.055194,0.737308,0.832888,-13.777,0.997633,0.025833,1.516048
70.0,80.0,00:01:10.000,00:01:20.000,0.969911,True,0.969911,-20.486,0.976435,0.06022,0.575295,0.918809,-16.596,0.98429,0.040747,0.670463
80.0,90.0,00:01:20.000,00:01:30.000,0.930866,False,0.930866,-19.05,0.880252,0.047111,0.642848,0.921942,-17.607,0.896085,0.0436,0.774967
90.0,100.0,00:01:30.000,00:01:40.000,0.928143,False,0.888131,-12.03,0.952099,0.034768,1.351982,0.928143,-13.6,0.946602,0.043589,1.572896
100.0,110.0,00:01:40.000,00:01:50.000,0.860079,False,0.836639,-10.723,0.960485,0.026573,1.858312,0.860079,-12.267,0.970932,0.029918,1.109364
110.0,120.0,00:01:50.000,00:02:00.000,0.978151,True,0.978151,-22.825,0.968365,0.068635,0.432253,0.962099,-19.735,0.984631,0.055272,0.552501
120.0,130.0,00:02:00.000,00:02:10.000,0.961432,True,0.961432,-27.733,0.95693,0.058565,0.185302,0.945147,-24.186,0.978103,0.049075,0.31872
130.0,140.0,00:02:10.000,00:02:20.000,0.962289,True,0.962289,-22.988,0.991818,0.055829,0.455779,0.950408,-18.852,0.995166,0.049906,0.705783
140.0,150.0,00:02:20.000,00:02:30.000,0.955765,True,0.941253,-21.916,0.991987,0.047136,0.411847,0.955765,-20.397,0.993672,0.052234,0.375291
150.0,160.0,00:02:30.000,00:02:40.000,0.971441,True,0.971441,-19.881,0.993343,0.060526,0.507501,0.908987,-16.919,0.997052,0.038452,0.57245
160.0,170.0,00:02:40.000,00:02:50.000,0.986062,True,0.986062,-18.075,0.991481,0.075654,0.60911,0.965175,-16.111,0.99591,0.056168,0.629286
170.0,180.0,00:02:50.000,00:03:00.000,0.921954,False,0.921954,-22.921,0.993362,0.041841,0.377086,0.909923,-19.887,0.995764,0.038803,0.502404
180.0,190.0,00:03:00.000,00:03:10.000,0.953177,True,0.953177,-24.494,0.994814,0.051918,0.260149,0.902097,-20.557,0.997392,0.037212,0.36396
190.0,200.0,00:03:10.000,00:03:20.000,0.972079,True,0.972079,-25.824,0.99043,0.063407,0.240576,0.894674,-22.064,0.996261,0.035881,0.311262
200.0,210.0,00:03:20.000,00:03:30.000,0.919587,False,0.919587,-22.616,0.995093,0.041214,0.478193,0.917905,-19.086,0.99703,0.040518,0.697803
210.0,220.0,00:03:30.000,00:03:40.000,0.986403,True,0.986403,-23.343,0.988269,0.080685,0.405148,0.977678,-19.346,0.99378,0.065351,0.449779
220.0,230.0,00:03:40.000,00:03:50.000,0.968897,True,0.968897,-24.319,0.986033,0.060381,0.252548,0.863963,-20.501,0.995632,0.030541,0.421295
230.0,240.0,00:03:50.000,00:04:00.000,0.890282,False,0.890282,-25.691,0.995826,0.03543,0.242263,0.839994,-22.467,0.997725,0.027076,0.307206
240.0,250.0,00:04:00.000,00:04:10.000,0.982641,True,0.982641,-27.944,0.93547,0.095269,0.215151,0.96945,-24.443,0.971609,0.061406,0.413612
250.0,260.0,00:04:10.000,00:04:20.000,0.990003,True,0.988041,-25.722,0.964706,0.101852,0.30326,0.990003,-23.906,0.9672,0.108315,0.381816
260.0,270.0,00:04:20.000,00:04:30.000,0.962909,True,0.962909,-27.51,0.992724,0.058021,0.168898,0.914468,-23.783,0.995458,0.040151,0.27084
270.0,280.0,00:04:30.000,00:04:40.000,0.952707,True,0.952707,-28.967,0.993395,0.053579,0.134955,0.879932,-26.551,0.996755,0.033678,0.203868
280.0,290.0,00:04:40.000,00:04:50.000,0.971836,True,0.971836,-26.788,0.977879,0.064487,0.240621,0.925714,-23.171,0.99039,0.042855,0.370767
290.0,300.0,00:04:50.000,00:05:00.000,0.966471,True,0.966471,-24.051,0.989814,0.058578,0.309293,0.946106,-20.606,0.994044,0.048561,0.339451
300.0,310.0,00:05:00.000,00:05:10.000,0.971125,True,0.971125,-22.146,0.995785,0.060802,0.288877,0.901517,-17.734,0.997603,0.036955,0.687481
310.0,320.0,00:05:10.000,00:05:20.000,0.958907,True,0.958907,-22.966,0.988461,0.054221,0.306516,0.935,-19.927,0.993413,0.045008,0.421034
320.0,330.0,00:05:20.000,00:05:30.000,0.98149,True,0.98149,-20.751,0.992396,0.069961,0.412015,0.960954,-17.54,0.996072,0.054179,0.536681
330.0,340.0,00:05:30.000,00:05:40.000,0.991798,True,0.991798,-22.037,0.965908,0.149742,0.438053,0.991639,-20.113,0.978477,0.099769,0.405181
340.0,350.0,00:05:40.000,00:05:50.000,0.944741,False,0.944741,-26.967,0.992138,0.049431,0.188636,0.902879,-22.887,0.995853,0.037562,0.285334
350.0,360.0,00:05:50.000,00:06:00.000,0.936104,False,0.936104,-25.662,0.994134,0.046154,0.229979,0.892469,-22.621,0.997348,0.035502,0.306279
360.0,370.0,00:06:00.000,00:06:10.000,0.942286,False,0.942286,-23.625,0.993276,0.047717,0.317185,0.914756,-20.443,0.9954,0.039902,0.424131
370.0,380.0,00:06:10.000,00:06:20.000,0.97988,True,0.97988,-24.374,0.991707,0.070168,0.309907,0.871677,-21.178,0.996896,0.031796,0.350636
380.0,390.0,00:06:20.000,00:06:30.000,0.965334,True,0.965334,-29.092,0.974747,0.061519,0.167383,0.888946,-24.924,0.989479,0.035138,0.325702
390.0,400.0,00:06:30.000,00:06:40.000,0.983041,True,0.983041,-26.212,0.960187,0.081566,0.318782,0.944791,-22.137,0.984028,0.048474,0.584052
400.0,410.0,00:06:40.000,00:06:50.000,0.97755,True,0.97755,-32.504,0.976608,0.092566,0.105533,0.953897,-28.876,0.988137,0.054199,0.134757
410.0,420.0,00:06:50.000,00:07:00.000,0.963046,True,0.963046,-31.984,0.894889,0.07271,0.115383,0.929218,-28.867,0.941303,0.046049,0.169923
420.0,430.0,00:07:00.000,00:07:10.000,0.975956,True,0.969634,-32.802,0.903537,0.091411,0.142294,0.975956,-30.676,0.909748,0.097,0.141025
430.0,440.0,00:07:10.000,00:07:20.000,0.979369,True,0.979369,-32.234,0.980566,0.098915,0.11464,0.941242,-28.617,0.992605,0.048809,0.156088
440.0,450.0,00:07:20.000,00:07:30.000,0.96753,True,0.96753,-31.28,0.982218,0.066075,0.106411,0.921639,-28.696,0.991213,0.042944,0.192794
450.0,460.0,00:07:30.000,00:07:40.000,0.963337,True,0.963337,-31.221,0.986618,0.062143,0.13364,0.879766,-27.662,0.994081,0.033844,0.152299
460.0,470.0,00:07:40.000,00:07:50.000,0.974345,True,0.962923,-36.379,0.928303,0.114413,0.070982,0.974345,-31.817,0.965031,0.078937,0.097392
470.0,480.0,00:07:50.000,00:08:00.000,0.971163,True,0.971163,-34.336,0.939231,0.104719,0.39717,0.962668,-31.245,0.968935,0.062446,0.436088
480.0,490.0,00:08:00.000,00:08:10.000,0.952695,True,0.899931,-29.646,0.733611,0.156783,0.32377,0.952695,-26.392,0.800258,0.141997,0.368355
490.0,500.0,00:08:10.000,00:08:20.000,0.793475,False,0.793475,-27.543,0.996505,0.021304,0.278983,0.765901,-26.317,0.996183,0.017765,0.330901
500.0,510.0,00:08:20.000,00:08:30.000,0.960423,True,0.960423,-24.854,0.814666,0.132272,0.539797,0.834768,-26.491,0.682362,0.147549,0.533907
510.0,520.0,00:08:30.000,00:08:40.000,0.955104,True,0.929016,-34.811,0.784951,0.263789,0.262043,0.955104,-32.401,0.82632,0.218659,0.288293
520.0,530.0,00:08:40.000,00:08:50.000,0.927761,False,0.917326,-42.479,0.904428,0.285452,0.037166,0.927761,-41.366,0.90122,0.291983,0.036565
530.0,540.0,00:08:50.000,00:09:00.000,0.936874,False,0.934515,-38.703,0.839149,0.490221,0.193627,0.936874,-37.852,0.831246,0.501564,0.204289
540.0,550.0,00:09:00.000,00:09:10.000,0.967853,True,0.846766,-38.953,0.712325,0.378341,0.102288,0.967853,-34.131,0.897122,0.15158,0.100196
550.0,560.0,00:09:10.000,00:09:20.000,0.967385,True,0.924734,-41.177,0.873343,0.346027,0.084038,0.967385,-35.458,0.928618,0.205045,0.108944
560.0,570.0,00:09:20.000,00:09:30.000,0.95718,True,0.822264,-37.309,0.688627,0.375339,0.253844,0.95718,-33.317,0.839215,0.191391,0.238159
570.0,580.0,00:09:30.000,00:09:40.000,0.94571,False,0.94571,-39.324,0.915015,0.180897,0.054517,0.904992,-29.199,0.989574,0.039146,0.137576
580.0,590.0,00:09:40.000,00:09:50.000,0.956879,True,0.446572,-36.428,0.537013,0.270591,0.229194,0.956879,-23.629,0.94251,0.0549,0.337006
590.0,600.0,00:09:50.000,00:10:00.000,0.985066,True,0.96103,-36.57,0.91385,0.190049,0.067799,0.985066,-28.456,0.976973,0.094298,0.22314
600.0,610.0,00:10:00.000,00:10:10.000,0.848468,False,0.848468,-29.572,0.982534,0.029201,0.211068,0.775636,-25.257,0.99374,0.018887,0.349408
610.0,620.0,00:10:10.000,00:10:20.000,0.909926,False,0.909926,-31.064,0.97531,0.041096,0.128084,0.774263,-24.717,0.994314,0.018678,0.367373
620.0,630.0,00:10:20.000,00:10:30.000,0.973531,True,0.973531,-32.675,0.922185,0.098992,0.101722,0.95647,-28.857,0.966308,0.056115,0.177915
630.0,640.0,00:10:30.000,00:10:40.000,0.972135,True,0.955895,-35.743,0.863991,0.188213,0.10749,0.972135,-33.534,0.920528,0.112668,0.119222
640.0,650.0,00:10:40.000,00:10:50.000,0.859321,False,0.859321,-30.428,0.701219,0.129133,0.835135,0.855521,-29.814,0.697954,0.128441,0.865202
650.0,660.0,00:10:50.000,00:11:00.000,0.884519,False,0.873682,-42.006,0.76501,0.332419,0.057763,0.884519,-40.86,0.766291,0.331665,0.064211
660.0,670.0,00:11:00.000,00:11:10.000,0.878742,False,0.869918,-40.976,0.748417,0.367305,0.078261,0.878742,-40.452,0.75424,0.369162,0.078792
670.0,680.0,00:11:10.000,00:11:20.000,0.85315,False,0.847371,-39.083,0.713443,0.285244,0.149906,0.85315,-38.675,0.716306,0.279775,0.157569
680.0,690.0,00:11:20.000,00:11:30.000,0.901419,False,0.877229,-34.567,0.722231,0.323495,0.348451,0.901419,-33.645,0.743166,0.314043,0.380849
690.0,700.0,00:11:30.000,00:11:40.000,0.960908,True,0.949403,-38.893,0.922205,0.172897,0.145762,0.960908,-37.011,0.931198,0.166165,0.152645
700.0,710.0,00:11:40.000,00:11:50.000,0.972736,True,0.962137,-36.233,0.911461,0.144545,0.079921,0.972736,-33.74,0.935529,0.105921,0.089811
710.0,720.0,00:11:50.000,00:12:00.000,0.982374,True,0.971495,-34.72,0.943612,0.174746,0.14006,0.982374,-30.444,0.978267,0.095473,0.191681
720.0,730.0,00:12:00.000,00:12:10.000,0.965987,True,0.965987,-33.706,0.896352,0.090793,0.09373,0.961951,-28.574,0.967007,0.059068,0.130758
730.0,740.0,00:12:10.000,00:12:20.000,0.978518,True,0.91694,-33.247,0.760298,0.166525,0.140565,0.978518,-27.55,0.922749,0.082154,0.192429
740.0,750.0,00:12:20.000,00:12:30.000,0.965284,True,0.963324,-33.633,0.871132,0.103671,0.0857,0.965284,-27.368,0.964985,0.060456,0.249087
750.0,760.0,00:12:30.000,00:12:40.000,0.975671,True,0.969552,-33.879,0.903144,0.160047,0.086359,0.975671,-32.462,0.921292,0.147097,0.093808
760.0,770.0,00:12:40.000,00:12:50.000,0.957996,True,0.944467,-39.654,0.924213,0.183114,0.040491,0.957996,-37.614,0.932758,0.165493,0.055323
770.0,780.0,00:12:50.000,00:13:00.000,0.949716,False,0.93049,-40.466,0.872388,0.276398,0.063218,0.949716,-38.095,0.889489,0.268184,0.076057
780.0,790.0,00:13:00.000,00:13:10.000,0.960366,True,0.960366,-36.818,0.980548,0.08267,0.08686,0.926224,-32.166,0.991972,0.045835,0.117751
790.0,800.0,00:13:10.000,00:13:20.000,0.855995,False,0.855995,-29.759,0.993398,0.030321,0.143087,0.822682,-25.117,0.997027,0.024875,0.268696
800.0,810.0,00:13:20.000,00:13:30.000,0.981099,True,0.974867,-32.204,0.917324,0.107715,0.115048,0.981099,-28.668,0.914389,0.11546,0.24367
810.0,820.0,00:13:30.000,00:13:40.000,0.976733,True,0.976733,-26.826,0.942305,0.073077,0.337268,0.974974,-23.801,0.95483,0.066806,0.286345
820.0,830.0,00:13:40.000,00:13:50.000,0.903944,False,0.903944,-27.699,0.995503,0.038489,0.194376,0.866494,-24.819,0.99703,0.031228,0.258667
830.0,840.0,00:13:50.000,00:14:00.000,0.958026,True,0.958026,-26.988,0.973983,0.055576,0.204422,0.906709,-23.496,0.986721,0.038503,0.269615
840.0,850.0,00:14:00.000,00:14:10.000,0.897453,False,0.897453,-17.462,0.998211,0.036151,0.586874,0.809982,-20.585,0.996862,0.022948,0.446368
850.0,860.0,00:14:10.000,00:14:20.000,0.946893,False,0.946893,-16.381,0.998022,0.048425,0.636187,0.881006,-22.638,0.994551,0.033468,0.382685
860.0,870.0,00:14:20.000,00:14:30.000,0.963915,True,0.953862,-17.741,0.994253,0.051156,0.46766,0.963915,-22.572,0.982477,0.056851,0.43001
870.0,880.0,00:14:30.000,00:14:40.000,0.971398,True,0.898758,-19.782,0.997639,0.036508,0.386331,0.971398,-24.777,0.98837,0.062328,0.340693
880.0,890.0,00:14:40.000,00:14:50.000,0.866699,False,0.866699,-26.03,0.990703,0.031435,0.230259,0.844826,-27.065,0.990756,0.028209,0.230087
890.0,900.0,00:14:50.000,00:15:00.000,0.936964,False,0.808103,-27.527,0.991484,0.023208,0.202859,0.936964,-28.653,0.979584,0.047586,0.176533
900.0,910.0,00:15:00.000,00:15:10.000,0.968427,True,0.965631,-36.411,0.952711,0.178106,0.084199,0.968427,-35.631,0.946792,0.192898,0.095535
910.0,920.0,00:15:10.000,00:15:20.000,0.975874,True,0.975874,-33.072,0.97914,0.090587,0.114107,0.934676,-29.135,0.991074,0.046856,0.187806
920.0,930.0,00:15:20.000,00:15:30.000,0.963455,True,0.963455,-36.873,0.965908,0.107536,0.064049,0.952343,-32.258,0.983256,0.056547,0.112097
930.0,940.0,00:15:30.000,00:15:40.000,0.973973,True,0.972786,-32.57,0.968314,0.078819,0.160742,0.973973,-29.097,0.975777,0.069557,0.21965
940.0,950.0,00:15:40.000,00:15:50.000,0.953604,True,0.953604,-32.17,0.824654,0.102339,0.107081,0.891409,-26.868,0.950394,0.036312,0.19178
950.0,960.0,00:15:50.000,00:16:00.000,0.964982,True,0.964982,-22.807,0.991692,0.057249,0.285137,0.886199,-18.355,0.997075,0.034125,0.782596
960.0,970.0,00:16:00.000,00:16:10.000,0.967839,True,0.967839,-22.576,0.993365,0.058834,0.411006,0.92435,-17.713,0.997263,0.041983,0.484867
970.0,980.0,00:16:10.000,00:16:20.000,0.953366,True,0.953366,-21.595,0.996181,0.05137,0.387713,0.930163,-18.965,0.997264,0.043548,0.565919
980.0,990.0,00:16:20.000,00:16:30.000,0.987413,True,0.987413,-20.167,0.98934,0.07976,0.459933,0.980797,-17.897,0.992994,0.068182,0.563646
990.0,1000.0,00:16:30.000,00:16:40.000,0.986987,True,0.986987,-23.671,0.985239,0.083159,0.286087,0.960883,-19.265,0.993494,0.054393,0.702495
1000.0,1010.0,00:16:40.000,00:16:50.000,0.991661,True,0.991661,-21.727,0.984761,0.102218,0.342342,0.981754,-17.684,0.992043,0.069279,0.718284
1010.0,1020.0,00:16:50.000,00:17:00.000,0.977089,True,0.977089,-18.79,0.996043,0.064589,0.771947,0.84226,-15.727,0.998669,0.027162,0.742234
1020.0,1030.0,00:17:00.000,00:17:10.000,0.986049,True,0.986049,-11.833,0.993474,0.073986,1.258096,0.983294,-8.35,0.996415,0.069676,2.293719
1030.0,1040.0,00:17:10.000,00:17:20.000,0.99178,True,0.99178,-13.043,0.988625,0.089313,0.868708,0.982497,-10.561,0.994249,0.068991,1.298313
1040.0,1050.0,00:17:20.000,00:17:30.000,0.979911,True,0.979911,-17.474,0.989483,0.067318,0.600679,0.938651,-14.391,0.99549,0.045739,0.858355
1050.0,1060.0,00:17:30.000,00:17:40.000,0.99242,True,0.99242,-18.169,0.984954,0.098829,0.557545,0.981659,-14.832,0.993839,0.068513,0.944421
1060.0,1070.0,00:17:40.000,00:17:50.000,0.989714,True,0.989714,-21.94,0.983882,0.090171,0.342403,0.983156,-19.996,0.988746,0.072076,0.463884
1070.0,1080.0,00:17:50.000,00:18:00.000,0.973393,True,0.973393,-21.941,0.993768,0.06248,0.409429,0.933303,-18.703,0.996257,0.0444,0.609053
1080.0,1090.0,00:18:00.000,00:18:10.000,0.951013,True,0.951013,-30.628,0.992687,0.053981,0.150041,0.873343,-27.917,0.996531,0.032763,0.153489
1090.0,1100.0,00:18:10.000,00:18:20.000,0.981739,True,0.981739,-30.354,0.945363,0.112688,0.525616,0.978799,-27.28,0.973265,0.07339,0.529036
1100.0,1110.0,00:18:20.000,00:18:30.000,0.954292,True,0.954292,-33.226,0.990766,0.058874,0.089836,0.938568,-30.167,0.993645,0.048617,0.107536
1110.0,1120.0,00:18:30.000,00:18:40.000,0.962652,True,0.962652,-21.794,0.9707,0.056348,0.522592,0.904927,-18.276,0.991424,0.037716,0.770518
1120.0,1130.0,00:18:40.000,00:18:50.000,0.978095,True,0.951742,-17.171,0.9933,0.050304,0.785274,0.978095,-10.509,0.997775,0.064405,1.291337
1130.0,1140.0,00:18:50.000,00:19:00.000,0.944852,False,0.831888,-21.127,0.994845,0.025896,0.420793,0.944852,-13.443,0.997961,0.047613,0.892015
1140.0,1150.0,00:19:00.000,00:19:10.000,0.963912,True,0.850731,-18.269,0.996272,0.028455,0.695202,0.963912,-9.885,0.99837,0.055142,1.334018
1150.0,1160.0,00:19:10.000,00:19:20.000,0.987216,True,0.8433,-16.685,0.996582,0.02734,0.574133,0.987216,-8.131,0.997742,0.075226,1.32011
1160.0,1170.0,00:19:20.000,00:19:30.000,0.988033,True,0.883754,-19.036,0.991907,0.033762,0.623895,0.988033,-9.709,0.996213,0.076995,1.463783
1170.0,1180.0,00:19:30.000,00:19:40.000,0.964631,True,0.945759,-19.824,0.992294,0.048386,0.426137,0.964631,-9.324,0.997694,0.055505,1.262303
1180.0,1190.0,00:19:40.000,00:19:50.000,0.989529,True,0.989529,-18.314,0.932086,0.113607,0.920334,0.97992,-9.239,0.993022,0.066227,1.836448
1190.0,1200.0,00:19:50.000,00:20:00.000,0.963341,True,0.940915,-18.104,0.993186,0.046645,0.600227,0.963341,-7.478,0.998281,0.054806,1.770892
1200.0,1210.0,00:20:00.000,00:20:10.000,0.960667,True,0.960667,-22.351,0.985986,0.054996,0.374511,0.910733,-10.523,0.998317,0.038667,1.16121
1210.0,1220.0,00:20:10.000,00:20:20.000,0.965432,True,0.888122,-22.609,0.995007,0.03472,0.479294,0.965432,-13.319,0.99766,0.056073,0.75349
1220.0,1230.0,00:20:20.000,00:20:30.000,0.977684,True,0.859831,-21.193,0.994743,0.029941,0.481579,0.977684,-11.923,0.997299,0.064156,1.02169
1230.0,1240.0,00:20:30.000,00:20:40.000,0.965625,True,0.965625,-19.825,0.988821,0.057046,0.585614,0.949686,-12.937,0.996345,0.049281,1.206311
1240.0,1250.0,00:20:40.000,00:20:50.000,0.973812,True,0.973812,-22.483,0.990028,0.063148,0.287827,0.931898,-18.111,0.995772,0.043981,0.610211
1250.0,1260.0,00:20:50.000,00:21:00.000,0.985833,True,0.985833,-26.267,0.962232,0.091065,0.245845,0.974866,-22.384,0.981619,0.064365,0.336929
1260.0,1270.0,00:21:00.000,00:21:10.000,0.969946,True,0.969946,-29.693,0.978012,0.065983,0.171712,0.8,-22.556,0.997846,0.021748,0.326017
1270.0,1280.0,00:21:10.000,00:21:20.000,0.959378,True,0.959378,-25.74,0.97351,0.055729,0.239942,0.931905,-23.522,0.986301,0.04463,0.329716
1280.0,1290.0,00:21:20.000,00:21:30.000,0.902826,False,0.902826,-24.39,0.993258,0.037734,0.252263,0.878109,-20.412,0.996445,0.032824,0.417934
1290.0,1300.0,00:21:30.000,00:21:40.000,0.93494,False,0.93494,-25.567,0.993616,0.045787,0.221553,0.848415,-21.371,0.997529,0.028228,0.365759
1300.0,1310.0,00:21:40.000,00:21:50.000,0.935801,False,0.918566,-25.58,0.993097,0.041402,0.254088,0.935801,-21.06,0.997474,0.045293,0.655663
1310.0,1320.0,00:21:50.000,00:22:00.000,0.954984,True,0.936229,-25.826,0.985318,0.046361,0.301767,0.954984,-22.014,0.99294,0.052171,0.343042
1320.0,1330.0,00:22:00.000,00:22:10.000,0.991671,True,0.991671,-19.368,0.967897,0.10448,0.592628,0.978646,-15.166,0.988687,0.065709,1.038491
1330.0,1340.0,00:22:10.000,00:22:20.000,0.982948,True,0.975051,-16.391,0.990644,0.06269,0.71503,0.982948,-15.021,0.991522,0.070212,0.691955
1340.0,1350.0,00:22:20.000,00:22:30.000,0.971852,True,0.971852,-18.91,0.993324,0.060624,0.431628,0.964939,-15.524,0.996275,0.055988,0.648889
1350.0,1360.0,00:22:30.000,00:22:40.000,0.981711,True,0.981711,-21.46,0.993126,0.070528,0.652046,0.965624,-18.161,0.996179,0.056613,0.459612
1360.0,1370.0,00:22:40.000,00:22:50.000,0.990449,True,0.990449,-21.437,0.990347,0.091065,0.482852,0.989307,-18.148,0.993778,0.082623,0.607012
1370.0,1380.0,00:22:50.000,00:23:00.000,0.981938,True,0.981938,-21.515,0.983107,0.071539,0.420256,0.954019,-17.252,0.992947,0.051204,0.571842
1380.0,1390.0,00:23:00.000,00:23:10.000,0.9312,False,0.9312,-20.992,0.995547,0.04401,0.451948,0.910431,-17.671,0.996934,0.038789,0.632229
1390.0,1400.0,00:23:10.000,00:23:20.000,0.94205,False,0.94205,-20.642,0.991724,0.047245,0.386557,0.891425,-16.753,0.997035,0.03501,0.631047
1400.0,1410.0,00:23:20.000,00:23:30.000,0.940349,False,0.940349,-23.2,0.992769,0.047022,0.403232,0.895591,-18.645,0.99774,0.035846,0.710251
1410.0,1420.0,00:23:30.000,00:23:40.000,0.944091,False,0.944091,-21.973,0.991586,0.048084,0.309605,0.936196,-18.725,0.996044,0.045227,0.452852
1420.0,1430.0,00:23:40.000,00:23:50.000,0.949337,False,0.949337,-23.298,0.989255,0.050221,0.369597,0.920519,-20.258,0.995912,0.041219,0.479149
1430.0,1440.0,00:23:50.000,00:24:00.000,0.983331,True,0.983331,-28.47,0.959035,0.091362,0.218449,0.956374,-24.523,0.985861,0.053511,0.243009
1440.0,1450.0,00:24:00.000,00:24:10.000,0.95406,True,0.95406,-29.913,0.990328,0.054947,0.137886,0.903631,-26.453,0.995376,0.038182,0.231556
1450.0,1460.0,00:24:10.000,00:24:20.000,0.963113,True,0.963113,-32.621,0.982898,0.064644,0.109816,0.906294,-28.672,0.993994,0.039243,0.220476
1460.0,1470.0,00:24:20.000,00:24:30.000,0.977155,True,0.968201,-35.401,0.934527,0.1952,0.193783,0.977155,-33.179,0.960125,0.123084,0.201456
1470.0,1480.0,00:24:30.000,00:24:40.000,0.972269,True,0.972269,-31.136,0.975917,0.071679,0.135868,0.883746,-27.21,0.991914,0.034491,0.21411
1480.0,1490.0,00:24:40.000,00:24:50.000,0.927618,False,0.927618,-28.823,0.983498,0.04472,0.142676,0.883023,-25.217,0.990358,0.034096,0.220496
1490.0,1500.0,00:24:50.000,00:25:00.000,0.922672,False,0.922672,-29.328,0.987086,0.043485,0.181673,0.849096,-24.682,0.993313,0.028571,0.517733
1500.0,1510.0,00:25:00.000,00:25:10.000,0.979024,True,0.971827,-34.847,0.971005,0.103999,0.063528,0.979024,-30.342,0.980484,0.081069,0.15068
1510.0,1520.0,00:25:10.000,00:25:20.000,0.960313,True,0.960313,-28.6,0.983907,0.057493,0.177543,0.940379,-24.915,0.990484,0.047389,0.221811
1520.0,1530.0,00:25:20.000,00:25:30.000,0.985072,True,0.985072,-28.119,0.947325,0.111762,0.208867,0.981942,-24.871,0.97312,0.07519,0.286918
1530.0,1540.0,00:25:30.000,00:25:40.000,0.983293,True,0.983293,-29.718,0.978387,0.093743,0.173649,0.949315,-27.497,0.989583,0.051441,0.1693
1540.0,1550.0,00:25:40.000,00:25:50.000,0.97378,True,0.97378,-25.456,0.977482,0.065244,0.262234,0.949238,-22.341,0.988458,0.050026,0.402249
1550.0,1560.0,00:25:50.000,00:26:00.000,0.966086,True,0.966086,-24.17,0.98358,0.058582,0.299298,0.931181,-19.663,0.992879,0.043925,0.435851
1560.0,1570.0,00:26:00.000,00:26:10.000,0.953447,True,0.953447,-21.585,0.972742,0.051904,0.593362,0.925107,-18.825,0.983702,0.042392,0.568069
1570.0,1580.0,00:26:10.000,00:26:20.000,0.956144,True,0.956144,-22.097,0.992866,0.052685,0.374418,0.924123,-18.054,0.996245,0.041955,0.552386
1580.0,1590.0,00:26:20.000,00:26:30.000,0.98568,True,0.98568,-19.613,0.993812,0.075479,0.380152,0.929371,-16.151,0.997187,0.043193,0.626806
1590.0,1600.0,00:26:30.000,00:26:40.000,0.982922,True,0.982922,-19.847,0.992592,0.071423,0.367593,0.95934,-15.882,0.996734,0.053286,0.628056
1600.0,1610.0,00:26:40.000,00:26:50.000,0.979209,True,0.979209,-18.238,0.992426,0.066619,0.696734,0.950696,-16.553,0.995538,0.049831,0.636042
1610.0,1620.0,00:26:50.000,00:27:00.000,0.986093,True,0.986093,-20.792,0.98983,0.077328,0.392499,0.952534,-16.881,0.995169,0.050553,0.888735
1620.0,1630.0,00:27:00.000,00:27:10.000,0.988164,True,0.988164,-14.925,0.992137,0.078617,0.765949,0.961726,-9.719,0.996581,0.054115,2.044555
1630.0,1640.0,00:27:10.000,00:27:20.000,0.981062,True,0.981062,-19.751,0.991027,0.069134,0.684462,0.956629,-17.046,0.994268,0.052237,0.581046
1640.0,1650.0,00:27:20.000,00:27:30.000,0.99241,True,0.991426,-18.883,0.947259,0.145277,0.768352,0.99241,-16.748,0.970107,0.104407,0.944116
1650.0,1660.0,00:27:30.000,00:27:40.000,0.990936,True,0.990936,-13.319,0.993886,0.085241,0.987819,0.982947,-10.231,0.997131,0.069338,1.254101
1660.0,1670.0,00:27:40.000,00:27:50.000,0.991163,True,0.991163,-13.649,0.988727,0.087065,0.830257,0.983009,-9.04,0.995205,0.069439,1.689689
1670.0,1680.0,00:27:50.000,00:28:00.000,0.993271,True,0.989607,-14.518,0.989387,0.08232,0.803318,0.993271,-11.346,0.993545,0.095033,1.38666
1680.0,1690.0,00:28:00.000,00:28:10.000,0.994063,True,0.991982,-15.595,0.981157,0.093921,0.730002,0.994063,-12.691,0.985157,0.107323,0.968985
1690.0,1700.0,00:28:10.000,00:28:20.000,0.976817,True,0.976817,-11.666,0.995235,0.063489,1.459165,0.97445,-9.021,0.997455,0.06145,1.287286
1700.0,1710.0,00:28:20.000,00:28:30.000,0.979975,True,0.979975,-12.588,0.993583,0.066484,1.022252,0.974594,-10.061,0.996282,0.061635,1.247527
1710.0,1720.0,00:28:30.000,00:28:40.000,0.970827,True,0.970827,-14.099,0.994886,0.059327,0.871015,0.954251,-10.113,0.997405,0.050899,2.294158
1720.0,1730.0,00:28:40.000,00:28:50.000,0.977945,True,0.977945,-19.616,0.993395,0.06569,0.417289,0.924782,-15.299,0.997911,0.041985,0.782761
1730.0,1740.0,00:28:50.000,00:29:00.000,0.993277,True,0.988278,-17.737,0.914539,0.154359,0.943611,0.993277,-15.072,0.962244,0.137251,1.016262
1740.0,1750.0,00:29:00.000,00:29:10.000,0.990452,True,0.910752,-13.92,0.997114,0.038739,0.983594,0.990452,-12.727,0.997009,0.083111,1.105823
1750.0,1760.0,00:29:10.000,00:29:20.000,0.974768,True,0.971215,-14.169,0.994973,0.05958,0.886907,0.974768,-11.684,0.997076,0.061818,1.01331
1760.0,1770.0,00:29:20.000,00:29:30.000,0.991951,True,0.991951,-16.857,0.984951,0.093757,0.690967,0.98063,-14.256,0.990622,0.067481,1.138804
1770.0,1780.0,00:29:30.000,00:29:40.000,0.985861,True,0.985861,-18.005,0.991312,0.075287,0.537962,0.983957,-15.74,0.993906,0.071518,0.776453
1780.0,1790.0,00:29:40.000,00:29:50.000,0.972675,True,0.972675,-21.629,0.992475,0.061881,0.380974,0.906685,-18.609,0.996629,0.038046,0.605422
1790.0,1800.0,00:29:50.000,00:30:00.000,0.971405,True,0.971405,-18.75,0.991985,0.060333,0.496669,0.969457,-16.663,0.995074,0.058691,0.660579
1800.0,1810.0,00:30:00.000,00:30:10.000,0.973716,True,0.973716,-18.621,0.992375,0.06195,0.544995,0.90163,-14.718,0.997373,0.036888,1.039231
1810.0,1820.0,00:30:10.000,00:30:20.000,0.986091,True,0.986091,-20.229,0.989081,0.077023,0.424318,0.967372,-17.217,0.99464,0.057522,0.664849
1820.0,1830.0,00:30:20.000,00:30:30.000,0.989203,True,0.989203,-15.63,0.990939,0.081445,0.934501,0.982119,-14.137,0.994961,0.06888,1.214678
1830.0,1840.0,00:30:30.000,00:30:40.000,0.984088,True,0.984088,-22.104,0.959122,0.078132,0.417459,0.97335,-19.186,0.975577,0.062467,0.513532
1840.0,1850.0,00:30:40.000,00:30:50.000,0.957104,True,0.957104,-22.776,0.996319,0.053175,0.376516,0.875685,-19.235,0.998207,0.032354,0.473565
1850.0,1860.0,00:30:50.000,00:31:00.000,0.935773,False,0.935773,-24.542,0.995281,0.045804,0.350138,0.875579,-21.922,0.997121,0.032481,0.358408
1860.0,1870.0,00:31:00.000,00:31:10.000,0.990943,True,0.990943,-21.374,0.95726,0.116464,0.345813,0.979454,-17.372,0.984893,0.067067,0.786535
1870.0,1880.0,00:31:10.000,00:31:20.000,0.980319,True,0.980319,-18.402,0.991841,0.067846,0.503368,0.952788,-16.374,0.995794,0.050607,0.505186
1880.0,1890.0,00:31:20.000,00:31:30.000,0.9887,True,0.9887,-22.544,0.990919,0.085785,0.375285,0.968175,-19.198,0.995548,0.058235,0.473011
1890.0,1900.0,00:31:30.000,00:31:40.000,0.938323,False,0.938323,-21.67,0.994832,0.046147,0.354683,0.919278,-18.399,0.99747,0.040795,0.516184
1900.0,1910.0,00:31:40.000,00:31:50.000,0.951859,True,0.916615,-21.947,0.744335,0.210378,1.052863,0.951859,-19.717,0.791813,0.20102,1.108363
1910.0,1920.0,00:31:50.000,00:32:00.000,0.986018,True,0.986018,-21.556,0.988163,0.077933,0.379114,0.926088,-17.384,0.995517,0.042421,0.510469
1920.0,1930.0,00:32:00.000,00:32:10.000,0.97762,True,0.97762,-20.953,0.989133,0.065994,0.559703,0.946276,-18.044,0.99498,0.048368,0.63252
1930.0,1940.0,00:32:10.000,00:32:20.000,0.93813,False,0.93813,-21.448,0.994494,0.046067,0.375465,0.921059,-18.54,0.996715,0.041232,0.549479
1940.0,1950.0,00:32:20.000,00:32:30.000,0.944343,False,0.943118,-19.963,0.986393,0.047608,0.397721,0.944343,-16.332,0.995612,0.047602,0.685366
1950.0,1960.0,00:32:30.000,00:32:40.000,0.969419,True,0.969419,-21.366,0.99255,0.059537,0.415254,0.900712,-18.505,0.996762,0.036835,0.476686
1960.0,1970.0,00:32:40.000,00:32:50.000,0.938652,False,0.938652,-25.304,0.990079,0.046926,0.247927,0.914032,-22.633,0.994966,0.039928,0.359244
1970.0,1980.0,00:32:50.000,00:33:00.000,0.947882,False,0.947882,-22.209,0.988541,0.049501,0.47437,0.941629,-18.169,0.996625,0.046825,0.657151
1980.0,1990.0,00:33:00.000,00:33:10.000,0.97415,True,0.806478,-16.638,0.997389,0.022389,0.679651,0.97415,-12.261,0.998034,0.061367,1.374154
1990.0,2000.0,00:33:10.000,00:33:20.000,0.877806,False,0.831099,-17.086,0.997034,0.025648,0.554188,0.877806,-9.277,0.998995,0.032504,1.335186
2000.0,2010.0,00:33:20.000,00:33:30.000,0.945473,False,0.945473,-21.451,0.996733,0.048405,0.574265,0.906278,-18.758,0.997698,0.037959,0.528018
2010.0,2020.0,00:33:30.000,00:33:40.000,0.938407,False,0.938407,-25.35,0.995279,0.046782,0.377371,0.902252,-21.547,0.99762,0.037309,0.457813
2020.0,2030.0,00:33:40.000,00:33:50.000,0.977852,True,0.977852,-28.704,0.982324,0.073675,0.162857,0.945902,-25.231,0.989825,0.049374,0.272554
2030.0,2040.0,00:33:50.000,00:34:00.000,0.975922,True,0.975922,-31.222,0.980328,0.077676,0.116175,0.9559,-28.958,0.983904,0.055347,0.128002
2040.0,2050.0,00:34:00.000,00:34:10.000,0.928793,False,0.928793,-27.952,0.993566,0.044626,0.25764,0.860221,-24.056,0.996613,0.030176,0.325078
2050.0,2060.0,00:34:10.000,00:34:20.000,0.919558,False,0.65592,-30.805,0.604292,0.185228,0.537711,0.919558,-28.176,0.753369,0.113,0.512247
2060.0,2070.0,00:34:20.000,00:34:30.000,0.962191,True,0.929766,-33.807,0.782409,0.109999,0.087658,0.962191,-27.979,0.893094,0.064651,0.209428
2070.0,2080.0,00:34:30.000,00:34:40.000,0.972742,True,0.972742,-30.853,0.978748,0.071369,0.149365,0.91497,-25.965,0.992099,0.040628,0.178804
2080.0,2090.0,00:34:40.000,00:34:50.000,0.991225,True,0.986953,-25.563,0.932807,0.161973,0.501369,0.991225,-22.129,0.958412,0.150441,0.468939
2090.0,2100.0,00:34:50.000,00:35:00.000,0.977167,True,0.977167,-25.409,0.990712,0.067895,0.343072,0.939896,-20.989,0.995712,0.046542,0.479466
2100.0,2110.0,00:35:00.000,00:35:10.000,0.977876,True,0.951889,-25.913,0.797694,0.186052,0.628234,0.977876,-22.615,0.864604,0.15877,0.684855
2110.0,2120.0,00:35:10.000,00:35:20.000,0.978629,True,0.970172,-27.572,0.849421,0.132928,0.738221,0.978629,-25.861,0.881185,0.112068,0.898308
2120.0,2130.0,00:35:20.000,00:35:30.000,0.954601,True,0.954601,-28.356,0.984067,0.054324,0.176441,0.913604,-24.301,0.99229,0.040053,0.225013
2130.0,2140.0,00:35:30.000,00:35:40.000,0.959835,True,0.959835,-23.223,0.99458,0.054589,0.58391,0.904921,-20.28,0.997223,0.037768,0.561993
2140.0,2150.0,00:35:40.000,00:35:50.000,0.938976,False,0.938976,-24.101,0.994927,0.046711,0.323046,0.899441,-21.348,0.996996,0.036742,0.436963
2150.0,2160.0,00:35:50.000,00:36:00.000,0.926176,False,0.926176,-24.019,0.989696,0.043101,0.344972,0.884492,-21.498,0.995425,0.033991,0.586451
2160.0,2170.0,00:36:00.000,00:36:10.000,0.934135,False,0.934135,-18.801,0.994745,0.044659,0.533726,0.910919,-14.809,0.997897,0.03879,0.749852
2170.0,2180.0,00:36:10.000,00:36:20.000,0.929206,False,0.896781,-19.99,0.993043,0.036176,0.479178,0.929206,-13.691,0.997881,0.04306,0.791016
2180.0,2190.0,00:36:20.000,00:36:30.000,0.989272,True,0.983216,-20.256,0.90801,0.088842,0.746221,0.989272,-14.284,0.979933,0.082723,0.917586
2190.0,2200.0,00:36:30.000,00:36:40.000,0.955433,True,0.955433,-23.009,0.984627,0.052736,0.41836,0.94642,-15.811,0.997184,0.048245,0.613679
2200.0,2210.0,00:36:40.000,00:36:50.000,0.964269,True,0.964269,-24.968,0.993455,0.057514,0.248134,0.894021,-22.604,0.997541,0.03579,0.313389
2210.0,2220.0,00:36:50.000,00:37:00.000,0.979802,True,0.979802,-30.415,0.931655,0.104419,0.125834,0.977584,-26.212,0.962686,0.071182,0.237953
2220.0,2230.0,00:37:00.000,00:37:10.000,0.948328,False,0.948328,-29.042,0.979846,0.051995,0.315435,0.943632,-27.108,0.987318,0.049162,0.334657
2230.0,2240.0,00:37:10.000,00:37:20.000,0.95837,True,0.95837,-27.417,0.984338,0.055677,0.224924,0.911736,-24.549,0.991161,0.039678,0.208201
2240.0,2250.0,00:37:20.000,00:37:30.000,0.973675,True,0.968754,-32.43,0.880543,0.109085,0.164491,0.973675,-30.81,0.918251,0.083056,0.192225
2250.0,2260.0,00:37:30.000,00:37:40.000,0.959435,True,0.935675,-39.253,0.856077,0.243545,0.075861,0.959435,-36.153,0.89036,0.188041,0.085326
2260.0,2270.0,00:37:40.000,00:37:50.000,0.969271,True,0.96698,-35.818,0.941852,0.127105,0.13622,0.969271,-34.203,0.965838,0.081686,0.107429
2270.0,2280.0,00:37:50.000,00:38:00.000,0.964811,True,0.964811,-35.749,0.916338,0.157849,0.085892,0.959945,-35.194,0.872905,0.230159,0.098661
2280.0,2290.0,00:38:00.000,00:38:10.000,0.947499,False,0.831919,-34.066,0.687704,0.153461,0.099497,0.947499,-32.56,0.81274,0.098173,0.132212
2290.0,2300.0,00:38:10.000,00:38:20.000,0.968115,True,0.965227,-36.59,0.965029,0.118107,0.077963,0.968115,-32.189,0.985477,0.068545,0.11285
2300.0,2310.0,00:38:20.000,00:38:30.000,0.299286,False,0.192222,-38.609,0.439184,0.308632,0.109322,0.299286,-37.476,0.485832,0.260771,0.120735
2310.0,2320.0,00:38:30.000,00:38:40.000,0.95462,True,0.930179,-38.3,0.819639,0.257629,0.1182,0.95462,-36.728,0.877882,0.173323,0.130392
2320.0,2330.0,00:38:40.000,00:38:50.000,0.971697,True,0.967651,-36.081,0.962089,0.140113,0.0886,0.971697,-33.598,0.97933,0.08111,0.098505
2330.0,2340.0,00:38:50.000,00:39:00.000,0.982639,True,0.977751,-32.193,0.936768,0.127652,0.089041,0.982639,-29.919,0.961897,0.098687,0.138353
2340.0,2350.0,00:39:00.000,00:39:10.000,0.967724,True,0.967724,-26.096,0.970537,0.061085,0.291813,0.950501,-23.885,0.985071,0.050876,0.310119
2350.0,2360.0,00:39:10.000,00:39:20.000,0.983061,True,0.983061,-26.008,0.981313,0.078059,0.245422,0.970159,-22.384,0.988698,0.060442,0.331434
2360.0,2370.0,00:39:20.000,00:39:30.000,0.981078,True,0.981078,-23.716,0.982116,0.07189,0.327438,0.948659,-19.892,0.994558,0.049378,0.549178
2370.0,2380.0,00:39:30.000,00:39:40.000,0.968763,True,0.968763,-24.841,0.989779,0.060394,0.349592,0.930367,-21.583,0.995714,0.04384,0.371048
2380.0,2390.0,00:39:40.000,00:39:50.000,0.984581,True,0.984581,-21.865,0.97552,0.076727,0.400026,0.947744,-18.468,0.990297,0.048988,0.52635
2390.0,2400.0,00:39:50.000,00:40:00.000,0.974172,True,0.974172,-21.969,0.992359,0.063161,0.471298,0.942771,-18.674,0.996416,0.047229,0.445987
2400.0,2410.0,00:40:00.000,00:40:10.000,0.942519,False,0.942519,-20.065,0.991707,0.047338,0.754686,0.93303,-17.625,0.996068,0.044261,0.643887
2410.0,2420.0,00:40:10.000,00:40:20.000,0.985022,True,0.985022,-18.121,0.989107,0.074111,1.061844,0.95392,-15.823,0.994921,0.051032,1.077458
2420.0,2430.0,00:40:20.000,00:40:30.000,0.898564,False,0.898564,-23.099,0.994666,0.036731,0.341082,0.852758,-20.574,0.997592,0.028829,0.486292
2430.0,2440.0,00:40:30.000,00:40:40.000,0.922645,False,0.922645,-23.362,0.99412,0.042058,0.415108,0.820328,-20.737,0.997432,0.024306,0.559581
2440.0,2450.0,00:40:40.000,00:40:50.000,0.868372,False,0.86143,-14.88,0.996069,0.029979,1.282161,0.868372,-11.347,0.998724,0.030995,1.636225
2450.0,2460.0,00:40:50.000,00:41:00.000,0.982878,True,0.982878,-15.799,0.991392,0.070274,0.944298,0.965293,-13.512,0.995006,0.056074,1.270662
2460.0,2470.0,00:41:00.000,00:41:10.000,0.993781,True,0.975302,-9.951,0.995415,0.06219,1.321219,0.993781,-7.817,0.996104,0.096281,1.810866
2470.0,2480.0,00:41:10.000,00:41:20.000,0.985863,True,0.985863,-13.276,0.991326,0.074065,1.071605,0.982589,-9.679,0.995381,0.068974,1.250639
2480.0,2490.0,00:41:20.000,00:41:30.000,0.991882,True,0.983707,-9.418,0.993437,0.070429,1.153484,0.991882,-6.844,0.995332,0.086877,2.272666
2490.0,2500.0,00:41:30.000,00:41:40.000,0.993838,True,0.988761,-7.446,0.994468,0.078422,1.904229,0.993838,-4.792,0.996704,0.095814,2.167582
2500.0,2510.0,00:41:40.000,00:41:50.000,0.990911,True,0.990911,-8.751,0.988732,0.084914,1.748824,0.98768,-6.858,0.992275,0.076436,2.012512
2510.0,2520.0,00:41:50.000,00:42:00.000,0.988601,True,0.988601,-10.453,0.992917,0.078563,1.543431,0.986073,-8.689,0.995819,0.07354,1.709432
2520.0,2530.0,00:42:00.000,00:42:10.000,0.98468,True,0.98468,-11.076,0.994233,0.071808,1.623592,0.983727,-10.002,0.996179,0.070332,1.207102
2530.0,2540.0,00:42:10.000,00:42:20.000,0.992389,True,0.992389,-11.525,0.991335,0.090862,0.998465,0.990312,-9.158,0.994851,0.082294,1.444307
2540.0,2550.0,00:42:20.000,00:42:30.000,0.990484,True,0.963764,-10.571,0.996472,0.055131,1.719489,0.990484,-9.6,0.99667,0.082598,1.608795
2550.0,2560.0,00:42:30.000,00:42:40.000,0.96978,True,0.965601,-16.469,0.994254,0.056469,0.656851,0.96978,-13.862,0.996923,0.058596,0.872863
2560.0,2570.0,00:42:40.000,00:42:50.000,0.993846,True,0.989354,-10.538,0.993921,0.080168,1.772305,0.993846,-7.931,0.995992,0.096803,2.295844
2570.0,2580.0,00:42:50.000,00:43:00.000,0.991084,True,0.984705,-10.261,0.993578,0.071812,1.20694,0.991084,-8.594,0.995596,0.084368,1.667729
2580.0,2590.0,00:43:00.000,00:43:10.000,0.983388,True,0.972236,-13.244,0.994729,0.060198,0.848653,0.983388,-11.627,0.996424,0.07003,1.133472
2590.0,2600.0,00:43:10.000,00:43:20.000,0.983641,True,0.983641,-16.4,0.99253,0.071325,0.635628,0.945709,-14.29,0.996906,0.047942,0.794035
2600.0,2610.0,00:43:20.000,00:43:30.000,0.968558,True,0.968558,-16.508,0.994587,0.058143,0.734208,0.953834,-15.427,0.997353,0.050932,0.89287
2610.0,2620.0,00:43:30.000,00:43:40.000,0.990729,True,0.990729,-20.238,0.990113,0.090398,0.652368,0.922598,-16.945,0.996488,0.041527,1.292941
2620.0,2630.0,00:43:40.000,00:43:50.000,0.967578,True,0.967578,-25.366,0.986268,0.059965,0.246019,0.941939,-21.743,0.995434,0.047283,0.389763
2630.0,2640.0,00:43:50.000,00:44:00.000,0.968637,True,0.896351,-22.997,0.725032,0.249746,0.708104,0.968637,-21.197,0.830574,0.184496,0.705202
2640.0,2650.0,00:44:00.000,00:44:10.000,0.96516,True,0.96516,-27.179,0.988822,0.059322,0.199546,0.911216,-23.507,0.995526,0.03939,0.233239
2650.0,2660.0,00:44:10.000,00:44:20.000,0.977673,True,0.977523,-27.406,0.881375,0.119405,0.305519,0.977673,-25.169,0.943651,0.072241,0.314079
2660.0,2670.0,00:44:20.000,00:44:30.000,0.865622,False,0.836006,-27.309,0.992115,0.026962,0.222966,0.865622,-21.852,0.99676,0.030865,0.360221
2670.0,2680.0,00:44:30.000,00:44:40.000,0.957514,True,0.806762,-22.292,0.994365,0.022616,0.399082,0.957514,-15.474,0.997758,0.052438,0.824343
2680.0,2690.0,00:44:40.000,00:44:50.000,0.934455,False,0.934455,-25.241,0.982978,0.045726,0.275164,0.925927,-18.404,0.996605,0.042421,0.522032
2690.0,2700.0,00:44:50.000,00:45:00.000,0.90569,False,0.835755,-24.513,0.991767,0.026649,0.333994,0.90569,-18.55,0.997777,0.037828,0.415283
2700.0,2710.0,00:45:00.000,00:45:10.000,0.891374,False,0.838443,-21.3,0.99479,0.026814,0.370134,0.891374,-16.143,0.99761,0.034979,0.685464
2710.0,2720.0,00:45:10.000,00:45:20.000,0.929996,False,0.909938,-20.583,0.994869,0.038859,0.622183,0.929996,-18.328,0.996666,0.043471,0.595328
2720.0,2730.0,00:45:20.000,00:45:30.000,0.954325,True,0.954325,-22.288,0.992849,0.051946,0.361986,0.928402,-19.511,0.996544,0.043129,0.514063
2730.0,2740.0,00:45:30.000,00:45:40.000,0.993763,True,0.991782,-21.06,0.959943,0.152182,0.455857,0.993763,-17.852,0.976997,0.138684,0.696879
2740.0,2750.0,00:45:40.000,00:45:50.000,0.993706,True,0.990247,-12.378,0.989514,0.083478,1.334598,0.993706,-9.073,0.992772,0.097284,1.719915
2750.0,2760.0,00:45:50.000,00:46:00.000,0.982931,True,0.977885,-11.686,0.992822,0.064497,1.053976,0.982931,-9.681,0.994769,0.069411,1.606233
2760.0,2770.0,00:46:00.000,00:46:10.000,0.994118,True,0.994118,-10.829,0.989939,0.10308,1.441057,0.990065,-7.598,0.995961,0.081315,2.869593
2770.0,2780.0,00:46:10.000,00:46:20.000,0.994723,True,0.994037,-7.026,0.992591,0.099256,1.880059,0.994723,-4.315,0.99588,0.103553,3.113732
2780.0,2790.0,00:46:20.000,00:46:30.000,0.995085,True,0.995085,-8.007,0.987555,0.119721,1.80435,0.991424,-5.1,0.994913,0.085164,2.381971
2790.0,2800.0,00:46:30.000,00:46:40.000,0.988782,True,0.987421,-9.211,0.991222,0.076239,1.896581,0.988782,-6.029,0.994029,0.078409,3.229007
2800.0,2810.0,00:46:40.000,00:46:50.000,0.993786,True,0.993786,-11.507,0.981623,0.104918,1.202613,0.990995,-8.94,0.990804,0.084878,1.624548
2810.0,2820.0,00:46:50.000,00:47:00.000,0.977243,True,0.977243,-11.61,0.994908,0.063854,1.367395,0.971545,-9.709,0.997253,0.059489,1.315517
2820.0,2830.0,00:47:00.000,00:47:10.000,0.989517,True,0.97955,-12.978,0.991872,0.066183,1.488597,0.989517,-9.818,0.996126,0.080203,1.750207
2830.0,2840.0,00:47:10.000,00:47:20.000,0.951748,True,0.899239,-16.701,0.996538,0.036482,0.684051,0.951748,-12.894,0.997986,0.050009,1.067214
2840.0,2850.0,00:47:20.000,00:47:30.000,0.922686,False,0.922686,-24.777,0.993347,0.04228,0.29625,0.879826,-21.601,0.995929,0.033185,0.504565
2850.0,2860.0,00:47:30.000,00:47:40.000,0.966843,True,0.966843,-24.699,0.981938,0.059325,0.289356,0.941687,-20.87,0.989253,0.047191,0.453403
2860.0,2870.0,00:47:40.000,00:47:50.000,0.977124,True,0.977124,-24.429,0.993409,0.066986,0.24905,0.877987,-20.118,0.998121,0.032778,0.466109
2870.0,2880.0,00:47:50.000,00:48:00.000,0.988442,True,0.988442,-22.516,0.988569,0.085268,0.568214,0.964534,-20.619,0.994146,0.056443,0.461157
2880.0,2890.0,00:48:00.000,00:48:10.000,0.976359,True,0.976359,-29.485,0.970022,0.074184,0.198051,0.958946,-27.413,0.980122,0.056096,0.201179
2890.0,2900.0,00:48:10.000,00:48:20.000,0.983704,True,0.983704,-27.696,0.98583,0.083033,0.152198,0.936555,-23.253,0.995284,0.04582,0.295835
2900.0,2910.0,00:48:20.000,00:48:30.000,0.886452,False,0.88507,-16.954,0.99824,0.033872,0.602673,0.886452,-20.116,0.996349,0.034253,0.709252
2910.0,2920.0,00:48:30.000,00:48:40.000,0.926896,False,0.919624,-13.452,0.998582,0.04069,0.954293,0.926896,-18.028,0.996913,0.042643,0.554062
2920.0,2930.0,00:48:40.000,00:48:50.000,0.85746,False,0.85746,-15.515,0.998417,0.029374,0.981899,0.815788,-17.588,0.99819,0.02361,0.680299
2930.0,2940.0,00:48:50.000,00:49:00.000,0.888497,False,0.888497,-16.925,0.998392,0.034476,0.570723,0.870305,-18.651,0.99747,0.031459,0.542994
2940.0,2950.0,00:49:00.000,00:49:10.000,0.958614,True,0.958614,-13.779,0.998079,0.052817,0.87984,0.947761,-15.068,0.997598,0.048664,1.074345
2950.0,2960.0,00:49:10.000,00:49:20.000,0.991572,True,0.991572,-20.01,0.959182,0.116606,0.621874,0.965204,-15.745,0.987417,0.056372,0.945939
2960.0,2970.0,00:49:20.000,00:49:30.000,0.915406,False,0.915406,-22.579,0.995689,0.040228,0.326258,0.876502,-17.268,0.99822,0.032421,0.688024
2970.0,2980.0,00:49:30.000,00:49:40.000,0.969949,True,0.969949,-26.39,0.987489,0.062209,0.193107,0.942674,-22.085,0.993701,0.047595,0.451548
2980.0,2990.0,00:49:40.000,00:49:50.000,0.94738,False,0.94738,-23.249,0.984451,0.049572,0.293593,0.889833,-20.18,0.993112,0.034889,0.330588
2990.0,3000.0,00:49:50.000,00:50:00.000,0.965892,True,0.965892,-21.046,0.995237,0.057249,0.412294,0.899939,-17.589,0.99798,0.036637,0.725848
3000.0,3010.0,00:50:00.000,00:50:10.000,0.990302,True,0.990302,-19.961,0.991538,0.087882,0.518827,0.970995,-15.705,0.995655,0.059549,0.738872
3010.0,3020.0,00:50:10.000,00:50:20.000,0.990706,True,0.990706,-17.31,0.992019,0.086791,0.821259,0.987175,-12.879,0.995243,0.075913,1.573519
3020.0,3030.0,00:50:20.000,00:50:30.000,0.985354,True,0.985354,-18.421,0.987404,0.07492,0.571454,0.979674,-14.816,0.993475,0.066432,0.81913
3030.0,3040.0,00:50:30.000,00:50:40.000,0.931875,False,0.931875,-24.014,0.993451,0.044602,0.324513,0.804323,-19.007,0.998441,0.022163,0.528692
3040.0,3050.0,00:50:40.000,00:50:50.000,0.981466,True,0.949795,-14.006,0.994132,0.049395,0.940042,0.981466,-9.317,0.996744,0.067632,1.557599
3050.0,3060.0,00:50:50.000,00:51:00.000,0.961445,True,0.926811,-20.345,0.99226,0.042828,0.498369,0.961445,-11.748,0.997871,0.054018,1.078058
3060.0,3070.0,00:51:00.000,00:51:10.000,0.966612,True,0.867451,-20.464,0.991579,0.031116,0.555883,0.966612,-10.357,0.997475,0.056584,1.889332
3070.0,3080.0,00:51:10.000,00:51:20.000,0.927988,False,0.927988,-24.71,0.988641,0.043708,0.376297,0.905836,-16.498,0.99757,0.03778,0.855979
3080.0,3090.0,00:51:20.000,00:51:30.000,0.952823,True,0.952823,-26.846,0.989304,0.052655,0.211819,0.943152,-23.036,0.994344,0.047888,0.373266
3090.0,3100.0,00:51:30.000,00:51:40.000,0.952611,True,0.952611,-24.668,0.982582,0.05198,0.32388,0.906186,-20.972,0.99303,0.038111,0.540167
3100.0,3110.0,00:51:40.000,00:51:50.000,0.94047,False,0.94047,-20.353,0.993257,0.04669,0.524559,0.919509,-16.494,0.997481,0.040764,0.781267
3110.0,3120.0,00:51:50.000,00:52:00.000,0.976565,True,0.976565,-32.424,0.98407,0.085685,0.119754,0.967132,-28.385,0.989889,0.061565,0.17703
3120.0,3130.0,00:52:00.000,00:52:10.000,0.962918,True,0.962918,-33.83,0.988323,0.067348,0.130123,0.918316,-29.019,0.995178,0.042151,0.196567
3130.0,3140.0,00:52:10.000,00:52:20.000,0.969088,True,0.969088,-24.851,0.969267,0.061447,0.262658,0.906814,-21.331,0.987322,0.038323,0.41592
3140.0,3150.0,00:52:20.000,00:52:30.000,0.978733,True,0.978733,-27.127,0.980775,0.072397,0.213318,0.940882,-23.286,0.990733,0.047238,0.30703
3150.0,3160.0,00:52:30.000,00:52:40.000,0.950482,True,0.950482,-28.868,0.990315,0.05259,0.17893,0.887378,-25.894,0.994836,0.03493,0.22132
3160.0,3170.0,00:52:40.000,00:52:50.000,0.989551,True,0.989551,-26.109,0.977989,0.117838,0.230425,0.980632,-22.483,0.991379,0.069832,0.359235
3170.0,3180.0,00:52:50.000,00:53:00.000,0.895221,False,0.889527,-23.57,0.991672,0.035085,0.310718,0.895221,-18.701,0.996607,0.035788,0.851673
3180.0,3190.0,00:53:00.000,00:53:10.000,0.901217,False,0.901217,-24.966,0.992581,0.037485,0.270761,0.896049,-20.588,0.996362,0.036043,0.533264
3190.0,3200.0,00:53:10.000,00:53:20.000,0.90042,False,0.760381,-20.211,0.997533,0.016767,0.435823,0.90042,-13.747,0.998756,0.036619,0.9317
3200.0,3210.0,00:53:20.000,00:53:30.000,0.964951,True,0.901727,-17.871,0.996231,0.037013,0.71814,0.964951,-9.706,0.99852,0.05566,1.851146
3210.0,3220.0,00:53:30.000,00:53:40.000,0.950464,True,0.85737,-18.594,0.994576,0.029462,0.544637,0.950464,-14.048,0.997071,0.049593,1.009651
3220.0,3230.0,00:53:40.000,00:53:50.000,0.982947,True,0.921806,-18.423,0.993063,0.041443,0.485491,0.982947,-10.729,0.997279,0.069367,1.329297
3230.0,3240.0,00:53:50.000,00:54:00.000,0.860224,False,0.843432,-21.286,0.995236,0.027518,0.386072,0.860224,-14.83,0.998326,0.029781,1.017023
3240.0,3250.0,00:54:00.000,00:54:10.000,0.929792,False,0.929792,-25.132,0.987914,0.044288,0.433215,0.904395,-17.544,0.99692,0.037529,0.632224
3250.0,3260.0,00:54:10.000,00:54:20.000,0.885148,False,0.87454,-26.27,0.995416,0.032724,0.194115,0.885148,-22.021,0.997566,0.034126,0.296289
3260.0,3270.0,00:54:20.000,00:54:30.000,0.963105,True,0.963105,-25.61,0.994203,0.057098,0.25972,0.921815,-22.311,0.997254,0.041698,0.348991
3270.0,3280.0,00:54:30.000,00:54:40.000,0.98743,True,0.98743,-19.727,0.993229,0.079052,0.425301,0.959292,-15.988,0.997236,0.053261,0.705083
3280.0,3290.0,00:54:40.000,00:54:50.000,0.976437,True,0.976437,-17.492,0.990284,0.064006,0.728181,0.929416,-14.128,0.995759,0.043151,0.797738
3290.0,3300.0,00:54:50.000,00:55:00.000,0.979556,True,0.979556,-18.511,0.993123,0.067003,0.544072,0.926696,-14.379,0.997742,0.042436,0.769297
3300.0,3310.0,00:55:00.000,00:55:10.000,0.985701,True,0.985701,-17.435,0.990656,0.07486,0.633666,0.926116,-14.201,0.997429,0.042289,0.813321
3310.0,3320.0,00:55:10.000,00:55:20.000,0.950299,True,0.950299,-19.817,0.994403,0.049975,0.470374,0.939847,-17.32,0.99689,0.046214,0.667865
3320.0,3330.0,00:55:20.000,00:55:30.000,0.992499,True,0.991598,-21.174,0.958585,0.143594,0.355352,0.992499,-17.837,0.980978,0.100767,0.67385
3330.0,3340.0,00:55:30.000,00:55:40.000,0.957581,True,0.957581,-23.353,0.994055,0.053569,0.431207,0.891565,-19.707,0.996346,0.035156,0.362619
3340.0,3350.0,00:55:40.000,00:55:50.000,0.987703,True,0.987703,-21.277,0.993743,0.080877,0.38005,0.985556,-17.614,0.995753,0.074272,0.62558
3350.0,3360.0,00:55:50.000,00:56:00.000,0.980155,True,0.980155,-16.059,0.994154,0.067068,0.592155,0.951843,-13.103,0.997484,0.05006,1.007516
3360.0,3370.0,00:56:00.000,00:56:10.000,0.934626,False,0.934626,-15.652,0.995539,0.04462,0.84482,0.925663,-12.726,0.997234,0.042141,1.774936
3370.0,3380.0,00:56:10.000,00:56:20.000,0.98703,True,0.98703,-18.09,0.991801,0.077457,0.787616,0.950679,-14.957,0.996682,0.049718,0.977515
3380.0,3390.0,00:56:20.000,00:56:30.000,0.982279,True,0.982279,-13.391,0.993887,0.069029,0.904326,0.929127,-9.095,0.997823,0.042954,2.304265
3390.0,3400.0,00:56:30.000,00:56:40.000,0.988271,True,0.988271,-11.69,0.989937,0.078361,1.196418,0.984895,-8.788,0.995175,0.07186,1.876868
3400.0,3410.0,00:56:40.000,00:56:50.000,0.983659,True,0.983659,-16.142,0.987603,0.071626,0.665171,0.962643,-12.684,0.993899,0.054715,1.72568
3410.0,3420.0,00:56:50.000,00:57:00.000,0.984758,True,0.984758,-18.117,0.987439,0.073824,0.643251,0.942831,-14.874,0.994373,0.047062,0.758942
3420.0,3430.0,00:57:00.000,00:57:10.000,0.93972,False,0.920384,-14.815,0.996074,0.040928,1.526934,0.93972,-13.661,0.997826,0.046005,1.444235
3430.0,3440.0,00:57:10.000,00:57:20.000,0.961103,True,0.961103,-20.528,0.992852,0.054697,0.730751,0.942957,-16.912,0.996234,0.047174,0.811484
3440.0,3450.0,00:57:20.000,00:57:30.000,0.968492,True,0.968492,-16.51,0.994708,0.058101,0.648842,0.912361,-13.414,0.997727,0.039068,0.948771
3450.0,3460.0,00:57:30.000,00:57:40.000,0.947286,False,0.944755,-16.885,0.994744,0.047782,0.608583,0.947286,-14.8,0.997007,0.048497,0.7961
3460.0,3470.0,00:57:40.000,00:57:50.000,0.990366,True,0.990366,-21.136,0.974687,0.094728,0.432362,0.967531,-17.876,0.992412,0.057753,0.717905
3470.0,3480.0,00:57:50.000,00:58:00.000,0.956654,True,0.956654,-21.484,0.99203,0.052816,0.460788,0.893598,-18.346,0.996853,0.035467,0.561505
3480.0,3490.0,00:58:00.000,00:58:10.000,0.941323,False,0.941323,-21.874,0.994851,0.04711,0.3537,0.891063,-18.977,0.997817,0.035019,0.44794
3490.0,3500.0,00:58:10.000,00:58:20.000,0.988754,True,0.988754,-22.575,0.990672,0.086065,0.327545,0.926485,-18.771,0.996215,0.042589,0.546222
3500.0,3510.0,00:58:20.000,00:58:30.000,0.978777,True,0.978777,-22.435,0.989036,0.067803,0.281832,0.935688,-18.994,0.99604,0.045099,0.55059
3510.0,3520.0,00:58:30.000,00:58:40.000,0.957855,True,0.943141,-20.485,0.99271,0.047569,0.367955,0.957855,-17.428,0.995443,0.052773,0.592561
3520.0,3530.0,00:58:40.000,00:58:50.000,0.956068,True,0.956068,-22.246,0.992566,0.052687,0.346925,0.912913,-19.074,0.997191,0.039391,0.560531
3530.0,3540.0,00:58:50.000,00:59:00.000,0.987434,True,0.987434,-24.764,0.983297,0.087262,0.280838,0.95249,-20.007,0.992413,0.050872,0.598748
3540.0,3550.0,00:59:00.000,00:59:10.000,0.953233,True,0.953233,-31.295,0.987602,0.05582,0.119576,0.877042,-28.363,0.993547,0.0335,0.158312
3550.0,3560.0,00:59:10.000,00:59:20.000,0.955312,True,0.955312,-30.168,0.984552,0.055946,0.171687,0.931499,-25.642,0.993057,0.044804,0.279441
3560.0,3570.0,00:59:20.000,00:59:30.000,0.954571,True,0.954571,-28.379,0.977706,0.05449,0.187396,0.919201,-23.668,0.989081,0.041311,0.473077
3570.0,3580.0,00:59:30.000,00:59:40.000,0.98403,True,0.98403,-27.902,0.984296,0.085003,0.22225,0.976688,-25.081,0.987786,0.067281,0.316736
3580.0,3590.0,00:59:40.000,00:59:50.000,0.989258,True,0.983012,-25.621,0.901416,0.178594,0.472604,0.989258,-23.284,0.942022,0.142187,0.448233
3590.0,3600.0,00:59:50.000,01:00:00.000,0.968788,True,0.968788,-22.553,0.975842,0.060038,0.545085,0.914666,-18.145,0.987511,0.03983,0.618111
3600.0,3610.0,01:00:00.000,01:00:10.000,0.985544,True,0.979606,-21.248,0.963496,0.069938,0.44052,0.985544,-18.117,0.974424,0.076435,0.510817
3610.0,3620.0,01:00:10.000,01:00:20.000,0.974438,True,0.974438,-23.984,0.989753,0.064351,0.360626,0.916274,-20.029,0.995954,0.040212,0.441424
3620.0,3630.0,01:00:20.000,01:00:30.000,0.961137,True,0.961137,-21.674,0.994579,0.05488,0.362136,0.903151,-18.837,0.997246,0.037331,0.511489
3630.0,3640.0,01:00:30.000,01:00:40.000,0.971058,True,0.971058,-26.843,0.991993,0.06324,0.199259,0.944734,-22.846,0.994475,0.04839,0.302344
3640.0,3650.0,01:00:40.000,01:00:50.000,0.963031,True,0.963031,-18.767,0.995414,0.055345,0.59527,0.93792,-15.708,0.997753,0.045544,1.074509
3650.0,3660.0,01:00:50.000,01:01:00.000,0.989542,True,0.989542,-23.53,0.994686,0.090466,0.385546,0.982834,-19.371,0.997458,0.070816,0.543616
3660.0,3670.0,01:01:00.000,01:01:10.000,0.981369,True,0.981369,-18.2,0.99079,0.069031,0.485978,0.969625,-15.015,0.993296,0.05869,0.878693
3670.0,3680.0,01:01:10.000,01:01:20.000,0.987419,True,0.987419,-19.32,0.977259,0.080752,0.553398,0.954695,-15.685,0.990622,0.051414,0.694639
3680.0,3690.0,01:01:20.000,01:01:30.000,0.956155,True,0.956155,-23.719,0.994413,0.053009,0.256982,0.907453,-19.229,0.997694,0.038227,0.456677
3690.0,3700.0,01:01:30.000,01:01:40.000,0.988682,True,0.988682,-24.88,0.98446,0.09305,0.220169,0.974138,-21.506,0.991043,0.063032,0.389151
3700.0,3710.0,01:01:40.000,01:01:50.000,0.966466,True,0.966466,-24.769,0.97541,0.059351,0.249159,0.939701,-20.171,0.987414,0.046519,0.429906
3710.0,3720.0,01:01:50.000,01:02:00.000,0.963069,True,0.963069,-21.486,0.995467,0.0558,0.373121,0.919712,-18.176,0.997436,0.040886,0.558455
3720.0,3730.0,01:02:00.000,01:02:10.000,0.990571,True,0.990571,-21.208,0.992609,0.090685,0.55077,0.985518,-18.207,0.995789,0.074422,0.649336
3730.0,3740.0,01:02:10.000,01:02:20.000,0.990639,True,0.990639,-21.39,0.960923,0.106092,0.528246,0.983149,-18.463,0.982858,0.071911,0.514855
3740.0,3750.0,01:02:20.000,01:02:30.000,0.975606,True,0.975606,-21.712,0.989113,0.064412,0.358326,0.942205,-18.66,0.995387,0.047061,0.597115
3750.0,3760.0,01:02:30.000,01:02:40.000,0.854712,False,0.832634,-23.412,0.989706,0.026149,0.315172,0.854712,-18.448,0.99691,0.029045,0.692417
3760.0,3770.0,01:02:40.000,01:02:50.000,0.950544,True,0.948496,-20.324,0.992025,0.049409,0.403035,0.950544,-14.636,0.997284,0.049644,1.02377
3770.0,3780.0,01:02:50.000,01:03:00.000,0.941432,False,0.908572,-22.413,0.991625,0.038742,0.322067,0.941432,-16.378,0.997596,0.046643,0.559621
3780.0,3790.0,01:03:00.000,01:03:10.000,0.924976,False,0.924976,-21.364,0.995086,0.042414,0.468069,0.90049,-17.769,0.997503,0.036755,0.535856
3790.0,3800.0,01:03:10.000,01:03:20.000,0.945313,False,0.945313,-20.762,0.995151,0.048289,0.451956,0.931196,-17.342,0.997007,0.043734,0.794639
3800.0,3810.0,01:03:20.000,01:03:30.000,0.95676,True,0.95676,-21.772,0.994875,0.052855,0.314361,0.903793,-17.735,0.997753,0.037408,0.542939
3810.0,3820.0,01:03:30.000,01:03:40.000,0.981553,True,0.981553,-15.548,0.994054,0.068495,1.075388,0.970104,-12.333,0.997404,0.05869,1.289707
3820.0,3830.0,01:03:40.000,01:03:50.000,0.971334,True,0.971334,-16.702,0.990071,0.060056,0.616578,0.970776,-12.286,0.996533,0.059132,1.371606
3830.0,3840.0,01:03:50.000,01:04:00.000,0.988457,True,0.988457,-16.344,0.991778,0.079793,0.875165,0.955819,-13.022,0.996621,0.051629,1.088837
3840.0,3850.0,01:04:00.000,01:04:10.000,0.984945,True,0.984945,-16.17,0.992538,0.073132,0.72931,0.970279,-13.157,0.996242,0.058878,1.179757
3850.0,3860.0,01:04:10.000,01:04:20.000,0.977604,True,0.977604,-17.791,0.993957,0.064929,0.612949,0.975429,-14.316,0.996094,0.062551,0.846498
3860.0,3870.0,01:04:20.000,01:04:30.000,0.944792,False,0.836743,-19.328,0.997097,0.026486,0.679562,0.944792,-15.148,0.998317,0.047653,0.781198
3870.0,3880.0,01:04:30.000,01:04:40.000,0.889751,False,0.831533,-26.717,0.990642,0.026273,0.195384,0.889751,-16.928,0.997899,0.034705,0.499372
3880.0,3890.0,01:04:40.000,01:04:50.000,0.929064,False,0.927157,-15.761,0.996748,0.04261,0.991404,0.929064,-10.965,0.998339,0.042959,1.930172
3890.0,3900.0,01:04:50.000,01:05:00.000,0.981415,True,0.981415,-17.615,0.990876,0.068931,0.616741,0.969815,-14.336,0.995287,0.058697,0.724029
3900.0,3910.0,01:05:00.000,01:05:10.000,0.952026,True,0.952026,-20.05,0.993462,0.050677,0.391915,0.918035,-16.207,0.997201,0.040415,0.689939
3910.0,3920.0,01:05:10.000,01:05:20.000,0.971592,True,0.971592,-19.557,0.99229,0.0606,0.446205,0.945773,-15.448,0.99699,0.048012,1.032912
3920.0,3930.0,01:05:20.000,01:05:30.000,0.987355,True,0.987355,-14.005,0.992617,0.076699,1.077315,0.973143,-11.209,0.996619,0.060641,1.463312
3930.0,3940.0,01:05:30.000,01:05:40.000,0.993222,True,0.993222,-9.002,0.992918,0.094035,1.780452,0.992648,-6.718,0.995079,0.090039,2.719464
3940.0,3950.0,01:05:40.000,01:05:50.000,0.975357,True,0.970263,-14.497,0.989188,0.059172,1.124573,0.975357,-12.725,0.99372,0.06245,0.902802
3950.0,3960.0,01:05:50.000,01:06:00.000,0.989817,True,0.989817,-16.49,0.987267,0.084099,0.59369,0.971473,-13.291,0.995029,0.059685,0.775919
3960.0,3970.0,01:06:00.000,01:06:10.000,0.992684,True,0.992684,-12.61,0.993388,0.092298,1.402532,0.983226,-10.664,0.995863,0.069778,1.609338
3970.0,3980.0,01:06:10.000,01:06:20.000,0.977671,True,0.971895,-11.421,0.995756,0.059834,1.399643,0.977671,-10.104,0.997065,0.064046,1.072809
3980.0,3990.0,01:06:20.000,01:06:30.000,0.979951,True,0.97643,-11.405,0.993333,0.063229,1.472709,0.979951,-8.487,0.996991,0.066041,2.350629
3990.0,4000.0,01:06:30.000,01:06:40.000,0.986008,True,0.986008,-10.733,0.990274,0.074043,2.20753,0.98039,-9.202,0.994617,0.066616,2.127218
4000.0,4010.0,01:06:40.000,01:06:50.000,0.939878,False,0.939878,-18.564,0.994531,0.046337,0.548939,0.927597,-13.836,0.997911,0.042648,0.913087
4010.0,4020.0,01:06:50.000,01:07:00.000,0.940062,False,0.905335,-14.564,0.996741,0.037631,0.735919,0.940062,-12.231,0.997828,0.046068,1.148452
4020.0,4030.0,01:07:00.000,01:07:10.000,0.980147,True,0.980147,-17.537,0.991238,0.067488,0.65481,0.937082,-14.308,0.99656,0.04526,1.085953
4030.0,4040.0,01:07:10.000,01:07:20.000,0.962642,True,0.962642,-21.637,0.994368,0.055636,0.408215,0.936322,-18.996,0.996842,0.045273,0.589242
4040.0,4050.0,01:07:20.000,01:07:30.000,0.986869,True,0.986869,-25.555,0.972122,0.09005,0.354306,0.969428,-22.298,0.98777,0.059952,0.321774
4050.0,4060.0,01:07:30.000,01:07:40.000,0.970308,True,0.970308,-27.115,0.988274,0.062995,0.244449,0.95529,-24.582,0.992296,0.052899,0.243043
4060.0,4070.0,01:07:40.000,01:07:50.000,0.977321,True,0.967181,-28.112,0.840727,0.194842,0.509277,0.977321,-26.298,0.872856,0.171473,0.551484
4070.0,4080.0,01:07:50.000,01:08:00.000,0.878579,False,0.871546,-21.015,0.99786,0.031759,0.472772,0.878579,-17.554,0.998646,0.032774,0.840413
4080.0,4090.0,01:08:00.000,01:08:10.000,0.953509,True,0.953509,-21.633,0.995458,0.051448,0.408317,0.943524,-19.022,0.997247,0.04749,0.496776
4090.0,4100.0,01:08:10.000,01:08:20.000,0.99006,True,0.99006,-23.912,0.958895,0.124431,0.321218,0.988334,-21.007,0.977764,0.084778,0.424975
4100.0,4110.0,01:08:20.000,01:08:30.000,0.984049,True,0.984049,-23.753,0.971004,0.0781,0.402119,0.935656,-20.069,0.987275,0.045294,0.459739
4110.0,4120.0,01:08:30.000,01:08:40.000,0.980238,True,0.980238,-21.395,0.992681,0.068736,0.41446,0.922179,-18.538,0.996066,0.041508,0.486234
4120.0,4130.0,01:08:40.000,01:08:50.000,0.955173,True,0.955173,-20.471,0.994375,0.051981,0.44484,0.907094,-16.73,0.997047,0.038051,0.689037
4130.0,4140.0,01:08:50.000,01:09:00.000,0.983647,True,0.983647,-15.435,0.991672,0.071184,0.862706,0.975034,-13.109,0.996366,0.062136,0.890475
4140.0,4150.0,01:09:00.000,01:09:10.000,0.977684,True,0.977684,-17.137,0.99013,0.065049,0.602162,0.96683,-13.041,0.99527,0.056873,1.152478
4150.0,4160.0,01:09:10.000,01:09:20.000,0.954784,True,0.954784,-20.865,0.990767,0.051945,0.430987,0.945479,-14.335,0.997709,0.047855,1.205553
4160.0,4170.0,01:09:20.000,01:09:30.000,0.910532,False,0.910532,-19.815,0.993933,0.038947,0.452734,0.909901,-16.25,0.997634,0.038617,0.721236
4170.0,4180.0,01:09:30.000,01:09:40.000,0.955126,True,0.948263,-16.899,0.993575,0.049004,0.69265,0.955126,-12.534,0.997644,0.051312,0.876963
4180.0,4190.0,01:09:40.000,01:09:50.000,0.984371,True,0.984371,-16.56,0.973326,0.073982,0.712677,0.981676,-11.777,0.989475,0.068419,1.452877
4190.0,4200.0,01:09:50.000,01:10:00.000,0.981184,True,0.981184,-16.002,0.991838,0.06828,0.610861,0.97057,-12.389,0.996753,0.059001,1.234664
4200.0,4210.0,01:10:00.000,01:10:10.000,0.970321,True,0.963003,-16.103,0.993583,0.055105,0.763198,0.970321,-11.693,0.996942,0.058805,1.369764
4210.0,4220.0,01:10:10.000,01:10:20.000,0.924233,False,0.924233,-20.346,0.992111,0.042175,0.590448,0.870982,-16.131,0.997136,0.031497,0.827064
4220.0,4230.0,01:10:20.000,01:10:30.000,0.9407,False,0.9407,-19.011,0.994651,0.046623,0.465866,0.931348,-16.425,0.996506,0.043738,0.834314
4230.0,4240.0,01:10:30.000,01:10:40.000,0.930086,False,0.918348,-18.455,0.99594,0.040597,0.552104,0.930086,-15.333,0.997775,0.043343,0.915263
4240.0,4250.0,01:10:40.000,01:10:50.000,0.972538,True,0.972538,-20.357,0.99053,0.061508,0.554366,0.908701,-16.849,0.995551,0.038403,0.829285
4250.0,4260.0,01:10:50.000,01:11:00.000,0.83635,False,0.83635,-23.456,0.996638,0.026629,0.480527,0.823349,-16.843,0.998061,0.024593,1.819989
4260.0,4270.0,01:11:00.000,01:11:10.000,0.941336,False,0.869136,-15.806,0.996888,0.031196,1.058452,0.941336,-12.738,0.998103,0.046468,1.03366
4270.0,4280.0,01:11:10.000,01:11:20.000,0.961059,True,0.961059,-21.149,0.994709,0.054739,0.418697,0.94048,-18.392,0.996374,0.046485,0.464926
4280.0,4290.0,01:11:20.000,01:11:30.000,0.974803,True,0.974803,-27.143,0.984956,0.067301,0.155912,0.951524,-23.019,0.990457,0.050992,0.370682
4290.0,4300.0,01:11:30.000,01:11:40.000,0.950865,True,0.950865,-24.334,0.992828,0.050975,0.321489,0.92849,-19.559,0.997733,0.043142,0.453718
4300.0,4310.0,01:11:40.000,01:11:50.000,0.963959,True,0.963959,-36.866,0.960025,0.138159,0.071118,0.950856,-31.701,0.989643,0.054964,0.115528
4310.0,4320.0,01:11:50.000,01:12:00.000,0.990817,True,0.95157,-30.033,0.806694,0.33997,0.297975,0.990817,-22.392,0.954373,0.156724,0.433033
4320.0,4330.0,01:12:00.000,01:12:10.000,0.971131,True,0.971131,-28.731,0.975,0.065991,0.174536,0.908028,-20.161,0.996708,0.038409,0.401988
4330.0,4340.0,01:12:10.000,01:12:20.000,0.975872,True,0.975872,-33.509,0.970419,0.102478,0.087939,0.927891,-26.134,0.991222,0.043927,0.26115
4340.0,4350.0,01:12:20.000,01:12:30.000,0.967287,True,0.936916,-34.252,0.796067,0.308405,0.147517,0.967287,-29.548,0.847405,0.243694,0.238202
4350.0,4360.0,01:12:30.000,01:12:40.000,0.899853,False,0.899853,-23.749,0.944779,0.037652,0.277078,0.84018,-17.364,0.988722,0.02696,0.576731
4360.0,4370.0,01:12:40.000,01:12:50.000,0.885249,False,0.864522,-24.03,0.989528,0.030894,0.306235,0.885249,-16.374,0.997916,0.033889,0.755945
4370.0,4380.0,01:12:50.000,01:13:00.000,0.910638,False,0.811792,-20.788,0.995213,0.023198,0.432594,0.910638,-14.568,0.997869,0.038724,0.848823
4380.0,4390.0,01:13:00.000,01:13:10.000,0.94091,False,0.918003,-20.979,0.992214,0.040719,0.39997,0.94091,-13.868,0.997785,0.046375,0.958198
4390.0,4400.0,01:13:10.000,01:13:20.000,0.862631,False,0.862631,-24.678,0.994135,0.030622,0.255616,0.836516,-17.629,0.998271,0.0264,0.734508
4400.0,4410.0,01:13:20.000,01:13:30.000,0.871169,False,0.871169,-25.807,0.991249,0.032134,0.376251,0.839932,-19.427,0.997084,0.026936,0.634814
4410.0,4420.0,01:13:30.000,01:13:40.000,0.949857,False,0.949857,-25.247,0.990945,0.050851,0.320825,0.922832,-20.312,0.996827,0.041774,0.44531
4420.0,4430.0,01:13:40.000,01:13:50.000,0.937031,False,0.937031,-23.975,0.993073,0.046112,0.405872,0.910785,-20.881,0.996843,0.039044,0.397708
4430.0,4440.0,01:13:50.000,01:14:00.000,0.891414,False,0.891414,-26.813,0.992239,0.03584,0.233797,0.810107,-21.251,0.99828,0.022983,0.413595
4440.0,4450.0,01:14:00.000,01:14:10.000,0.838245,False,0.838245,-27.813,0.989368,0.027364,0.219915,0.826668,-22.069,0.997463,0.025214,0.292717
4450.0,4460.0,01:14:10.000,01:14:20.000,0.971246,True,0.971246,-35.154,0.977377,0.105681,0.086521,0.9275,-29.414,0.993392,0.044774,0.156572
4460.0,4470.0,01:14:20.000,01:14:30.000,0.973139,True,0.973139,-34.726,0.965517,0.157263,0.076903,0.968527,-28.944,0.99053,0.063179,0.180335
4470.0,4480.0,01:14:30.000,01:14:40.000,0.867608,False,0.867608,-22.881,0.995694,0.031254,0.432094,0.841813,-18.356,0.99869,0.027159,0.546553
4480.0,4490.0,01:14:40.000,01:14:50.000,0.985006,True,0.985006,-22.203,0.986071,0.076687,0.447715,0.94947,-19.16,0.994021,0.049608,0.503719
4490.0,4500.0,01:14:50.000,01:15:00.000,0.962786,True,0.962786,-18.825,0.994264,0.055255,0.623805,0.903595,-15.73,0.997808,0.0373,0.952098
4500.0,4510.0,01:15:00.000,01:15:10.000,0.94032,False,0.873474,-15.833,0.997689,0.03189,1.045891,0.94032,-12.344,0.997794,0.04615,1.383867
4510.0,4520.0,01:15:10.000,01:15:20.000,0.990302,True,0.981731,-8.896,0.994931,0.067986,2.240968,0.990302,-6.582,0.996839,0.081728,2.363795
4520.0,4530.0,01:15:20.000,01:15:30.000,0.992657,True,0.992657,-9.276,0.985736,0.09298,2.253216,0.98886,-7.055,0.991027,0.078968,2.097719
4530.0,4540.0,01:15:30.000,01:15:40.000,0.994312,True,0.994312,-9.692,0.989353,0.104828,1.916243,0.992846,-7.102,0.994143,0.09125,2.343199
4540.0,4550.0,01:15:40.000,01:15:50.000,0.99068,True,0.99068,-11.368,0.991178,0.084291,1.085734,0.989818,-9.559,0.99431,0.081119,1.60453
4550.0,4560.0,01:15:50.000,01:16:00.000,0.975443,True,0.957442,-13.504,0.995004,0.052358,0.929859,0.975443,-9.65,0.997561,0.06221,1.773282
4560.0,4570.0,01:16:00.000,01:16:10.000,0.968723,True,0.954485,-19.642,0.992265,0.051633,0.488645,0.968723,-14.956,0.994915,0.058093,1.305272
4570.0,4580.0,01:16:10.000,01:16:20.000,0.928017,False,0.892607,-15.798,0.99739,0.035198,0.934494,0.928017,-13.206,0.998358,0.042735,1.21611
4580.0,4590.0,01:16:20.000,01:16:30.000,0.991599,True,0.973954,-9.741,0.995147,0.061195,2.730237,0.991599,-6.264,0.996783,0.085568,2.7382
4590.0,4600.0,01:16:30.000,01:16:40.000,0.992158,True,0.992158,-10.766,0.993973,0.088993,1.402897,0.985656,-7.72,0.996144,0.07282,2.451402
4600.0,4610.0,01:16:40.000,01:16:50.000,0.993576,True,0.993576,-11.436,0.987962,0.099321,1.188762,0.976794,-8.735,0.996155,0.063288,1.526294
4610.0,4620.0,01:16:50.000,01:17:00.000,0.98961,True,0.98961,-12.287,0.986984,0.082027,1.213137,0.979807,-10.687,0.995177,0.0661,1.297405
4620.0,4630.0,01:17:00.000,01:17:10.000,0.988755,True,0.988755,-16.314,0.989965,0.080712,0.946867,0.983295,-13.445,0.994125,0.070253,1.131886
4630.0,4640.0,01:17:10.000,01:17:20.000,0.98659,True,0.98659,-18.155,0.983949,0.077417,0.469635,0.9613,-14.338,0.995299,0.054122,0.861356
4640.0,4650.0,01:17:20.000,01:17:30.000,0.986948,True,0.986948,-19.529,0.990369,0.078192,0.598969,0.92925,-16.008,0.99636,0.043165,0.726034
4650.0,4660.0,01:17:30.000,01:17:40.000,0.98874,True,0.98874,-24.723,0.987731,0.091855,0.35883,0.987785,-22.173,0.991223,0.082395,0.475154
4660.0,4670.0,01:17:40.000,01:17:50.000,0.950788,True,0.950788,-22.305,0.990882,0.050565,0.451222,0.872532,-19.464,0.997095,0.031853,0.53299
4670.0,4680.0,01:17:50.000,01:18:00.000,0.985093,True,0.963557,-19.224,0.991767,0.055762,0.568976,0.985093,-13.363,0.997496,0.072458,1.302859
4680.0,4690.0,01:18:00.000,01:18:10.000,0.96934,True,0.96934,-24.094,0.986472,0.060575,0.311509,0.965056,-15.459,0.997423,0.056017,0.629997
4690.0,4700.0,01:18:10.000,01:18:20.000,0.9739,True,0.868052,-23.426,0.992197,0.031389,0.312939,0.9739,-14.706,0.9969,0.061409,0.721881
4700.0,4710.0,01:18:20.000,01:18:30.000,0.878844,False,0.878844,-23.955,0.993723,0.033212,0.242452,0.874741,-15.138,0.998571,0.032076,0.909702
4710.0,4720.0,01:18:30.000,01:18:40.000,0.930013,False,0.930013,-27.421,0.994223,0.044807,0.16935,0.874826,-23.521,0.997356,0.03247,0.310458
4720.0,4730.0,01:18:40.000,01:18:50.000,0.960689,True,0.960689,-24.39,0.990143,0.055451,0.301251,0.932321,-21.003,0.994932,0.044328,0.344096
4730.0,4740.0,01:18:50.000,01:19:00.000,0.988928,True,0.988928,-18.594,0.993251,0.081946,0.451073,0.950011,-15.355,0.997583,0.049478,0.815191
4740.0,4750.0,01:19:00.000,01:19:10.000,0.986572,True,0.986572,-15.209,0.992538,0.075551,0.871545,0.96268,-13.032,0.997135,0.054676,1.006673
4750.0,4760.0,01:19:10.000,01:19:20.000,0.97439,True,0.97439,-16.56,0.992655,0.062126,0.83191,0.966935,-13.142,0.996288,0.056911,0.95324
4760.0,4770.0,01:19:20.000,01:19:30.000,0.973046,True,0.92653,-15.659,0.995146,0.042465,0.620891,0.973046,-11.437,0.997658,0.060553,1.128526
4770.0,4780.0,01:19:30.000,01:19:40.000,0.955596,True,0.955596,-16.317,0.99492,0.05174,0.726667,0.948482,-10.872,0.998339,0.048766,1.507306
4780.0,4790.0,01:19:40.000,01:19:50.000,0.980297,True,0.980297,-18.683,0.993692,0.067799,0.467369,0.969645,-15.643,0.996383,0.058668,0.626558
4790.0,4800.0,01:19:50.000,01:20:00.000,0.991418,True,0.991418,-21.05,0.970518,0.106009,0.401452,0.98525,-18.718,0.984193,0.075158,0.543869
4800.0,4810.0,01:20:00.000,01:20:10.000,0.968532,True,0.968532,-17.646,0.994278,0.058265,0.669759,0.944033,-14.091,0.997699,0.047371,0.859394
4810.0,4820.0,01:20:10.000,01:20:20.000,0.985558,True,0.985558,-21.035,0.990611,0.076392,0.410969,0.958257,-18.392,0.994922,0.053051,0.530342
4820.0,4830.0,01:20:20.000,01:20:30.000,0.991931,True,0.988854,-22.982,0.935115,0.181598,0.364539,0.991931,-20.723,0.960823,0.144183,0.367686
4830.0,4840.0,01:20:30.000,01:20:40.000,0.984703,True,0.984703,-21.927,0.991709,0.075389,0.666229,0.9391,-19.14,0.996942,0.046109,0.631516
4840.0,4850.0,01:20:40.000,01:20:50.000,0.934147,False,0.934147,-23.096,0.995517,0.045085,0.304096,0.916187,-19.728,0.99742,0.040159,0.533403
4850.0,4860.0,01:20:50.000,01:21:00.000,0.961359,True,0.961359,-29.932,0.991752,0.059021,0.132256,0.913479,-25.996,0.9957,0.040252,0.259725
4860.0,4870.0,01:21:00.000,01:21:10.000,0.925824,False,0.916868,-26.035,0.997536,0.041032,0.37953,0.925824,-24.67,0.997348,0.043021,0.238838
4870.0,4880.0,01:21:10.000,01:21:20.000,0.981809,True,0.981809,-29.495,0.985744,0.084328,0.148211,0.923716,-24.845,0.994625,0.042538,0.306914
4880.0,4890.0,01:21:20.000,01:21:30.000,0.979707,True,0.979707,-30.145,0.983378,0.08157,0.153963,0.970799,-27.068,0.99003,0.063285,0.198815
4890.0,4900.0,01:21:30.000,01:21:40.000,0.970912,True,0.970912,-34.951,0.960649,0.105753,0.117698,0.945573,-31.904,0.982652,0.05284,0.13983
4900.0,4910.0,01:21:40.000,01:21:50.000,0.964199,True,0.964199,-33.712,0.986707,0.068474,0.108281,0.883516,-30.038,0.994972,0.035029,0.149823
4910.0,4920.0,01:21:50.000,01:22:00.000,0.96283,True,0.96283,-33.031,0.989102,0.065032,0.150277,0.95369,-31.042,0.992351,0.055688,0.115
4920.0,4930.0,01:22:00.000,01:22:10.000,0.973488,True,0.973488,-31.302,0.987792,0.072976,0.16286,0.919093,-28.734,0.99404,0.04227,0.193428
4930.0,4940.0,01:22:10.000,01:22:20.000,0.977277,True,0.975703,-26.61,0.970932,0.068613,0.235026,0.977277,-23.917,0.985252,0.067241,0.335609
4940.0,4950.0,01:22:20.000,01:22:30.000,0.954163,True,0.954163,-20.427,0.99622,0.051524,0.471311,0.91736,-15.713,0.998479,0.040231,1.066479
4950.0,4960.0,01:22:30.000,01:22:40.000,0.945893,False,0.945893,-22.587,0.996091,0.048725,0.311866,0.857826,-19.464,0.998228,0.029539,0.397695
4960.0,4970.0,01:22:40.000,01:22:50.000,0.981656,True,0.981656,-25.253,0.977685,0.074703,0.398866,0.899272,-19.439,0.99267,0.036631,0.720839
4970.0,4980.0,01:22:50.000,01:23:00.000,0.987317,True,0.987317,-23.686,0.986438,0.083981,0.30552,0.931009,-20.373,0.994297,0.043918,0.469905
4980.0,4990.0,01:23:00.000,01:23:10.000,0.968634,True,0.968634,-16.965,0.99485,0.058231,0.854144,0.908409,-14.26,0.997673,0.038248,0.884814
4990.0,5000.0,01:23:10.000,01:23:20.000,0.98894,True,0.98894,-17.379,0.991805,0.081447,0.573618,0.940134,-13.254,0.99752,0.046122,0.911237
5000.0,5010.0,01:23:20.000,01:23:30.000,0.971279,True,0.971279,-19.437,0.994127,0.060302,0.458705,0.94455,-17.037,0.997057,0.047689,0.522157
5010.0,5020.0,01:23:30.000,01:23:40.000,0.958491,True,0.958491,-22.025,0.991527,0.053753,0.328138,0.877757,-17.545,0.997123,0.032646,0.575797
5020.0,5030.0,01:23:40.000,01:23:50.000,0.90753,False,0.90753,-22.058,0.993419,0.038473,0.325811,0.895643,-17.679,0.996141,0.035831,0.549284
5030.0,5040.0,01:23:50.000,01:24:00.000,0.979263,True,0.979263,-14.232,0.99367,0.065951,0.875653,0.969252,-10.871,0.996631,0.058127,1.276041
5040.0,5050.0,01:24:00.000,01:24:10.000,0.946161,False,0.946161,-18.323,0.991541,0.048404,0.75664,0.914396,-13.796,0.998136,0.039518,1.091427
5050.0,5060.0,01:24:10.000,01:24:20.000,0.98626,True,0.98626,-14.761,0.979946,0.076074,0.836212,0.977406,-8.803,0.994704,0.063854,2.532165
5060.0,5070.0,01:24:20.000,01:24:30.000,0.985709,True,0.856496,-12.465,0.997222,0.029191,1.265888,0.985709,-5.777,0.997795,0.072687,2.345897
5070.0,5080.0,01:24:30.000,01:24:40.000,0.99312,True,0.948788,-8.624,0.996413,0.048859,2.222653,0.99312,-1.699,0.997487,0.091182,4.354593
5080.0,5090.0,01:24:40.000,01:24:50.000,0.995624,True,0.957633,-9.805,0.996403,0.052291,1.256138,0.995624,-3.939,0.997025,0.118072,3.202345
5090.0,5100.0,01:24:50.000,01:25:00.000,0.987711,True,0.98201,-7.756,0.994973,0.068234,1.532105,0.987711,-4.501,0.99723,0.075935,3.927299
5100.0,5110.0,01:25:00.000,01:25:10.000,0.994161,True,0.987699,-8.778,0.990162,0.076821,1.709903,0.994161,-6.581,0.991879,0.100502,1.923069
5110.0,5120.0,01:25:10.000,01:25:20.000,0.983642,True,0.983642,-14.616,0.991324,0.071051,1.069082,0.969186,-12.274,0.993397,0.058241,1.693501
5120.0,5130.0,01:25:20.000,01:25:30.000,0.969474,True,0.965486,-13.26,0.996253,0.056133,0.915639,0.969474,-9.969,0.997672,0.058198,1.378574
5130.0,5140.0,01:25:30.000,01:25:40.000,0.976827,True,0.928124,-10.511,0.997146,0.042723,2.525201,0.976827,-8.91,0.99791,0.063257,1.898192
5140.0,5150.0,01:25:40.000,01:25:50.000,0.986183,True,0.98575,-13.449,0.991266,0.073918,1.097905,0.986183,-10.45,0.995197,0.073912,1.224941
5150.0,5160.0,01:25:50.000,01:26:00.000,0.941497,False,0.938359,-14.266,0.995339,0.04565,1.120728,0.941497,-12.333,0.997502,0.046515,1.153416
5160.0,5170.0,01:26:00.000,01:26:10.000,0.969074,True,0.952294,-13.898,0.996065,0.050285,0.972769,0.969074,-10.875,0.997616,0.057996,1.256848
5170.0,5180.0,01:26:10.000,01:26:20.000,0.971837,True,0.939014,-11.874,0.996527,0.045762,1.010707,0.971837,-8.962,0.998184,0.059626,1.542666
5180.0,5190.0,01:26:20.000,01:26:30.000,0.989231,True,0.986231,-12.338,0.993351,0.074359,1.321396,0.989231,-8.768,0.99644,0.079375,1.832615
5190.0,5200.0,01:26:30.000,01:26:40.000,0.966974,True,0.895743,-13.95,0.996945,0.035743,0.94643,0.966974,-8.523,0.998253,0.05671,2.035363
5200.0,5210.0,01:26:40.000,01:26:50.000,0.97072,True,0.881019,-15.393,0.996581,0.033144,1.146705,0.97072,-8.293,0.998285,0.058891,1.823495
5210.0,5220.0,01:26:50.000,01:27:00.000,0.977231,True,0.961045,-14.143,0.996662,0.053962,0.91934,0.977231,-9.615,0.997985,0.063616,1.463063
5220.0,5230.0,01:27:00.000,01:27:10.000,0.957238,True,0.957238,-17.075,0.994062,0.052504,0.608648,0.956183,-11.801,0.998102,0.051709,1.712437
5230.0,5240.0,01:27:10.000,01:27:20.000,0.955141,True,0.814864,-18.575,0.996594,0.023521,0.638568,0.955141,-12.499,0.998437,0.051302,1.283403
5240.0,5250.0,01:27:20.000,01:27:30.000,0.988026,True,0.924003,-14.284,0.996653,0.041775,0.709818,0.988026,-6.407,0.997811,0.076565,2.263326
5250.0,5260.0,01:27:30.000,01:27:40.000,0.993681,True,0.993681,-16.231,0.980381,0.113008,0.772401,0.987988,-8.286,0.996047,0.076785,1.476147
5260.0,5270.0,01:27:40.000,01:27:50.000,0.961583,True,0.935283,-15.416,0.99629,0.044787,0.915376,0.961583,-7.298,0.998316,0.05396,1.837791
5270.0,5280.0,01:27:50.000,01:28:00.000,0.991339,True,0.881694,-14.648,0.996767,0.033243,1.187242,0.991339,-9.128,0.997089,0.085045,1.583533
5280.0,5290.0,01:28:00.000,01:28:10.000,0.968586,True,0.922242,-13.794,0.996131,0.041341,1.183241,0.968586,-10.054,0.997114,0.057692,1.270656
5290.0,5300.0,01:28:10.000,01:28:20.000,0.938103,False,0.931848,-15.343,0.994707,0.043851,0.727425,0.938103,-10.457,0.998182,0.045442,1.442827
5300.0,5310.0,01:28:20.000,01:28:30.000,0.965892,True,0.944727,-16.014,0.995593,0.047712,0.725973,0.965892,-10.301,0.998076,0.056181,1.312354
5310.0,5320.0,01:28:30.000,01:28:40.000,0.923237,False,0.831632,-16.844,0.998082,0.02571,0.69054,0.923237,-13.604,0.998181,0.041555,1.020402
5320.0,5330.0,01:28:40.000,01:28:50.000,0.990359,True,0.990359,-19.772,0.990936,0.088,0.436321,0.9806,-16.657,0.996156,0.067541,0.52467
5330.0,5340.0,01:28:50.000,01:29:00.000,0.966434,True,0.961186,-17.611,0.994512,0.054329,0.867655,0.966434,-16.625,0.995294,0.056914,0.56688
5340.0,5350.0,01:29:00.000,01:29:10.000,0.985589,True,0.985589,-19.211,0.982054,0.076202,0.461753,0.972653,-16.385,0.989656,0.060939,0.598102
5350.0,5360.0,01:29:10.000,01:29:20.000,0.974753,True,0.974753,-20.833,0.989338,0.063396,0.403951,0.952875,-17.578,0.994918,0.050742,0.633667
5360.0,5370.0,01:29:20.000,01:29:30.000,0.970517,True,0.970517,-22.096,0.992639,0.060467,0.397082,0.897061,-19.192,0.997134,0.036155,0.53439
5370.0,5380.0,01:29:30.000,01:29:40.000,0.979397,True,0.979397,-24.79,0.990183,0.070002,0.259318,0.950514,-22.616,0.993729,0.050462,0.36162
5380.0,5390.0,01:29:40.000,01:29:50.000,0.985627,True,0.985627,-29.284,0.971525,0.11923,0.157361,0.93435,-24.928,0.990701,0.045517,0.28168
5390.0,5400.0,01:29:50.000,01:30:00.000,0.981265,True,0.981265,-29.145,0.979664,0.082217,0.178541,0.897419,-24.313,0.995132,0.036628,0.225009
5400.0,5410.0,01:30:00.000,01:30:10.000,0.963824,True,0.963824,-28.282,0.992323,0.059131,0.169462,0.906035,-25.761,0.995827,0.03857,0.226325
5410.0,5420.0,01:30:10.000,01:30:20.000,0.973598,True,0.973598,-22.058,0.989258,0.062853,0.482907,0.951651,-17.763,0.995865,0.050269,0.867319
5420.0,5430.0,01:30:20.000,01:30:30.000,0.986157,True,0.915408,-14.298,0.996403,0.03977,1.110216,0.986157,-7.337,0.99753,0.07346,1.562206
5430.0,5440.0,01:30:30.000,01:30:40.000,0.962394,True,0.858297,-18.957,0.994954,0.029612,0.600645,0.962394,-11.438,0.997627,0.054463,1.409227
5440.0,5450.0,01:30:40.000,01:30:50.000,0.974004,True,0.974004,-20.458,0.993874,0.062517,0.466889,0.9675,-18.049,0.9963,0.057652,0.734039
5450.0,5460.0,01:30:50.000,01:31:00.000,0.980258,True,0.980258,-18.224,0.994224,0.067612,0.567536,0.97015,-15.657,0.996135,0.058991,0.679792
5460.0,5470.0,01:31:00.000,01:31:10.000,0.982708,True,0.982708,-17.979,0.993392,0.07045,0.623583,0.974877,-13.309,0.997406,0.061997,1.21901
5470.0,5480.0,01:31:10.000,01:31:20.000,0.966101,True,0.966101,-25.921,0.988651,0.059202,0.22264,0.902331,-22.999,0.994268,0.037475,0.450143
5480.0,5490.0,01:31:20.000,01:31:30.000,0.972584,True,0.972584,-22.401,0.993477,0.062026,0.368463,0.939348,-18.714,0.997277,0.046148,0.607815
5490.0,5500.0,01:31:30.000,01:31:40.000,0.879362,False,0.848825,-21.293,0.989501,0.028333,0.512196,0.879362,-18.172,0.995021,0.032952,0.693328
5500.0,5510.0,01:31:40.000,01:31:50.000,0.953008,True,0.953008,-25.576,0.990078,0.052258,0.258207,0.912547,-23.043,0.995723,0.039631,0.341669
5510.0,5520.0,01:31:50.000,01:32:00.000,0.971623,True,0.971623,-23.719,0.989284,0.061963,0.323923,0.952324,-20.909,0.993304,0.050906,0.4006
5520.0,5530.0,01:32:00.000,01:32:10.000,0.906049,False,0.906049,-22.595,0.992291,0.03822,0.30474,0.844287,-17.512,0.998415,0.02749,0.552122
5530.0,5540.0,01:32:10.000,01:32:20.000,0.987658,True,0.987658,-25.656,0.973718,0.094052,0.256704,0.966721,-20.03,0.993981,0.057562,0.517924
5540.0,5550.0,01:32:20.000,01:32:30.000,0.89089,False,0.83326,-20.842,0.993243,0.026081,0.341861,0.89089,-15.477,0.997404,0.034876,0.682954
5550.0,5560.0,01:32:30.000,01:32:40.000,0.93759,False,0.93759,-22.053,0.992482,0.046004,0.432072,0.929497,-15.62,0.998086,0.043195,0.780445
5560.0,5570.0,01:32:40.000,01:32:50.000,0.946881,False,0.946881,-23.678,0.993783,0.049308,0.342306,0.887941,-19.466,0.997748,0.034477,0.495412
5570.0,5580.0,01:32:50.000,01:33:00.000,0.846816,False,0.821708,-26.556,0.99331,0.024896,0.214699,0.846816,-21.558,0.998011,0.028002,0.313048
5580.0,5590.0,01:33:00.000,01:33:10.000,0.836071,False,0.810876,-26.434,0.99552,0.023433,0.211615,0.836071,-18.726,0.998708,0.026365,0.57192
5590.0,5600.0,01:33:10.000,01:33:20.000,0.905069,False,0.905069,-29.119,0.993539,0.039101,0.184028,0.747407,-22.269,0.998957,0.015266,0.35355
5600.0,5610.0,01:33:20.000,01:33:30.000,0.992301,True,0.98704,-23.144,0.919329,0.193802,0.565778,0.992301,-19.788,0.961317,0.149745,0.667778
5610.0,5620.0,01:33:30.000,01:33:40.000,0.93529,False,0.93529,-23.818,0.992445,0.045571,0.293144,0.893804,-18.056,0.997834,0.035487,0.545517
5620.0,5630.0,01:33:40.000,01:33:50.000,0.984184,True,0.984184,-17.448,0.992329,0.072368,0.739418,0.964899,-14.815,0.996206,0.055918,1.463879
5630.0,5640.0,01:33:50.000,01:34:00.000,0.899898,False,0.899898,-22.389,0.993423,0.036942,0.369916,0.884836,-18.332,0.997149,0.033884,0.589787
5640.0,5650.0,01:34:00.000,01:34:10.000,0.963984,True,0.963984,-26.482,0.991524,0.058102,0.244305,0.917234,-21.924,0.996623,0.040576,0.460331
5650.0,5660.0,01:34:10.000,01:34:20.000,0.924238,False,0.924238,-25.348,0.99519,0.042752,0.245243,0.874976,-22.143,0.997683,0.032391,0.335326
5660.0,5670.0,01:34:20.000,01:34:30.000,0.986324,True,0.986324,-25.208,0.972112,0.086745,0.576069,0.973955,-22.395,0.983792,0.063494,0.67783
5670.0,5680.0,01:34:30.000,01:34:40.000,0.90543,False,0.903673,-24.035,0.99547,0.037846,0.35604,0.90543,-20.797,0.997496,0.037903,0.531534
5680.0,5690.0,01:34:40.000,01:34:50.000,0.928309,False,0.920241,-17.933,0.99704,0.041002,0.650413,0.928309,-14.303,0.998203,0.042841,0.824742
5690.0,5700.0,01:34:50.000,01:35:00.000,0.944255,False,0.925316,-13.589,0.997272,0.042075,0.922569,0.944255,-11.368,0.997699,0.047364,1.153855
5700.0,5710.0,01:35:00.000,01:35:10.000,0.986745,True,0.986011,-9.033,0.995116,0.073521,1.369484,0.986745,-6.378,0.997358,0.074353,2.731809
5710.0,5720.0,01:35:10.000,01:35:20.000,0.976365,True,0.976365,-12.404,0.995531,0.063158,1.24633,0.942779,-10.46,0.997993,0.046868,1.968602
5720.0,5730.0,01:35:20.000,01:35:30.000,0.992885,True,0.992885,-11.863,0.99015,0.09395,1.393202,0.986843,-8.924,0.994537,0.074905,1.439243
5730.0,5740.0,01:35:30.000,01:35:40.000,0.994272,True,0.97832,-6.124,0.995231,0.064531,2.351202,0.994272,-0.963,0.996424,0.098547,5.617467
5740.0,5750.0,01:35:40.000,01:35:50.000,0.995102,True,0.98418,-8.19,0.995191,0.070855,2.087458,0.995102,-2.873,0.996687,0.107484,3.619561
5750.0,5760.0,01:35:50.000,01:36:00.000,0.995153,True,0.993762,-4.822,0.990663,0.097325,4.269297,0.995153,-3.472,0.992334,0.111994,4.807933
5760.0,5770.0,01:36:00.000,01:36:10.000,0.994465,True,0.990628,-8.57,0.993666,0.083264,1.341012,0.994465,-6.397,0.995128,0.101826,2.008313
5770.0,5780.0,01:36:10.000,01:36:20.000,0.994401,True,0.994401,-6.459,0.985025,0.107096,2.527976,0.993481,-3.545,0.991385,0.094978,3.498896
5780.0,5790.0,01:36:20.000,01:36:30.000,0.990474,True,0.990474,-11.339,0.988362,0.084087,1.136021,0.988496,-8.868,0.993827,0.07806,1.309411
5790.0,5800.0,01:36:30.000,01:36:40.000,0.992814,True,0.988325,-15.199,0.911165,0.237848,1.082549,0.992814,-12.06,0.950252,0.175081,1.597473
5800.0,5810.0,01:36:40.000,01:36:50.000,0.9798,True,0.9798,-13.951,0.990562,0.066593,0.896223,0.968814,-11.154,0.995191,0.057918,1.30357
5810.0,5820.0,01:36:50.000,01:37:00.000,0.99241,True,0.991609,-12.128,0.994408,0.087131,1.219804,0.99241,-9.93,0.996244,0.089388,1.776142
5820.0,5830.0,01:37:00.000,01:37:10.000,0.986768,True,0.956275,-13.062,0.996807,0.051815,1.540818,0.986768,-10.776,0.997548,0.074723,2.259939
5830.0,5840.0,01:37:10.000,01:37:20.000,0.995399,True,0.981239,-9.274,0.994441,0.067503,1.695591,0.995399,-6.947,0.996335,0.11521,2.250103
5840.0,5850.0,01:37:20.000,01:37:30.000,0.988346,True,0.988346,-13.46,0.994673,0.078371,1.006546,0.978625,-11.828,0.996608,0.065008,1.384513
5850.0,5860.0,01:37:30.000,01:37:40.000,0.96791,True,0.96791,-17.105,0.995671,0.057794,0.521652,0.927075,-14.383,0.997816,0.042532,0.816543
5860.0,5870.0,01:37:40.000,01:37:50.000,0.982665,True,0.982665,-17.298,0.991367,0.070339,0.570127,0.959109,-12.937,0.997287,0.053013,1.406335
5870.0,5880.0,01:37:50.000,01:38:00.000,0.978125,True,0.978125,-23.398,0.990828,0.067526,0.369966,0.884956,-18.577,0.997848,0.03391,0.776079
5880.0,5890.0,01:38:00.000,01:38:10.000,0.907919,False,0.901527,-13.779,0.997023,0.03685,0.861219,0.907919,-11.494,0.998506,0.038088,1.313538
5890.0,5900.0,01:38:10.000,01:38:20.000,0.975095,True,0.975095,-11.673,0.994421,0.062156,1.351315,0.973229,-8.781,0.997064,0.060588,1.567509
5900.0,5910.0,01:38:20.000,01:38:30.000,0.987801,True,0.987801,-11.129,0.994524,0.076874,1.476986,0.978626,-8.425,0.997542,0.064784,1.873074
5910.0,5920.0,01:38:30.000,01:38:40.000,0.994815,True,0.994815,-14.062,0.987926,0.125944,0.937031,0.993229,-10.197,0.994083,0.094138,1.515776
5920.0,5930.0,01:38:40.000,01:38:50.000,0.972969,True,0.944498,-15.666,0.996559,0.047605,0.698072,0.972969,-12.98,0.997212,0.060604,1.25224
5930.0,5940.0,01:38:50.000,01:39:00.000,0.98895,True,0.985441,-13.228,0.990866,0.07343,0.918646,0.98895,-10.301,0.994715,0.079116,1.287955
5940.0,5950.0,01:39:00.000,01:39:10.000,0.98738,True,0.985559,-13.263,0.993733,0.073401,1.060927,0.98738,-10.714,0.996198,0.07589,1.515752
5950.0,5960.0,01:39:10.000,01:39:20.000,0.983188,True,0.977645,-12.306,0.990954,0.06441,1.035591,0.983188,-10.635,0.994106,0.069831,1.300611
5960.0,5970.0,01:39:20.000,01:39:30.000,0.964016,True,0.93916,-14.557,0.99544,0.045898,0.668782,0.964016,-10.234,0.997659,0.05522,1.345813
5970.0,5980.0,01:39:30.000,01:39:40.000,0.97733,True,0.97733,-19.007,0.973718,0.065959,0.595102,0.975276,-11.736,0.995552,0.062258,1.195941
5980.0,5990.0,01:39:40.000,01:39:50.000,0.987177,True,0.914044,-14.301,0.996933,0.039463,1.083045,0.987177,-7.225,0.99744,0.075121,1.805192
5990.0,6000.0,01:39:50.000,01:40:00.000,0.984961,True,0.964423,-13.146,0.995232,0.055597,1.408133,0.984961,-7.457,0.997833,0.0717,1.827021
6000.0,6010.0,01:40:00.000,01:40:10.000,0.969836,True,0.969836,-13.132,0.995334,0.058628,1.097838,0.955488,-11.368,0.997283,0.051427,1.350287
6010.0,6020.0,01:40:10.000,01:40:20.000,0.985814,True,0.985814,-17.164,0.991348,0.074902,0.642177,0.959896,-14.314,0.996999,0.053436,0.950387
6020.0,6030.0,01:40:20.000,01:40:30.000,0.960171,True,0.955783,-14.954,0.995968,0.051715,0.835434,0.960171,-10.708,0.997839,0.053399,1.392218
6030.0,6040.0,01:40:30.000,01:40:40.000,0.962832,True,0.904099,-17.964,0.995371,0.037499,0.64163,0.962832,-12.639,0.99781,0.054718,1.379366
6040.0,6050.0,01:40:40.000,01:40:50.000,0.986751,True,0.986751,-20.892,0.983841,0.079469,0.383285,0.96005,-17.266,0.993784,0.05378,0.737471
6050.0,6060.0,01:40:50.000,01:41:00.000,0.941018,False,0.941018,-20.279,0.996317,0.046812,0.540582,0.922092,-17.364,0.997931,0.041408,0.820218
6060.0,6070.0,01:41:00.000,01:41:10.000,0.939203,False,0.939203,-24.919,0.994413,0.046952,0.313348,0.872719,-21.873,0.997944,0.031999,0.381231
6070.0,6080.0,01:41:10.000,01:41:20.000,0.983356,True,0.97147,-27.87,0.854774,0.169117,0.277076,0.983356,-25.013,0.901265,0.142776,0.33365
6080.0,6090.0,01:41:20.000,01:41:30.000,0.909932,False,0.909932,-25.221,0.997184,0.039316,0.317319,0.876918,-23.375,0.99774,0.032806,0.331981
6090.0,6100.0,01:41:30.000,01:41:40.000,0.940842,False,0.940842,-29.307,0.986031,0.049101,0.218461,0.876681,-25.551,0.992148,0.03302,0.234072
6100.0,6110.0,01:41:40.000,01:41:50.000,0.982895,True,0.982895,-28.306,0.980845,0.083541,0.239512,0.959884,-25.867,0.989967,0.055581,0.301428
6110.0,6120.0,01:41:50.000,01:42:00.000,0.985915,True,0.982667,-27.591,0.913837,0.128807,0.509245,0.985915,-25.548,0.946268,0.095183,0.423402
6120.0,6130.0,01:42:00.000,01:42:10.000,0.985107,True,0.985107,-28.512,0.968599,0.098717,0.195518,0.9828,-24.858,0.982957,0.075681,0.217508
6130.0,6140.0,01:42:10.000,01:42:20.000,0.977287,True,0.977287,-28.303,0.983678,0.071964,0.197991,0.937259,-24.105,0.992726,0.04621,0.229598
6140.0,6150.0,01:42:20.000,01:42:30.000,0.949081,False,0.949081,-29.669,0.990386,0.052462,0.135181,0.811947,-26.229,0.998006,0.023542,0.338766
6150.0,6160.0,01:42:30.000,01:42:40.000,0.891428,False,0.840918,-21.369,0.994573,0.027168,0.438284,0.891428,-16.47,0.997944,0.034996,0.795173
6160.0,6170.0,01:42:40.000,01:42:50.000,0.893267,False,0.893267,-22.628,0.994878,0.035671,0.416557,0.872373,-17.272,0.998146,0.031744,0.839883
6170.0,6180.0,01:42:50.000,01:43:00.000,0.982874,True,0.982874,-19.957,0.98912,0.071638,0.741358,0.953089,-14.895,0.996218,0.050632,1.148274
6180.0,6190.0,01:43:00.000,01:43:10.000,0.885466,False,0.885466,-29.069,0.994051,0.035154,0.1718,0.777486,-22.525,0.998908,0.018933,0.394151
6190.0,6200.0,01:43:10.000,01:43:20.000,0.970658,True,0.970658,-31.372,0.92682,0.076257,0.132443,0.95216,-27.16,0.961302,0.053221,0.242606
6200.0,6210.0,01:43:20.000,01:43:30.000,0.993167,True,0.99118,-23.856,0.969713,0.223354,0.605377,0.993167,-21.138,0.982072,0.150721,0.552487
6210.0,6220.0,01:43:30.000,01:43:40.000,0.971932,True,0.971932,-18.878,0.988599,0.060835,0.693716,0.936456,-15.537,0.994365,0.045152,1.160577
6220.0,6230.0,01:43:40.000,01:43:50.000,0.951058,True,0.951058,-14.544,0.996417,0.049843,0.790533,0.912615,-11.23,0.998266,0.03908,1.331105
6230.0,6240.0,01:43:50.000,01:44:00.000,0.992925,True,0.992925,-15.202,0.988099,0.097265,0.800072,0.974453,-11.503,0.994246,0.061672,1.340432
6240.0,6250.0,01:44:00.000,01:44:10.000,0.961532,True,0.961532,-11.485,0.997197,0.054064,1.188759,0.919703,-7.765,0.998655,0.040624,2.597176
6250.0,6260.0,01:44:10.000,01:44:20.000,0.972355,True,0.972355,-19.511,0.989714,0.061217,0.444101,0.959,-14.519,0.996115,0.053063,0.939767
6260.0,6270.0,01:44:20.000,01:44:30.000,0.992278,True,0.992278,-8.372,0.994949,0.088741,1.780444,0.991252,-4.412,0.997414,0.084188,3.458001
6270.0,6280.0,01:44:30.000,01:44:40.000,0.992416,True,0.992416,-7.4,0.990573,0.090098,2.409221,0.991268,-5.328,0.993538,0.08489,3.505036
6280.0,6290.0,01:44:40.000,01:44:50.000,0.992034,True,0.992034,-10.16,0.986048,0.090033,1.528367,0.990408,-7.94,0.991936,0.082796,1.576754
6290.0,6300.0,01:44:50.000,01:45:00.000,0.988619,True,0.988619,-14.715,0.992241,0.079554,1.066354,0.980903,-10.75,0.994434,0.067241,1.412377
6300.0,6310.0,01:45:00.000,01:45:10.000,0.991289,True,0.966818,-13.016,0.993026,0.056923,1.844987,0.991289,-8.086,0.99722,0.084707,3.531863
6310.0,6320.0,01:45:10.000,01:45:20.000,0.943481,False,0.943481,-16.051,0.994817,0.047317,1.000807,0.925584,-12.905,0.997112,0.042127,1.528236
6320.0,6330.0,01:45:20.000,01:45:30.000,0.922772,False,0.913147,-14.648,0.996985,0.039275,0.936447,0.922772,-10.405,0.998546,0.041379,1.512648
6330.0,6340.0,01:45:30.000,01:45:40.000,0.9693,True,0.957508,-12.021,0.995874,0.052311,1.112416,0.9693,-9.595,0.997469,0.058087,1.564516
6340.0,6350.0,01:45:40.000,01:45:50.000,0.993972,True,0.993972,-13.362,0.993584,0.101937,1.271033,0.989887,-10.594,0.996668,0.08117,1.248435
6350.0,6360.0,01:45:50.000,01:46:00.000,0.993084,True,0.993084,-10.629,0.991797,0.094101,1.088797,0.984927,-7.449,0.995989,0.07177,2.293165
6360.0,6370.0,01:46:00.000,01:46:10.000,0.992596,True,0.992596,-11.926,0.989291,0.092597,0.849346,0.991329,-8.718,0.99381,0.085458,1.370587
6370.0,6380.0,01:46:10.000,01:46:20.000,0.992059,True,0.992059,-10.19,0.991022,0.08903,1.569571,0.990959,-7.118,0.994851,0.0839,1.871477
6380.0,6390.0,01:46:20.000,01:46:30.000,0.979138,True,0.97716,-12.795,0.993007,0.063944,0.904091,0.979138,-10.686,0.99576,0.065439,1.426678
6390.0,6400.0,01:46:30.000,01:46:40.000,0.974642,True,0.974642,-16.323,0.993965,0.06224,0.687976,0.961812,-13.894,0.996344,0.054318,1.115301
6400.0,6410.0,01:46:40.000,01:46:50.000,0.986161,True,0.986161,-15.692,0.994339,0.074815,0.823076,0.935926,-11.639,0.998237,0.044836,1.386557
6410.0,6420.0,01:46:50.000,01:47:00.000,0.986855,True,0.975415,-9.995,0.996008,0.062257,1.69455,0.986855,-7.127,0.997488,0.074566,2.639396
6420.0,6430.0,01:47:00.000,01:47:10.000,0.993811,True,0.991621,-9.833,0.993132,0.086807,1.507752,0.993811,-7.243,0.996426,0.096229,1.760103
6430.0,6440.0,01:47:10.000,01:47:20.000,0.991526,True,0.976409,-11.77,0.99512,0.063167,1.096333,0.991526,-5.48,0.99725,0.085175,2.30721
6440.0,6450.0,01:47:20.000,01:47:30.000,0.989417,True,0.962633,-9.376,0.996788,0.054535,1.482413,0.989417,-5.895,0.9976,0.079427,2.001146
6450.0,6460.0,01:47:30.000,01:47:40.000,0.989382,True,0.988132,-12.022,0.992136,0.077898,0.909092,0.989382,-9.645,0.995191,0.079965,1.411425
6460.0,6470.0,01:47:40.000,01:47:50.000,0.991884,True,0.991884,-13.372,0.987552,0.090174,0.957589,0.989777,-11.255,0.992979,0.081453,1.204637
6470.0,6480.0,01:47:50.000,01:48:00.000,0.987305,True,0.987305,-16.954,0.9899,0.077728,0.698141,0.983679,-13.846,0.993628,0.070832,1.010279
6480.0,6490.0,01:48:00.000,01:48:10.000,0.961352,True,0.961352,-19.93,0.993035,0.054722,0.495407,0.943528,-16.759,0.996335,0.047348,0.853244
6490.0,6500.0,01:48:10.000,01:48:20.000,0.956016,True,0.816269,-14.985,0.997487,0.023628,1.545941,0.956016,-8.594,0.997974,0.051564,2.82843
6500.0,6510.0,01:48:20.000,01:48:30.000,0.961256,True,0.901685,-14.303,0.996349,0.036898,0.966066,0.961256,-8.712,0.998066,0.053841,1.688113
6510.0,6520.0,01:48:30.000,01:48:40.000,0.995362,True,0.961328,-10.264,0.995731,0.053961,1.159686,0.995362,-4.269,0.997237,0.111844,3.114896
6520.0,6530.0,01:48:40.000,01:48:50.000,0.991528,True,0.970387,-14.296,0.993653,0.059099,1.133107,0.991528,-6.87,0.997376,0.085306,2.98549
6530.0,6540.0,01:48:50.000,01:49:00.000,0.969256,True,0.913955,-14.405,0.996839,0.039447,0.749934,0.969256,-8.542,0.998001,0.058016,1.45105
6540.0,6550.0,01:49:00.000,01:49:10.000,0.946829,False,0.873284,-19.801,0.995462,0.032001,0.429761,0.946829,-10.083,0.998204,0.048182,1.864623
6550.0,6560.0,01:49:10.000,01:49:20.000,0.952442,True,0.935881,-18.922,0.993882,0.045178,0.698289,0.952442,-10.954,0.998005,0.050212,1.401448
6560.0,6570.0,01:49:20.000,01:49:30.000,0.964352,True,0.919837,-18.418,0.993647,0.040967,0.599443,0.964352,-15.676,0.9947,0.055731,0.567548
6570.0,6580.0,01:49:30.000,01:49:40.000,0.977125,True,0.977125,-14.168,0.995155,0.06395,0.825064,0.961709,-11.435,0.997683,0.054135,1.281877
6580.0,6590.0,01:49:40.000,01:49:50.000,0.981441,True,0.981441,-14.955,0.994028,0.068277,0.99467,0.948897,-11.78,0.99683,0.048957,1.565049
6590.0,6600.0,01:49:50.000,01:50:00.000,0.990561,True,0.990561,-19.379,0.991785,0.088179,0.698102,0.972795,-15.853,0.996492,0.06075,0.980722
6600.0,6610.0,01:50:00.000,01:50:10.000,0.991586,True,0.991586,-14.708,0.993852,0.088208,0.918248,0.943185,-11.262,0.997988,0.047013,1.805525
6610.0,6620.0,01:50:10.000,01:50:20.000,0.968198,True,0.968198,-14.012,0.995246,0.057707,1.113598,0.926257,-10.635,0.997686,0.042246,1.153072
6620.0,6630.0,01:50:20.000,01:50:30.000,0.978465,True,0.978465,-16.32,0.988913,0.065694,0.644646,0.971868,-13.36,0.994034,0.059981,1.010652
6630.0,6640.0,01:50:30.000,01:50:40.000,0.988584,True,0.988584,-13.883,0.98668,0.079891,0.970477,0.970774,-11.369,0.993571,0.059172,1.231673
6640.0,6650.0,01:50:40.000,01:50:50.000,0.980109,True,0.980109,-11.124,0.994553,0.066455,1.160775,0.977607,-8.886,0.996849,0.063944,1.776273
6650.0,6660.0,01:50:50.000,01:51:00.000,0.994632,True,0.98591,-10.881,0.994548,0.073576,1.335683,0.994632,-6.492,0.997202,0.102571,2.240139
6660.0,6670.0,01:51:00.000,01:51:10.000,0.985833,True,0.981264,-12.49,0.992877,0.067846,1.394037,0.985833,-10.893,0.995139,0.073414,1.2935
6670.0,6680.0,01:51:10.000,01:51:20.000,0.972683,True,0.934223,-15.712,0.995021,0.044515,0.890577,0.972683,-9.036,0.997815,0.060201,2.339823
6680.0,6690.0,01:51:20.000,01:51:30.000,0.994173,True,0.973591,-12.446,0.993512,0.061127,1.239606,0.994173,-6.873,0.996957,0.09862,1.861787
6690.0,6700.0,01:51:30.000,01:51:40.000,0.971133,True,0.920212,-17.199,0.992887,0.041005,0.659221,0.971133,-13.322,0.997071,0.059405,1.235115
6700.0,6710.0,01:51:40.000,01:51:50.000,0.982447,True,0.927518,-13.606,0.995887,0.042645,1.112313,0.982447,-9.25,0.997476,0.068674,1.585299
6710.0,6720.0,01:51:50.000,01:52:00.000,0.948095,False,0.948095,-18.239,0.993449,0.049041,0.553063,0.939813,-14.288,0.996694,0.046069,0.900307
6720.0,6730.0,01:52:00.000,01:52:10.000,0.932112,False,0.912397,-16.906,0.996222,0.039189,0.569053,0.932112,-12.879,0.998197,0.043806,1.413117
6730.0,6740.0,01:52:10.000,01:52:20.000,0.868296,False,0.868296,-17.924,0.996234,0.031122,0.582392,0.846523,-13.548,0.998821,0.027734,1.388064
6740.0,6750.0,01:52:20.000,01:52:30.000,0.914418,False,0.914418,-15.41,0.996442,0.03958,0.773624,0.909755,-13.103,0.998139,0.038502,1.217035
6750.0,6760.0,01:52:30.000,01:52:40.000,0.975186,True,0.975186,-18.3,0.994314,0.062958,0.489816,0.949651,-15.629,0.997612,0.049362,0.777875
6760.0,6770.0,01:52:40.000,01:52:50.000,0.984751,True,0.984751,-14.945,0.993623,0.072496,1.262754,0.964624,-11.57,0.996973,0.05559,1.563307
6770.0,6780.0,01:52:50.000,01:53:00.000,0.982716,True,0.982716,-15.868,0.990633,0.070131,0.706245,0.959548,-12.252,0.996307,0.053201,1.448833
6780.0,6790.0,01:53:00.000,01:53:10.000,0.990097,True,0.990097,-17.139,0.993898,0.084309,0.595325,0.945994,-13.039,0.997632,0.047983,0.940773
6790.0,6800.0,01:53:10.000,01:53:20.000,0.965981,True,0.965981,-18.15,0.996692,0.056795,0.718526,0.94868,-13.979,0.998134,0.048932,0.978308
6800.0,6810.0,01:53:20.000,01:53:30.000,0.947933,False,0.947933,-20.482,0.997299,0.049138,0.340369,0.923696,-16.862,0.998075,0.041774,0.576257
6810.0,6820.0,01:53:30.000,01:53:40.000,0.955785,True,0.955785,-22.279,0.995736,0.052507,0.367535,0.934877,-17.946,0.997436,0.04478,0.612197
6820.0,6830.0,01:53:40.000,01:53:50.000,0.969658,True,0.969658,-20.566,0.990098,0.059582,0.834026,0.900222,-17.741,0.996723,0.036708,0.565493
6830.0,6840.0,01:53:50.000,01:54:00.000,0.986739,True,0.986739,-22.135,0.988012,0.080089,0.370533,0.961284,-18.362,0.995656,0.05443,0.582647
6840.0,6850.0,01:54:00.000,01:54:10.000,0.983453,True,0.983453,-25.224,0.987624,0.076924,0.239191,0.927273,-21.037,0.994956,0.042975,0.446331
6850.0,6860.0,01:54:10.000,01:54:20.000,0.928075,False,0.928075,-23.308,0.996092,0.043425,0.303365,0.923357,-20.601,0.997338,0.04192,0.478953
6860.0,6870.0,01:54:20.000,01:54:30.000,0.944759,False,0.944759,-23.498,0.996392,0.048483,0.33644,0.881983,-19.653,0.998368,0.033434,0.449168
6870.0,6880.0,01:54:30.000,01:54:40.000,0.976345,True,0.976345,-23.012,0.993664,0.065416,0.334407,0.954781,-18.799,0.996305,0.051586,0.521473
6880.0,6890.0,01:54:40.000,01:54:50.000,0.992038,True,0.990548,-23.936,0.961701,0.157079,0.319349,0.992038,-21.264,0.975397,0.112391,0.379046
6890.0,6900.0,01:54:50.000,01:55:00.000,0.987506,True,0.987506,-25.696,0.979896,0.091408,0.260307,0.969454,-22.761,0.989906,0.060043,0.352582
6900.0,6910.0,01:55:00.000,01:55:10.000,0.99058,True,0.98997,-24.665,0.966938,0.118034,0.353541,0.99058,-22.91,0.973581,0.103375,0.398724
6910.0,6920.0,01:55:10.000,01:55:20.000,0.958812,True,0.958812,-26.046,0.994536,0.055002,0.229896,0.899266,-22.651,0.996994,0.036809,0.335571
6920.0,6930.0,01:55:20.000,01:55:30.000,0.928942,False,0.928942,-24.77,0.996539,0.043879,0.276026,0.901406,-20.539,0.997499,0.037072,0.569481
6930.0,6940.0,01:55:30.000,01:55:40.000,0.943795,False,0.943795,-27.983,0.991333,0.04948,0.354314,0.910863,-25.086,0.99517,0.03952,0.379656
6940.0,6950.0,01:55:40.000,01:55:50.000,0.917369,False,0.864032,-26.763,0.993532,0.03108,0.333377,0.917369,-19.818,0.996684,0.040442,0.710958
6950.0,6960.0,01:55:50.000,01:56:00.000,0.974435,True,0.90206,-10.94,0.997253,0.036908,2.55443,0.974435,-5.071,0.998123,0.061313,3.502265
6960.0,6970.0,01:56:00.000,01:56:10.000,0.98979,True,0.938535,-13.543,0.995818,0.045673,1.010282,0.98979,-7.199,0.997545,0.080408,1.978297
6970.0,6980.0,01:56:10.000,01:56:20.000,0.981668,True,0.882123,-16.159,0.996025,0.033355,0.798325,0.981668,-10.131,0.997548,0.067859,1.186083
6980.0,6990.0,01:56:20.000,01:56:30.000,0.990585,True,0.961496,-11.68,0.995785,0.054084,1.0262,0.990585,-6.256,0.997291,0.082405,2.167811
6990.0,7000.0,01:56:30.000,01:56:40.000,0.990803,True,0.986519,-12.771,0.989986,0.075187,0.965355,0.990803,-10.176,0.994317,0.083949,1.384909
7000.0,7010.0,01:56:40.000,01:56:50.000,0.939349,False,0.939349,-17.754,0.994482,0.046121,0.60522,0.888936,-13.638,0.998431,0.034478,1.252642
7010.0,7020.0,01:56:50.000,01:57:00.000,0.95143,True,0.828537,-15.912,0.99704,0.025276,0.801287,0.95143,-7.784,0.998594,0.049763,1.884339
7020.0,7030.0,01:57:00.000,01:57:10.000,0.965117,True,0.939079,-18.809,0.993746,0.046121,0.57644,0.965117,-10.019,0.997931,0.055769,1.323912
7030.0,7040.0,01:57:10.000,01:57:20.000,0.961952,True,0.961952,-24.197,0.978595,0.056369,0.235413,0.929081,-13.877,0.997389,0.043038,0.880006
7040.0,7050.0,01:57:20.000,01:57:30.000,0.955348,True,0.933878,-15.193,0.996712,0.044378,0.719765,0.955348,-10.847,0.99805,0.051342,1.143197
7050.0,7060.0,01:57:30.000,01:57:40.000,0.98905,True,0.98905,-10.738,0.994181,0.079462,1.561484,0.988514,-7.903,0.996846,0.077716,2.32463
7060.0,7070.0,01:57:40.000,01:57:50.000,0.988362,True,0.986204,-6.07,0.995232,0.073631,2.627423,0.988362,-4.608,0.996621,0.077221,2.190296
7070.0,7080.0,01:57:50.000,01:58:00.000,0.995438,True,0.987205,-7.584,0.993971,0.075475,2.682897,0.995438,-3.842,0.996887,0.113531,3.402682
7080.0,7090.0,01:58:00.000,01:58:10.000,0.993326,True,0.993326,-9.416,0.991018,0.095391,1.458986,0.987499,-6.415,0.996624,0.0757,2.528899
7090.0,7100.0,01:58:10.000,01:58:20.000,0.99221,True,0.949187,-12.974,0.99643,0.049102,1.252967,0.99221,-5.199,0.997832,0.087487,3.53596
7100.0,7110.0,01:58:20.000,01:58:30.000,0.981511,True,0.919236,-13.133,0.997271,0.040605,0.904204,0.981511,-8.037,0.997809,0.067564,1.644453
7110.0,7120.0,01:58:30.000,01:58:40.000,0.992277,True,0.968618,-10.9,0.996177,0.057767,1.38821,0.992277,-6.734,0.997597,0.087972,3.298741
7120.0,7130.0,01:58:40.000,01:58:50.000,0.957601,True,0.957601,-16.357,0.995495,0.052577,0.874147,0.949502,-14.955,0.997161,0.049282,0.775702
7130.0,7140.0,01:58:50.000,01:59:00.000,0.927658,False,0.919065,-20.095,0.997307,0.040849,0.450569,0.927658,-17.15,0.997747,0.042785,0.715584
7140.0,7150.0,01:59:00.000,01:59:10.000,0.990398,True,0.990398,-16.991,0.982531,0.087256,0.675225,0.989298,-13.132,0.993632,0.080573,1.298781
7150.0,7160.0,01:59:10.000,01:59:20.000,0.96146,True,0.931486,-15.071,0.996685,0.04372,0.900643,0.96146,-11.865,0.997567,0.054036,1.085925
7160.0,7170.0,01:59:20.000,01:59:30.000,0.994566,True,0.968507,-14.141,0.993715,0.057938,1.228238,0.994566,-7.179,0.996532,0.10246,2.309512
7170.0,7180.0,01:59:30.000,01:59:40.000,0.98728,True,0.98728,-15.061,0.986917,0.077371,1.004916,0.982698,-10.343,0.995242,0.069155,1.277807
7180.0,7190.0,01:59:40.000,01:59:50.000,0.967599,True,0.951646,-13.419,0.996343,0.050017,1.348549,0.967599,-8.502,0.998122,0.057059,1.706603
7190.0,7200.0,01:59:50.000,02:00:00.000,0.993418,True,0.993418,-10.791,0.991424,0.096432,1.377865,0.986898,-6.455,0.996409,0.074683,3.038673
7200.0,7210.0,02:00:00.000,02:00:10.000,0.985701,True,0.985701,-10.148,0.993137,0.073284,1.551505,0.984449,-6.461,0.996311,0.071054,1.93278
7210.0,7220.0,02:00:10.000,02:00:20.000,0.984285,True,0.984285,-13.353,0.98777,0.071976,1.042335,0.960088,-8.733,0.995492,0.05336,1.923079
7220.0,7230.0,02:00:20.000,02:00:30.000,0.97405,True,0.97405,-16.815,0.993734,0.061866,0.596859,0.957715,-13.326,0.996698,0.052434,0.806816
7230.0,7240.0,02:00:30.000,02:00:40.000,0.979081,True,0.979081,-15.874,0.994551,0.065951,1.123818,0.930734,-12.149,0.99731,0.043431,1.680295
7240.0,7250.0,02:00:40.000,02:00:50.000,0.976436,True,0.976436,-16.615,0.993315,0.063741,0.752834,0.925483,-11.9,0.997923,0.042072,1.259278
7250.0,7260.0,02:00:50.000,02:01:00.000,0.979193,True,0.979193,-14.927,0.994589,0.065926,0.728285,0.970595,-11.134,0.996713,0.058957,1.599749
7260.0,7270.0,02:01:00.000,02:01:10.000,0.989866,True,0.989866,-11.06,0.994121,0.081506,1.238929,0.989023,-7.871,0.996118,0.078857,2.422186
7270.0,7280.0,02:01:10.000,02:01:20.000,0.990913,True,0.990913,-10.801,0.995161,0.084289,1.757623,0.939165,-7.717,0.998366,0.045714,2.851166
7280.0,7290.0,02:01:20.000,02:01:30.000,0.98977,True,0.98977,-11.002,0.992487,0.081451,2.119987,0.981325,-8.567,0.996099,0.067475,2.04608
7290.0,7300.0,02:01:30.000,02:01:40.000,0.986816,True,0.986816,-15.208,0.991219,0.076108,0.698434,0.969137,-10.952,0.996333,0.05807,1.496653
7300.0,7310.0,02:01:40.000,02:01:50.000,0.980833,True,0.980833,-16.124,0.994218,0.067791,0.729861,0.94165,-11.691,0.997509,0.046547,1.260429
7310.0,7320.0,02:01:50.000,02:02:00.000,0.985005,True,0.985005,-17.606,0.991471,0.073717,0.497357,0.97817,-14.373,0.995748,0.064861,0.780136
7320.0,7330.0,02:02:00.000,02:02:10.000,0.992083,True,0.992083,-12.144,0.986869,0.090726,1.246022,0.9846,-8.952,0.995801,0.071424,2.301585
7330.0,7340.0,02:02:10.000,02:02:20.000,0.986005,True,0.965795,-14.723,0.993869,0.056445,0.843728,0.986005,-11.762,0.995394,0.073763,1.246541
7340.0,7350.0,02:02:20.000,02:02:30.000,0.984947,True,0.984947,-18.001,0.991443,0.073761,0.562218,0.959098,-16.327,0.994979,0.053244,0.548149
7350.0,7360.0,02:02:30.000,02:02:40.000,0.956641,True,0.956641,-18.297,0.995117,0.052335,0.552221,0.934688,-15.764,0.996696,0.044627,0.867852
7360.0,7370.0,02:02:40.000,02:02:50.000,0.954498,True,0.925926,-14.715,0.996136,0.04227,1.252673,0.954498,-10.503,0.998274,0.050991,1.381182
7370.0,7380.0,02:02:50.000,02:03:00.000,0.98919,True,0.98919,-17.852,0.99266,0.082266,0.646242,0.97552,-14.862,0.996325,0.062667,0.867255
7380.0,7390.0,02:03:00.000,02:03:10.000,0.990508,True,0.931536,-11.171,0.998345,0.043614,1.558589,0.990508,-7.863,0.998246,0.082237,3.351757
7390.0,7400.0,02:03:10.000,02:03:20.000,0.994826,True,0.986383,-7.938,0.99642,0.073931,2.808724,0.994826,-3.4,0.997189,0.103804,3.509131
7400.0,7410.0,02:03:20.000,02:03:30.000,0.993093,True,0.993093,-14.007,0.993508,0.0955,0.969606,0.959322,-10.418,0.996904,0.053029,1.80303
7410.0,7420.0,02:03:30.000,02:03:40.000,0.98869,True,0.92482,-11.711,0.996601,0.041919,1.735499,0.98869,-4.222,0.997701,0.077761,3.28965
7420.0,7430.0,02:03:40.000,02:03:50.000,0.995043,True,0.929865,-10.083,0.996362,0.043176,1.375616,0.995043,-3.625,0.997513,0.106338,3.160337
7430.0,7440.0,02:03:50.000,02:04:00.000,0.991937,True,0.978004,-11.445,0.994672,0.064507,1.022919,0.991937,-9.727,0.99615,0.087428,1.829395
7440.0,7450.0,02:04:00.000,02:04:10.000,0.978195,True,0.958245,-14.247,0.996115,0.052717,0.745779,0.978195,-12.244,0.997371,0.064622,0.988012
7450.0,7460.0,02:04:10.000,02:04:20.000,0.989422,True,0.989422,-11.358,0.993626,0.080502,1.53966,0.986679,-9.075,0.996103,0.07452,1.506082
7460.0,7470.0,02:04:20.000,02:04:30.000,0.984477,True,0.984477,-15.138,0.993265,0.072164,0.922623,0.970338,-12.349,0.995716,0.058883,1.038998
7470.0,7480.0,02:04:30.000,02:04:40.000,0.992974,True,0.992974,-12.692,0.990988,0.094663,1.171678,0.98404,-9.901,0.995525,0.070765,1.613786
7480.0,7490.0,02:04:40.000,02:04:50.000,0.992566,True,0.990165,-10.286,0.995021,0.082048,1.384308,0.992566,-8.547,0.995978,0.089809,1.654441
7490.0,7500.0,02:04:50.000,02:05:00.000,0.979405,True,0.979405,-14.534,0.994859,0.066069,0.743645,0.95173,-12.039,0.997859,0.049977,1.660406
7500.0,7510.0,02:05:00.000,02:05:10.000,0.963788,True,0.963788,-11.435,0.99667,0.055168,1.312341,0.949136,-8.047,0.998367,0.048943,1.922026
7510.0,7520.0,02:05:10.000,02:05:20.000,0.984774,True,0.984774,-13.897,0.994754,0.072265,1.090157,0.958359,-10.927,0.997157,0.052617,1.718049
7520.0,7530.0,02:05:20.000,02:05:30.000,0.974504,True,0.974504,-17.189,0.993577,0.062268,0.513015,0.94798,-14.522,0.997009,0.048726,0.837776
7530.0,7540.0,02:05:30.000,02:05:40.000,0.976394,True,0.976394,-19.632,0.98819,0.064513,0.4793,0.937487,-15.969,0.995719,0.045454,0.615942
7540.0,7550.0,02:05:40.000,02:05:50.000,0.94805,False,0.94805,-17.361,0.995688,0.048925,0.638748,0.9179,-15.163,0.997542,0.040346,0.984645
7550.0,7560.0,02:05:50.000,02:06:00.000,0.974246,True,0.974246,-21.232,0.985046,0.063281,0.400664,0.938128,-17.217,0.994148,0.045727,0.580693
7560.0,7570.0,02:06:00.000,02:06:10.000,0.903922,False,0.879272,-19.584,0.996383,0.032982,0.504802,0.903922,-16.645,0.997923,0.037393,0.710538
7570.0,7580.0,02:06:10.000,02:06:20.000,0.98088,True,0.98088,-15.578,0.994245,0.067749,0.949339,0.944155,-12.399,0.997534,0.04736,1.114657
7580.0,7590.0,02:06:20.000,02:06:30.000,0.969015,True,0.969015,-16.331,0.99661,0.058344,0.73496,0.937861,-13.946,0.998174,0.045455,0.89698
7590.0,7600.0,02:06:30.000,02:06:40.000,0.973313,True,0.973313,-20.374,0.984981,0.062305,0.352675,0.948868,-17.524,0.994892,0.04924,0.585529
7600.0,7610.0,02:06:40.000,02:06:50.000,0.9695,True,0.9695,-26.673,0.991706,0.061904,0.195089,0.886601,-21.812,0.997061,0.034373,0.340062
7610.0,7620.0,02:06:50.000,02:07:00.000,0.938766,False,0.938766,-24.15,0.99273,0.046685,0.209536,0.893117,-20.546,0.99748,0.035479,0.447466
7620.0,7630.0,02:07:00.000,02:07:10.000,0.897496,False,0.897496,-23.452,0.989756,0.036598,0.372683,0.868449,-17.999,0.998097,0.031136,0.617978
7630.0,7640.0,02:07:10.000,02:07:20.000,0.851971,False,0.845913,-22.821,0.995144,0.027958,0.282051,0.851971,-18.762,0.998141,0.028641,0.429448
7640.0,7650.0,02:07:20.000,02:07:30.000,0.888861,False,0.888861,-23.783,0.996144,0.034948,0.258451,0.868004,-20.475,0.997927,0.031162,0.380719
7650.0,7660.0,02:07:30.000,02:07:40.000,0.970833,True,0.89218,-16.631,0.996255,0.035151,0.882058,0.970833,-10.387,0.9979,0.059041,1.310971
7660.0,7670.0,02:07:40.000,02:07:50.000,0.988575,True,0.988575,-18.101,0.952836,0.088825,0.543012,0.985956,-13.449,0.982463,0.075015,1.060018
7670.0,7680.0,02:07:50.000,02:08:00.000,0.930492,False,0.916329,-17.312,0.995783,0.040082,0.708525,0.930492,-13.369,0.998004,0.043388,1.025238
7680.0,7690.0,02:08:00.000,02:08:10.000,0.936961,False,0.936961,-21.695,0.993132,0.045762,0.42107,0.927532,-16.93,0.997473,0.042746,0.609331
7690.0,7700.0,02:08:10.000,02:08:20.000,0.909266,False,0.909266,-19.72,0.996055,0.03865,0.429516,0.88352,-15.905,0.998066,0.033575,0.69559
7700.0,7710.0,02:08:20.000,02:08:30.000,0.958522,True,0.958522,-18.127,0.995024,0.05314,0.515283,0.946548,-14.977,0.997501,0.048245,0.821165
7710.0,7720.0,02:08:30.000,02:08:40.000,0.990362,True,0.990362,-17.787,0.988168,0.086608,0.563533,0.974102,-13.58,0.994239,0.06155,1.10208
7720.0,7730.0,02:08:40.000,02:08:50.000,0.993768,True,0.992016,-19.12,0.954395,0.169008,0.640658,0.993768,-16.35,0.971555,0.145449,0.669676
7730.0,7740.0,02:08:50.000,02:09:00.000,0.991941,True,0.990493,-17.875,0.99261,0.086346,0.794775,0.991941,-15.59,0.995694,0.089868,0.754844
7740.0,7750.0,02:09:00.000,02:09:10.000,0.985815,True,0.985815,-24.845,0.98985,0.08133,0.293711,0.892836,-20.558,0.996306,0.035437,0.466725
7750.0,7760.0,02:09:10.000,02:09:20.000,0.977565,True,0.977565,-19.774,0.9925,0.065418,0.424384,0.957167,-16.808,0.99645,0.052405,0.56045
7760.0,7770.0,02:09:20.000,02:09:30.000,0.993453,True,0.993453,-14.804,0.991592,0.099613,0.995592,0.972226,-11.287,0.997035,0.060008,1.968088
7770.0,7780.0,02:09:30.000,02:09:40.000,0.989947,True,0.989947,-17.75,0.992067,0.084509,0.610727,0.974148,-14.523,0.994525,0.061654,0.979447
7780.0,7790.0,02:09:40.000,02:09:50.000,0.981013,True,0.981013,-20.615,0.994848,0.069185,0.553746,0.942651,-17.55,0.996345,0.047113,0.511859
7790.0,7800.0,02:09:50.000,02:10:00.000,0.989581,True,0.989118,-24.681,0.959822,0.11038,0.244168,0.989581,-22.161,0.975409,0.092393,0.308317
7800.0,7810.0,02:10:00.000,02:10:10.000,0.956498,True,0.956498,-26.315,0.989986,0.054092,0.250693,0.92514,-23.55,0.994491,0.042709,0.321984
7810.0,7820.0,02:10:10.000,02:10:20.000,0.986495,True,0.986495,-24.978,0.974428,0.086241,0.398553,0.973996,-21.048,0.98736,0.062927,0.389041
7820.0,7830.0,02:10:20.000,02:10:30.000,0.983373,True,0.983373,-22.664,0.993454,0.073603,0.461124,0.870062,-18.275,0.997973,0.031404,0.509406
7830.0,7840.0,02:10:30.000,02:10:40.000,0.975482,True,0.975482,-18.114,0.994831,0.063143,0.614797,0.931624,-13.831,0.99776,0.043705,1.507071
7840.0,7850.0,02:10:40.000,02:10:50.000,0.962452,True,0.91528,-13.423,0.996961,0.039716,1.153609,0.962452,-10.272,0.99801,0.054445,1.463338
7850.0,7860.0,02:10:50.000,02:11:00.000,0.989564,True,0.989564,-16.251,0.987397,0.083197,0.760181,0.981791,-12.916,0.994538,0.068382,0.934417
7860.0,7870.0,02:11:00.000,02:11:10.000,0.984433,True,0.984433,-12.812,0.992207,0.071798,0.936655,0.982929,-9.618,0.99597,0.069338,1.562583
7870.0,7880.0,02:11:10.000,02:11:20.000,0.970574,True,0.970574,-13.645,0.994425,0.059147,0.885909,0.963423,-9.96,0.99732,0.054924,1.72984
7880.0,7890.0,02:11:20.000,02:11:30.000,0.947428,False,0.928897,-10.78,0.997651,0.042921,1.904431,0.947428,-10.263,0.998269,0.048389,1.942878
7890.0,7900.0,02:11:30.000,02:11:40.000,0.995038,True,0.995038,-5.129,0.991555,0.111272,2.96255,0.993636,-3.185,0.994118,0.095064,2.848801
7900.0,7910.0,02:11:40.000,02:11:50.000,0.994733,True,0.9927,-4.365,0.992108,0.090637,3.323489,0.994733,-2.665,0.993555,0.104565,2.886945
7910.0,7920.0,02:11:50.000,02:12:00.000,0.994791,True,0.994129,-5.823,0.987512,0.10208,4.310764,0.994791,-4.347,0.991721,0.106886,3.310077
7920.0,7930.0,02:12:00.000,02:12:10.000,0.99343,True,0.990556,-7.91,0.993945,0.082934,1.685215,0.99343,-5.483,0.995623,0.09371,2.453782
7930.0,7940.0,02:12:10.000,02:12:20.000,0.994561,True,0.990476,-6.104,0.993618,0.082569,2.358256,0.994561,-4.79,0.994843,0.102474,2.648377
7940.0,7950.0,02:12:20.000,02:12:30.000,0.993041,True,0.993041,-9.221,0.986975,0.094834,1.571358,0.98529,-5.725,0.994335,0.072311,2.582816
7950.0,7960.0,02:12:30.000,02:12:40.000,0.990851,True,0.990851,-10.216,0.99282,0.084328,2.207368,0.984793,-8.31,0.995663,0.071655,2.250646
7960.0,7970.0,02:12:40.000,02:12:50.000,0.994785,True,0.994785,-12.458,0.985716,0.122539,1.015783,0.990205,-9.697,0.993689,0.082232,1.227443
7970.0,7980.0,02:12:50.000,02:13:00.000,0.989901,True,0.989901,-12.309,0.992295,0.082093,1.209839,0.967277,-10.556,0.996089,0.056992,1.223535
7980.0,7990.0,02:13:00.000,02:13:10.000,0.989984,True,0.989187,-11.905,0.992034,0.080225,1.139842,0.989984,-10.511,0.99294,0.081869,1.481989
7990.0,8000.0,02:13:10.000,02:13:20.000,0.974598,True,0.974598,-14.107,0.994082,0.061967,0.76323,0.958152,-11.374,0.997489,0.052535,1.5008
8000.0,8010.0,02:13:20.000,02:13:30.000,0.984208,True,0.966321,-15.113,0.993127,0.056778,0.840998,0.984208,-12.884,0.996505,0.071222,1.336677
8010.0,8020.0,02:13:30.000,02:13:40.000,0.966766,True,0.955786,-15.782,0.995966,0.051764,0.682526,0.966766,-12.564,0.997982,0.056746,1.676654
8020.0,8030.0,02:13:40.000,02:13:50.000,0.913448,False,0.891497,-17.407,0.996796,0.035046,0.639126,0.913448,-12.727,0.998627,0.039283,1.318029
8030.0,8040.0,02:13:50.000,02:14:00.000,0.907835,False,0.907835,-24.393,0.995584,0.038762,0.322797,0.899301,-23.01,0.997638,0.036843,0.294253
8040.0,8050.0,02:14:00.000,02:14:10.000,0.936748,False,0.851658,-16.58,0.997513,0.02854,0.568375,0.936748,-10.035,0.998649,0.045036,1.604804
8050.0,8060.0,02:14:10.000,02:14:20.000,0.976252,True,0.872698,-18.852,0.995749,0.031864,0.653536,0.976252,-9.972,0.997322,0.062862,1.859013
8060.0,8070.0,02:14:20.000,02:14:30.000,0.967978,True,0.887502,-14.804,0.996649,0.034258,0.944598,0.967978,-7.982,0.998181,0.057258,2.270835
8070.0,8080.0,02:14:30.000,02:14:40.000,0.975184,True,0.975184,-15.728,0.994129,0.06258,0.720853,0.971467,-8.831,0.997526,0.059402,1.564459
8080.0,8090.0,02:14:40.000,02:14:50.000,0.984993,True,0.984993,-18.388,0.995558,0.073664,0.728314,0.94744,-15.502,0.997566,0.048574,0.768603
8090.0,8100.0,02:14:50.000,02:15:00.000,0.952656,True,0.952656,-24.454,0.995676,0.051675,0.294331,0.856444,-20.035,0.998507,0.029351,0.535495
8100.0,8110.0,02:15:00.000,02:15:10.000,0.979261,True,0.979261,-28.029,0.990748,0.073894,0.156698,0.944623,-23.371,0.99451,0.048442,0.342879
8110.0,8120.0,02:15:10.000,02:15:20.000,0.927848,False,0.927848,-27.294,0.996155,0.044139,0.184116,0.903952,-25.969,0.998067,0.038145,0.250147
8120.0,8130.0,02:15:20.000,02:15:30.000,0.854262,False,0.854262,-25.55,0.99664,0.029403,0.287088,0.818591,-22.054,0.998739,0.024126,0.366711
8130.0,8140.0,02:15:30.000,02:15:40.000,0.978334,True,0.978334,-32.84,0.961928,0.131926,0.293807,0.96879,-29.543,0.984068,0.064396,0.260699
8140.0,8150.0,02:15:40.000,02:15:50.000,0.987836,True,0.936734,-30.468,0.78045,0.270798,0.215995,0.987836,-23.979,0.935742,0.1175,0.432996
8150.0,8160.0,02:15:50.000,02:16:00.000,0.957106,True,0.954189,-23.233,0.991394,0.052107,0.306938,0.957106,-14.349,0.997974,0.052198,0.72963
8160.0,8170.0,02:16:00.000,02:16:10.000,0.918444,False,0.918444,-28.151,0.99172,0.041962,0.16944,0.827054,-21.319,0.998529,0.025225,0.374852
8170.0,8180.0,02:16:10.000,02:16:20.000,0.90672,False,0.90672,-25.594,0.99705,0.038679,0.341285,0.890828,-21.759,0.99829,0.035126,0.49511
8180.0,8190.0,02:16:20.000,02:16:30.000,0.874957,False,0.874957,-21.79,0.996049,0.032376,0.452794,0.825256,-18.153,0.998155,0.024877,0.782073
8190.0,8200.0,02:16:30.000,02:16:40.000,0.979115,True,0.979115,-26.955,0.982557,0.072564,0.357261,0.862291,-22.292,0.994382,0.030385,0.483592
8200.0,8210.0,02:16:40.000,02:16:50.000,0.861553,False,0.861553,-21.646,0.997261,0.030215,0.479565,0.823845,-17.92,0.998724,0.02468,0.643081
8210.0,8220.0,02:16:50.000,02:17:00.000,0.914079,False,0.914079,-19.081,0.996122,0.039659,0.456006,0.894915,-13.874,0.998467,0.035574,0.930108
8220.0,8230.0,02:17:00.000,02:17:10.000,0.969273,True,0.969273,-18.92,0.996309,0.058841,0.637581,0.955988,-15.631,0.997926,0.051802,0.707433
8230.0,8240.0,02:17:10.000,02:17:20.000,0.988709,True,0.988709,-13.426,0.994024,0.079222,1.934904,0.981382,-11.555,0.996397,0.067711,1.214644
8240.0,8250.0,02:17:20.000,02:17:30.000,0.992848,True,0.992848,-15.327,0.9896,0.0963,0.688121,0.971659,-11.923,0.995181,0.059721,1.872465
8250.0,8260.0,02:17:30.000,02:17:40.000,0.988584,True,0.988584,-19.031,0.993491,0.081309,0.532007,0.918386,-15.024,0.997938,0.04045,1.008427
8260.0,8270.0,02:17:40.000,02:17:50.000,0.952552,True,0.952552,-23.249,0.990621,0.051448,0.264032,0.873144,-18.113,0.997201,0.031902,0.767679
8270.0,8280.0,02:17:50.000,02:18:00.000,0.938485,False,0.938485,-21.716,0.996378,0.046181,0.367913,0.911144,-18.423,0.997495,0.038971,0.457491
8280.0,8290.0,02:18:00.000,02:18:10.000,0.978899,True,0.978899,-19.587,0.993775,0.066594,0.943899,0.927521,-16.292,0.997658,0.042713,0.754725
8290.0,8300.0,02:18:10.000,02:18:20.000,0.988274,True,0.988274,-21.462,0.989593,0.083158,0.470922,0.937224,-16.988,0.99617,0.04542,0.674846
8300.0,8310.0,02:18:20.000,02:18:30.000,0.974998,True,0.970029,-16.609,0.99578,0.059021,0.779404,0.974998,-12.824,0.997347,0.062055,1.157764
8310.0,8320.0,02:18:30.000,02:18:40.000,0.921984,False,0.921984,-17.276,0.993817,0.041421,0.886664,0.91228,-11.796,0.998248,0.039017,1.613633
8320.0,8330.0,02:18:40.000,02:18:50.000,0.956487,True,0.946973,-21.486,0.990043,0.049041,0.424112,0.956487,-15.105,0.997613,0.051984,0.781149
8330.0,8340.0,02:18:50.000,02:19:00.000,0.957856,True,0.957856,-17.251,0.995198,0.052763,0.715885,0.928436,-13.279,0.997996,0.042848,0.967186
8340.0,8350.0,02:19:00.000,02:19:10.000,0.978111,True,0.978111,-17.951,0.993927,0.065426,0.711071,0.970567,-15.519,0.996421,0.059233,0.711356
8350.0,8360.0,02:19:10.000,02:19:20.000,0.980307,True,0.94218,-15.261,0.995724,0.046852,0.628033,0.980307,-7.326,0.998237,0.066286,1.816431
8360.0,8370.0,02:19:20.000,02:19:30.000,0.939312,False,0.890344,-15.806,0.99696,0.034788,0.603566,0.939312,-12.136,0.998466,0.045832,1.117968
8370.0,8380.0,02:19:30.000,02:19:40.000,0.994648,True,0.994648,-10.441,0.993105,0.107378,1.249585,0.993848,-7.796,0.996114,0.096737,1.788449
8380.0,8390.0,02:19:40.000,02:19:50.000,0.985191,True,0.985191,-9.34,0.995034,0.072327,2.330686,0.975921,-6.038,0.997311,0.062471,1.993058
8390.0,8400.0,02:19:50.000,02:20:00.000,0.991878,True,0.991878,-10.094,0.99466,0.087556,1.459126,0.991802,-7.556,0.996589,0.08647,1.593373
8400.0,8410.0,02:20:00.000,02:20:10.000,0.991517,True,0.981159,-6.94,0.995735,0.067249,2.399597,0.991517,-5.212,0.996991,0.085159,3.073724
8410.0,8420.0,02:20:10.000,02:20:20.000,0.995191,True,0.995191,-5.238,0.990707,0.115496,3.190953,0.994206,-2.566,0.99314,0.099488,4.527884
8420.0,8430.0,02:20:20.000,02:20:30.000,0.993396,True,0.993145,-7.119,0.987092,0.094867,1.824776,0.993396,-4.953,0.992119,0.094424,2.09037
8430.0,8440.0,02:20:30.000,02:20:40.000,0.975058,True,0.975058,-15.361,0.994111,0.06244,0.959495,0.959141,-12.635,0.996092,0.053038,1.453934
8440.0,8450.0,02:20:40.000,02:20:50.000,0.984611,True,0.984611,-16.455,0.992923,0.072677,0.655571,0.976946,-14.669,0.995207,0.063849,0.673646
8450.0,8460.0,02:20:50.000,02:21:00.000,0.993117,True,0.987977,-6.533,0.996484,0.076596,2.898296,0.993117,-4.766,0.997082,0.091559,4.880557
8460.0,8470.0,02:21:00.000,02:21:10.000,0.983628,True,0.934641,-13.966,0.995993,0.044559,1.159084,0.983628,-9.341,0.997913,0.070061,2.097593
8470.0,8480.0,02:21:10.000,02:21:20.000,0.975527,True,0.935662,-15.135,0.994672,0.044904,1.069084,0.975527,-9.455,0.997757,0.062259,1.523651
8480.0,8490.0,02:21:20.000,02:21:30.000,0.994433,True,0.929002,-14.977,0.996786,0.043058,0.991357,0.994433,-8.35,0.997194,0.101311,1.792926
8490.0,8500.0,02:21:30.000,02:21:40.000,0.913361,False,0.858684,-20.263,0.993158,0.029733,0.738389,0.913361,-12.77,0.998442,0.039266,1.417923
8500.0,8510.0,02:21:40.000,02:21:50.000,0.975807,True,0.89158,-15.186,0.997331,0.034995,0.969536,0.975807,-9.012,0.99817,0.062443,1.510465
8510.0,8520.0,02:21:50.000,02:22:00.000,0.980298,True,0.862148,-16.645,0.995236,0.030132,1.450938,0.980298,-11.181,0.997042,0.066532,1.315607
8520.0,8530.0,02:22:00.000,02:22:10.000,0.986178,True,0.882801,-16.555,0.995483,0.033486,0.888063,0.986178,-10.965,0.997457,0.073792,1.18842
8530.0,8540.0,02:22:10.000,02:22:20.000,0.860653,False,0.859768,-21.274,0.995484,0.029931,0.429952,0.860653,-13.575,0.998833,0.029823,0.894813
8540.0,8550.0,02:22:20.000,02:22:30.000,0.870463,False,0.859486,-23.307,0.994565,0.030018,0.363132,0.870463,-16.772,0.998516,0.03142,0.617315
8550.0,8560.0,02:22:30.000,02:22:40.000,0.92612,False,0.92612,-21.572,0.996049,0.042715,0.366767,0.873251,-17.765,0.998171,0.031902,0.552295
8560.0,8570.0,02:22:40.000,02:22:50.000,0.968704,True,0.968704,-19.363,0.995023,0.058599,1.041208,0.963384,-17.251,0.996565,0.055328,0.953984
8570.0,8580.0,02:22:50.000,02:23:00.000,0.98179,True,0.98179,-14.87,0.993929,0.068663,0.896804,0.970295,-12.227,0.996608,0.058825,0.936739
8580.0,8590.0,02:23:00.000,02:23:10.000,0.97195,True,0.97195,-14.03,0.994948,0.060055,1.596014,0.9403,-10.856,0.997563,0.046114,1.83985
8590.0,8600.0,02:23:10.000,02:23:20.000,0.983036,True,0.983036,-10.971,0.991957,0.069798,1.029919,0.968441,-8.33,0.997106,0.057558,1.697085
8600.0,8610.0,02:23:20.000,02:23:30.000,0.977438,True,0.97419,-11.905,0.996798,0.061415,1.280058,0.977438,-11.556,0.997365,0.063919,1.334423
8610.0,8620.0,02:23:30.000,02:23:40.000,0.939717,False,0.939717,-16.095,0.997537,0.046102,0.823607,0.843871,-16.278,0.997706,0.027406,0.769858
8620.0,8630.0,02:23:40.000,02:23:50.000,0.856428,False,0.856428,-23.557,0.996062,0.02956,0.302602,0.748054,-23.549,0.997982,0.015408,0.270721
8630.0,8640.0,02:23:50.000,02:24:00.000,0.910065,False,0.910065,-20.475,0.996656,0.038863,0.59151,0.88074,-17.162,0.998035,0.033132,0.886014
8640.0,8650.0,02:24:00.000,02:24:10.000,0.985841,True,0.985841,-19.901,0.991315,0.076142,0.513194,0.931658,-15.147,0.996105,0.043776,0.99626
8650.0,8660.0,02:24:10.000,02:24:20.000,0.936152,False,0.936152,-22.429,0.99409,0.045599,0.474561,0.846601,-19.124,0.998331,0.027869,0.695127
8660.0,8670.0,02:24:20.000,02:24:30.000,0.95232,True,0.951287,-31.313,0.814099,0.103343,0.220185,0.95232,-27.267,0.907678,0.055928,0.338388
8670.0,8680.0,02:24:30.000,02:24:40.000,0.973182,True,0.973182,-27.58,0.990538,0.065843,0.224471,0.937946,-24.387,0.994261,0.046452,0.363315
8680.0,8690.0,02:24:40.000,02:24:50.000,0.980049,True,0.980049,-18.141,0.992235,0.067471,0.523313,0.959935,-15.348,0.995886,0.053537,0.737386
8690.0,8700.0,02:24:50.000,02:25:00.000,0.970005,True,0.970005,-19.569,0.993511,0.0595,0.54589,0.946232,-14.977,0.997192,0.048142,0.835148
8700.0,8710.0,02:25:00.000,02:25:10.000,0.987994,True,0.987994,-20.496,0.986789,0.081796,0.542732,0.959119,-16.946,0.994102,0.05332,0.752158
8710.0,8720.0,02:25:10.000,02:25:20.000,0.971133,True,0.971133,-25.381,0.994991,0.062209,0.310904,0.930882,-22.188,0.997061,0.044031,0.411283
8720.0,8730.0,02:25:20.000,02:25:30.000,0.954257,True,0.954257,-22.819,0.996413,0.051951,0.370519,0.885099,-17.543,0.99808,0.033896,0.628115
8730.0,8740.0,02:25:30.000,02:25:40.000,0.976486,True,0.976486,-21.801,0.99271,0.065074,0.322193,0.855269,-17.13,0.997966,0.029084,0.709696
8740.0,8750.0,02:25:40.000,02:25:50.000,0.95479,True,0.95479,-18.955,0.995354,0.051623,0.423374,0.902425,-14.753,0.998199,0.037039,0.710573
8750.0,8760.0,02:25:50.000,02:26:00.000,0.9465,False,0.9465,-22.11,0.990875,0.048949,0.29542,0.905506,-18.795,0.996173,0.037816,0.538177
8760.0,8770.0,02:26:00.000,02:26:10.000,0.961763,True,0.961763,-22.574,0.995601,0.055364,0.512842,0.932977,-18.631,0.997278,0.044292,0.472451
8770.0,8780.0,02:26:10.000,02:26:20.000,0.989182,True,0.989182,-16.27,0.993255,0.081361,0.629791,0.951422,-11.969,0.997125,0.049872,1.12231
8780.0,8790.0,02:26:20.000,02:26:30.000,0.961271,True,0.961271,-16.579,0.996497,0.054235,0.924351,0.919993,-12.825,0.998394,0.040764,1.074387
8790.0,8800.0,02:26:30.000,02:26:40.000,0.943207,False,0.921573,-17.985,0.996824,0.041325,0.547401,0.943207,-13.431,0.998137,0.047076,1.052773
8800.0,8810.0,02:26:40.000,02:26:50.000,0.889605,False,0.814953,-15.984,0.996174,0.023479,0.82997,0.889605,-8.37,0.998703,0.034534,1.804832
8810.0,8820.0,02:26:50.000,02:27:00.000,0.988587,True,0.932077,-11.936,0.997122,0.043788,1.087873,0.988587,-5.494,0.998204,0.07757,2.268155
8820.0,8830.0,02:27:00.000,02:27:10.000,0.968229,True,0.968229,-15.972,0.994815,0.05789,0.82302,0.967287,-10.862,0.997873,0.056963,1.829407
8830.0,8840.0,02:27:10.000,02:27:20.000,0.977548,True,0.977548,-13.356,0.993867,0.064289,1.141424,0.970153,-9.619,0.996542,0.058629,1.688838
8840.0,8850.0,02:27:20.000,02:27:30.000,0.955731,True,0.955731,-15.558,0.996489,0.051718,0.792514,0.920215,-12.075,0.997881,0.040806,1.562023
8850.0,8860.0,02:27:30.000,02:27:40.000,0.984254,True,0.984254,-8.872,0.993695,0.071088,1.648645,0.982152,-6.618,0.997005,0.068241,2.167459
8860.0,8870.0,02:27:40.000,02:27:50.000,0.995179,True,0.995179,-6.617,0.982116,0.138991,2.205261,0.994616,-3.721,0.991078,0.104868,3.665458
8870.0,8880.0,02:27:50.000,02:28:00.000,0.994274,True,0.994274,-10.024,0.988779,0.104963,1.465844,0.992394,-6.849,0.994537,0.089055,2.411486
8880.0,8890.0,02:28:00.000,02:28:10.000,0.993065,True,0.993065,-16.387,0.987222,0.100261,0.646916,0.986261,-12.161,0.995362,0.074227,1.296261
8890.0,8900.0,02:28:10.000,02:28:20.000,0.982502,True,0.964503,-12.908,0.995808,0.055612,0.946479,0.982502,-10.872,0.996646,0.068891,1.138178
8900.0,8910.0,02:28:20.000,02:28:30.000,0.968028,True,0.955771,-13.371,0.99622,0.051631,1.261189,0.968028,-9.011,0.997985,0.057318,1.756019
8910.0,8920.0,02:28:30.000,02:28:40.000,0.95813,True,0.929308,-12.553,0.997157,0.043067,1.018986,0.95813,-8.664,0.998321,0.052442,1.6476
8920.0,8930.0,02:28:40.000,02:28:50.000,0.989994,True,0.975921,-12.179,0.993989,0.062845,0.942659,0.989994,-9.709,0.995835,0.081406,1.381259
8930.0,8940.0,02:28:50.000,02:29:00.000,0.978989,True,0.970867,-13.842,0.994757,0.059338,0.8841,0.978989,-11.064,0.996521,0.065293,1.099038
8940.0,8950.0,02:29:00.000,02:29:10.000,0.991804,True,0.991804,-7.848,0.990256,0.087665,1.611027,0.988944,-4.954,0.99501,0.07859,2.209973
8950.0,8960.0,02:29:10.000,02:29:20.000,0.991199,True,0.991199,-10.822,0.989691,0.086127,1.570842,0.990874,-7.615,0.995512,0.083609,2.711727
8960.0,8970.0,02:29:20.000,02:29:30.000,0.988826,True,0.988826,-12.168,0.992263,0.079408,1.123322,0.972049,-9.51,0.996483,0.059834,2.188968
8970.0,8980.0,02:29:30.000,02:29:40.000,0.97435,True,0.97435,-17.186,0.991681,0.062219,0.499156,0.951667,-13.495,0.996419,0.050027,0.941602
8980.0,8990.0,02:29:40.000,02:29:50.000,0.98239,True,0.98239,-12.878,0.993508,0.069121,0.931068,0.955575,-9.889,0.997327,0.051423,1.542184
8990.0,9000.0,02:29:50.000,02:30:00.000,0.989987,True,0.989987,-10.756,0.990242,0.082279,1.180644,0.989351,-8.228,0.994658,0.079785,1.613371
9000.0,9010.0,02:30:00.000,02:30:10.000,0.983275,True,0.981494,-14.336,0.993788,0.068261,0.869079,0.983275,-12.524,0.994925,0.070069,0.986505
9010.0,9020.0,02:30:10.000,02:30:20.000,0.991328,True,0.983616,-11.488,0.994598,0.070411,1.543224,0.991328,-8.307,0.996547,0.084962,1.52143
9020.0,9030.0,02:30:20.000,02:30:30.000,0.993845,True,0.993845,-11.307,0.986383,0.102502,1.096844,0.99043,-9.091,0.993287,0.082822,1.588495
9030.0,9040.0,02:30:30.000,02:30:40.000,0.987799,True,0.987799,-15.577,0.9892,0.078346,0.87252,0.969675,-11.296,0.994526,0.058458,1.276464
9040.0,9050.0,02:30:40.000,02:30:50.000,0.984147,True,0.984147,-12.384,0.99364,0.07126,1.332672,0.98163,-9.649,0.995892,0.06787,1.516246
9050.0,9060.0,02:30:50.000,02:31:00.000,0.995711,True,0.988481,-5.952,0.996041,0.077585,2.104424,0.995711,-5.446,0.995523,0.125155,2.521943
9060.0,9070.0,02:31:00.000,02:31:10.000,0.98967,True,0.985881,-8.944,0.992215,0.073529,1.784725,0.98967,-6.834,0.995483,0.080318,1.633542
9070.0,9080.0,02:31:10.000,02:31:20.000,0.99248,True,0.954209,-8.693,0.996704,0.050866,2.124786,0.99248,-6.764,0.997268,0.088867,2.497722
9080.0,9090.0,02:31:20.000,02:31:30.000,0.965483,True,0.965483,-17.386,0.993022,0.056527,1.039368,0.949464,-13.341,0.997012,0.049205,1.233852
9090.0,9100.0,02:31:30.000,02:31:40.000,0.977175,True,0.977175,-19.011,0.993416,0.064826,0.600337,0.924783,-15.541,0.99718,0.042001,0.705488
9100.0,9110.0,02:31:40.000,02:31:50.000,0.988324,True,0.988324,-11.443,0.993991,0.078015,1.086952,0.979772,-8.326,0.997122,0.065857,1.998429
9110.0,9120.0,02:31:50.000,02:32:00.000,0.989254,True,0.989254,-12.075,0.99052,0.080602,1.235977,0.985493,-9.526,0.995733,0.072734,1.928172
9120.0,9130.0,02:32:00.000,02:32:10.000,0.987163,True,0.986761,-13.523,0.993056,0.075475,1.003931,0.987163,-11.159,0.996487,0.075532,1.539789
9130.0,9140.0,02:32:10.000,02:32:20.000,0.971809,True,0.971809,-14.414,0.994887,0.059993,1.108822,0.961377,-11.94,0.99699,0.054012,1.144737
9140.0,9150.0,02:32:20.000,02:32:30.000,0.994586,True,0.990079,-8.54,0.992847,0.081844,1.772144,0.994586,-6.603,0.994552,0.103451,1.795852
9150.0,9160.0,02:32:30.000,02:32:40.000,0.982597,True,0.927618,-12.065,0.996733,0.042626,1.335974,0.982597,-8.601,0.997854,0.068788,2.158552
9160.0,9170.0,02:32:40.000,02:32:50.000,0.967376,True,0.967376,-15.436,0.99574,0.057326,0.82983,0.950411,-13.002,0.997763,0.049523,0.979245
9170.0,9180.0,02:32:50.000,02:33:00.000,0.994437,True,0.994437,-12.686,0.98961,0.109488,1.062094,0.985305,-9.52,0.995454,0.072477,1.611618
9180.0,9190.0,02:33:00.000,02:33:10.000,0.99117,True,0.99117,-15.05,0.991333,0.087241,1.005696,0.975659,-13.474,0.995324,0.062685,1.076428
9190.0,9200.0,02:33:10.000,02:33:20.000,0.971234,True,0.971234,-21.573,0.995836,0.06071,0.404187,0.929938,-18.01,0.99798,0.043422,0.823715
9200.0,9210.0,02:33:20.000,02:33:30.000,0.989896,True,0.989896,-16.032,0.992208,0.083354,0.63548,0.964316,-12.712,0.997123,0.055477,1.271017
9210.0,9220.0,02:33:30.000,02:33:40.000,0.990873,True,0.990873,-16.53,0.99164,0.086938,0.74869,0.988592,-13.71,0.995083,0.078917,0.85087
9220.0,9230.0,02:33:40.000,02:33:50.000,0.948996,False,0.948996,-22.968,0.994694,0.049934,0.336661,0.917117,-20.165,0.99701,0.040404,0.437915
9230.0,9240.0,02:33:50.000,02:34:00.000,0.955921,True,0.955921,-23.277,0.995425,0.05278,0.299826,0.890569,-19.203,0.998143,0.034936,0.686519
9240.0,9250.0,02:34:00.000,02:34:10.000,0.903808,False,0.903808,-24.838,0.995575,0.037972,0.307639,0.871431,-22.599,0.997705,0.031838,0.294416
9250.0,9260.0,02:34:10.000,02:34:20.000,0.908049,False,0.875396,-20.984,0.995328,0.032407,0.501291,0.908049,-17.778,0.997951,0.038281,0.721465
9260.0,9270.0,02:34:20.000,02:34:30.000,0.956204,True,0.945384,-18.564,0.993246,0.048131,0.613585,0.956204,-11.903,0.99819,0.051719,0.998389
9270.0,9280.0,02:34:30.000,02:34:40.000,0.985281,True,0.863093,-17.962,0.995594,0.030311,0.679268,0.985281,-12.368,0.997437,0.072597,1.170375
9280.0,9290.0,02:34:40.000,02:34:50.000,0.971334,True,0.93046,-21.724,0.992224,0.043923,0.435207,0.971334,-14.962,0.997007,0.059661,0.823133
9290.0,9300.0,02:34:50.000,02:35:00.000,0.915274,False,0.915274,-16.578,0.996153,0.039812,0.683027,0.913798,-12.391,0.99813,0.039358,1.089514
9300.0,9310.0,02:35:00.000,02:35:10.000,0.956237,True,0.904708,-20.097,0.993105,0.037749,0.519795,0.956237,-12.504,0.998147,0.051754,0.977332
9310.0,9320.0,02:35:10.000,02:35:20.000,0.977839,True,0.944006,-15.847,0.99531,0.047471,0.893125,0.977839,-11.813,0.997817,0.064262,1.207962
9320.0,9330.0,02:35:20.000,02:35:30.000,0.97215,True,0.87925,-21.975,0.990691,0.033149,0.370395,0.97215,-12.747,0.997338,0.060028,1.096859
9330.0,9340.0,02:35:30.000,02:35:40.000,0.881805,False,0.868954,-18.773,0.994408,0.031267,0.966912,0.881805,-10.763,0.998679,0.033192,1.81997
9340.0,9350.0,02:35:40.000,02:35:50.000,0.973282,True,0.92888,-23.383,0.990067,0.043724,0.370533,0.973282,-12.028,0.997554,0.060751,1.297391
9350.0,9360.0,02:35:50.000,02:36:00.000,0.901417,False,0.901417,-30.769,0.992271,0.038848,0.135146,0.822531,-24.261,0.996321,0.024793,0.36458
9360.0,9370.0,02:36:00.000,02:36:10.000,0.915044,False,0.915044,-29.58,0.988951,0.041597,0.2117,0.834463,-23.919,0.997493,0.026393,0.354602
9370.0,9380.0,02:36:10.000,02:36:20.000,0.947905,False,0.822076,-19.354,0.997361,0.02449,0.450583,0.947905,-14.916,0.998202,0.048699,0.71637
9380.0,9390.0,02:36:20.000,02:36:30.000,0.958803,True,0.831426,-18.501,0.995618,0.025735,0.515972,0.958803,-10.803,0.998031,0.05279,1.35754
9390.0,9400.0,02:36:30.000,02:36:40.000,0.977499,True,0.814162,-22.526,0.995803,0.023581,0.347171,0.977499,-13.452,0.997385,0.064114,1.000886
9400.0,9410.0,02:36:40.000,02:36:50.000,0.899554,False,0.878354,-23.354,0.992455,0.033085,0.463373,0.899554,-16.707,0.997525,0.036535,0.796869
9410.0,9420.0,02:36:50.000,02:37:00.000,0.81819,False,0.81819,-25.431,0.992205,0.024325,0.255206,0.810153,-18.564,0.998371,0.0229,0.509353
9420.0,9430.0,02:37:00.000,02:37:10.000,0.848768,False,0.848768,-28.676,0.995455,0.028998,0.153209,0.795249,-19.777,0.998777,0.021035,0.558159
9430.0,9440.0,02:37:10.000,02:37:20.000,0.911292,False,0.911292,-29.792,0.985742,0.040804,0.169961,0.806718,-20.394,0.998549,0.022512,0.606388
9440.0,9450.0,02:37:20.000,02:37:30.000,0.955413,True,0.955413,-36.215,0.870625,0.168213,0.111886,0.921515,-28.635,0.979717,0.043042,0.165616
9450.0,9460.0,02:37:30.000,02:37:40.000,0.906398,False,0.906398,-31.402,0.990026,0.040236,0.119859,0.795744,-23.02,0.999135,0.021227,0.277324
9460.0,9470.0,02:37:40.000,02:37:50.000,0.95818,True,0.95818,-37.862,0.950659,0.144839,0.069096,0.908509,-28.993,0.99231,0.039841,0.180174
9470.0,9480.0,02:37:50.000,02:38:00.000,0.971539,True,0.922216,-41.094,0.858516,0.292203,0.060794,0.971539,-34.616,0.941427,0.138928,0.107663
9480.0,9490.0,02:38:00.000,02:38:10.000,0.961084,True,0.939543,-39.751,0.892399,0.261276,0.056383,0.961084,-36.693,0.918884,0.209275,0.075761
9490.0,9500.0,02:38:10.000,02:38:20.000,0.855002,False,0.855002,-21.647,0.998484,0.02921,0.303995,0.786789,-23.173,0.997208,0.020122,0.354698
9500.0,9510.0,02:38:20.000,02:38:30.000,0.943585,False,0.943585,-18.66,0.9965,0.047491,0.641079,0.873287,-16.195,0.998435,0.031863,0.613827
9510.0,9520.0,02:38:30.000,02:38:40.000,0.982379,True,0.982379,-17.842,0.990778,0.070157,0.705843,0.944139,-13.534,0.996848,0.047398,1.102916
9520.0,9530.0,02:38:40.000,02:38:50.000,0.873304,False,0.873304,-19.796,0.99637,0.031998,0.490485,0.862227,-16.533,0.998001,0.030124,0.594777
9530.0,9540.0,02:38:50.000,02:39:00.000,0.906825,False,0.906825,-22.79,0.996395,0.038363,0.396895,0.880809,-19.615,0.998209,0.033232,0.787344
9540.0,9550.0,02:39:00.000,02:39:10.000,0.986342,True,0.986342,-16.483,0.995558,0.075245,0.876415,0.957907,-12.775,0.997844,0.052472,1.564729
9550.0,9560.0,02:39:10.000,02:39:20.000,0.967639,True,0.967639,-18.269,0.994597,0.057807,0.493913,0.947285,-15.975,0.996312,0.048564,0.654894
9560.0,9570.0,02:39:20.000,02:39:30.000,0.970381,True,0.970381,-18.595,0.994452,0.059549,0.6237,0.920679,-15.41,0.996745,0.041009,0.873441
9570.0,9580.0,02:39:30.000,02:39:40.000,0.907055,False,0.907055,-21.08,0.994703,0.038284,0.656711,0.771264,-14.707,0.999049,0.017972,1.333013
9580.0,9590.0,02:39:40.000,02:39:50.000,0.910374,False,0.910374,-23.02,0.997372,0.039136,0.332283,0.851131,-18.461,0.998743,0.028505,0.655489
9590.0,9600.0,02:39:50.000,02:40:00.000,0.950394,True,0.950394,-19.99,0.995961,0.050004,0.414705,0.894969,-16.538,0.997953,0.035652,0.628328
9600.0,9610.0,02:40:00.000,02:40:10.000,0.93423,False,0.93423,-23.315,0.994757,0.045151,0.293,0.852207,-19.155,0.997706,0.028691,0.523377
9610.0,9620.0,02:40:10.000,02:40:20.000,0.943802,False,0.943802,-21.507,0.99609,0.047856,0.411831,0.825676,-18.343,0.998751,0.024936,0.580954
9620.0,9630.0,02:40:20.000,02:40:30.000,0.99134,True,0.99134,-22.67,0.981531,0.105406,0.335944,0.988623,-19.915,0.988625,0.082744,0.453459
9630.0,9640.0,02:40:30.000,02:40:40.000,0.936812,False,0.936812,-28.56,0.996136,0.047233,0.196737,0.918099,-25.231,0.998,0.041179,0.407167
9640.0,9650.0,02:40:40.000,02:40:50.000,0.966536,True,0.966536,-21.735,0.995615,0.057763,0.50957,0.923477,-19.099,0.997275,0.041844,0.632751
9650.0,9660.0,02:40:50.000,02:41:00.000,0.968669,True,0.968669,-15.071,0.995451,0.058055,1.76743,0.88058,-10.429,0.998412,0.032983,2.687088
9660.0,9670.0,02:41:00.000,02:41:10.000,0.991681,True,0.991681,-10.176,0.985399,0.088659,1.277228,0.991007,-5.864,0.993033,0.08419,2.966675
9670.0,9680.0,02:41:10.000,02:41:20.000,0.991974,True,0.991974,-10.46,0.990772,0.088796,1.420152,0.983918,-7.864,0.996245,0.070435,1.997824
9680.0,9690.0,02:41:20.000,02:41:30.000,0.994877,True,0.994877,-6.286,0.990895,0.109617,2.247137,0.993632,-3.912,0.994223,0.095105,2.813089
9690.0,9700.0,02:41:30.000,02:41:40.000,0.994141,True,0.992624,-6.041,0.988243,0.09143,2.207902,0.994141,-3.379,0.994747,0.098447,2.773738
9700.0,9710.0,02:41:40.000,02:41:50.000,0.992852,True,0.992852,-8.95,0.98923,0.092959,1.687373,0.992215,-6.518,0.994553,0.088262,2.475576
9710.0,9720.0,02:41:50.000,02:42:00.000,0.991003,True,0.991003,-13.017,0.991502,0.085756,0.913879,0.965605,-9.166,0.996637,0.05603,1.724582
9720.0,9730.0,02:42:00.000,02:42:10.000,0.994167,True,0.994167,-15.997,0.982444,0.122213,0.820643,0.99164,-13.169,0.990643,0.088348,0.967686
9730.0,9740.0,02:42:10.000,02:42:20.000,0.991679,True,0.991679,-13.668,0.993649,0.08812,0.830356,0.973192,-9.74,0.997595,0.06058,1.725262
9740.0,9750.0,02:42:20.000,02:42:30.000,0.99009,True,0.99009,-15.343,0.987244,0.084383,0.733993,0.961932,-11.739,0.995863,0.054291,0.922845
9750.0,9760.0,02:42:30.000,02:42:40.000,0.95777,True,0.95777,-17.572,0.996632,0.052725,0.677712,0.946242,-15.277,0.997233,0.048159,0.702748
9760.0,9770.0,02:42:40.000,02:42:50.000,0.969073,True,0.969073,-19.498,0.995182,0.058845,0.441725,0.924105,-16.35,0.997305,0.041862,0.596185
9770.0,9780.0,02:42:50.000,02:43:00.000,0.971324,True,0.971324,-24.652,0.993284,0.062023,0.28287,0.928084,-21.799,0.996409,0.043244,0.410614
9780.0,9790.0,02:43:00.000,02:43:10.000,0.945144,False,0.945144,-23.267,0.994914,0.048597,0.330306,0.90948,-20.853,0.997098,0.038759,0.427461
9790.0,9800.0,02:43:10.000,02:43:20.000,0.888233,False,0.888233,-24.034,0.994605,0.03487,0.315402,0.858695,-21.019,0.997975,0.029739,0.355494
9800.0,9810.0,02:43:20.000,02:43:30.000,0.928237,False,0.928237,-27.62,0.99019,0.044414,0.302438,0.859212,-24.149,0.994935,0.030039,0.415486
9810.0,9820.0,02:43:30.000,02:43:40.000,0.949238,False,0.944307,-25.509,0.994388,0.0488,0.208521,0.949238,-23.215,0.995009,0.050065,0.341106
9820.0,9830.0,02:43:40.000,02:43:50.000,0.910504,False,0.910504,-28.501,0.995805,0.040122,0.137677,0.886588,-25.548,0.997152,0.034723,0.292767
9830.0,9840.0,02:43:50.000,02:44:00.000,0.963293,True,0.954051,-18.912,0.995891,0.051309,0.765988,0.963293,-16.511,0.997702,0.055189,0.805297
9840.0,9850.0,02:44:00.000,02:44:10.000,0.908272,False,0.908272,-23.518,0.997279,0.038736,0.457107,0.875142,-20.961,0.998063,0.032345,0.376987
9850.0,9860.0,02:44:10.000,02:44:20.000,0.980178,True,0.980178,-20.379,0.993629,0.068206,0.668718,0.956949,-17.358,0.997355,0.052339,0.784989
9860.0,9870.0,02:44:20.000,02:44:30.000,0.914184,False,0.914184,-22.103,0.996048,0.039901,0.337834,0.904807,-19.303,0.997619,0.037686,0.516202
9870.0,9880.0,02:44:30.000,02:44:40.000,0.95561,True,0.95561,-17.899,0.996655,0.051836,0.675977,0.941352,-15.685,0.997699,0.046584,0.926097
9880.0,9890.0,02:44:40.000,02:44:50.000,0.986472,True,0.986472,-17.309,0.99302,0.075964,0.706093,0.960714,-13.258,0.997468,0.053748,0.94537
9890.0,9900.0,02:44:50.000,02:45:00.000,0.971696,True,0.971696,-21.362,0.994585,0.061017,0.388635,0.901752,-18.021,0.996875,0.037019,0.608903
9900.0,9910.0,02:45:00.000,02:45:10.000,0.984399,True,0.984399,-20.001,0.993592,0.07357,0.518347,0.964149,-17.528,0.996428,0.055752,0.611643
9910.0,9920.0,02:45:10.000,02:45:20.000,0.984775,True,0.984775,-12.97,0.986362,0.072732,1.407285,0.984474,-7.525,0.995094,0.071215,2.571642
9920.0,9930.0,02:45:20.000,02:45:30.000,0.926976,False,0.926976,-11.124,0.997214,0.04244,2.257572,0.901863,-9.049,0.998494,0.036839,2.424384
9930.0,9940.0,02:45:30.000,02:45:40.000,0.99344,True,0.99344,-16.484,0.98402,0.106369,1.399893,0.988279,-12.327,0.993575,0.078111,1.428841
9940.0,9950.0,02:45:40.000,02:45:50.000,0.950381,True,0.950381,-14.969,0.996147,0.049618,0.829104,0.916808,-11.747,0.99783,0.040018,1.143456
9950.0,9960.0,02:45:50.000,02:46:00.000,0.929166,False,0.929166,-19.785,0.995236,0.043365,0.596201,0.922144,-16.897,0.996437,0.041416,0.592909
9960.0,9970.0,02:46:00.000,02:46:10.000,0.8662,False,0.825655,-19.596,0.997903,0.024974,0.481468,0.8662,-18.581,0.997006,0.030807,0.509077
9970.0,9980.0,02:46:10.000,02:46:20.000,0.925723,False,0.925723,-24.654,0.993197,0.04304,0.299584,0.892683,-24.173,0.996957,0.035689,0.261351
9980.0,9990.0,02:46:20.000,02:46:30.000,0.919336,False,0.908976,-20.471,0.994147,0.038653,0.500501,0.919336,-18.238,0.996381,0.040812,0.47999
9990.0,10000.0,02:46:30.000,02:46:40.000,0.886407,False,0.886407,-20.597,0.997107,0.034264,0.398305,0.840638,-17.16,0.998701,0.026962,0.674429
10000.0,10010.0,02:46:40.000,02:46:50.000,0.923406,False,0.923406,-23.956,0.996168,0.042305,0.274445,0.888781,-19.999,0.998028,0.034651,0.570963
10010.0,10020.0,02:46:50.000,02:47:00.000,0.989021,True,0.989021,-16.04,0.992711,0.080923,0.771836,0.974757,-12.091,0.996926,0.061839,1.4642
10020.0,10030.0,02:47:00.000,02:47:10.000,0.97093,True,0.97093,-19.926,0.994154,0.06016,0.425664,0.936919,-16.622,0.997383,0.045297,0.643456
10030.0,10040.0,02:47:10.000,02:47:20.000,0.988834,True,0.987854,-12.347,0.990036,0.0776,0.912839,0.988834,-9.908,0.992998,0.078989,1.38781
10040.0,10050.0,02:47:20.000,02:47:30.000,0.984966,True,0.984966,-14.49,0.991082,0.072907,0.752778,0.964135,-11.912,0.996289,0.055369,1.227203
10050.0,10060.0,02:47:30.000,02:47:40.000,0.988996,True,0.988996,-16.383,0.99046,0.081285,0.928073,0.957152,-13.864,0.995515,0.052241,1.156268
10060.0,10070.0,02:47:40.000,02:47:50.000,0.968063,True,0.968063,-20.092,0.995504,0.058324,0.457468,0.952986,-17.261,0.996978,0.050725,0.57075
10070.0,10080.0,02:47:50.000,02:48:00.000,0.958205,True,0.951545,-14.647,0.995213,0.05005,0.715949,0.958205,-11.043,0.997882,0.05254,1.352485
10080.0,10090.0,02:48:00.000,02:48:10.000,0.994584,True,0.93458,-11.006,0.997013,0.044459,1.316262,0.994584,-5.618,0.997705,0.101585,2.181562
10090.0,10100.0,02:48:10.000,02:48:20.000,0.979187,True,0.94006,-12.109,0.997132,0.046074,1.461266,0.979187,-6.503,0.998216,0.065198,2.561651
10100.0,10110.0,02:48:20.000,02:48:30.000,0.986393,True,0.986393,-14.034,0.99337,0.074913,1.061964,0.971862,-10.5,0.997197,0.059728,1.467726
10110.0,10120.0,02:48:30.000,02:48:40.000,0.959226,True,0.959226,-14.767,0.995532,0.053189,1.162262,0.929146,-11.453,0.997931,0.042994,1.405665
10120.0,10130.0,02:48:40.000,02:48:50.000,0.968935,True,0.968935,-18.536,0.994814,0.058616,0.439068,0.966979,-17.526,0.996867,0.057275,0.671473
10130.0,10140.0,02:48:50.000,02:49:00.000,0.987796,True,0.987796,-16.303,0.994277,0.078059,0.976958,0.946801,-12.743,0.997545,0.048248,1.155641
10140.0,10150.0,02:49:00.000,02:49:10.000,0.994477,True,0.994477,-7.461,0.989411,0.105532,1.88296,0.994128,-4.87,0.993951,0.098915,2.885617
10150.0,10160.0,02:49:10.000,02:49:20.000,0.990636,True,0.990636,-10.689,0.990847,0.084057,1.951715,0.98923,-7.665,0.995499,0.079362,2.280482
10160.0,10170.0,02:49:20.000,02:49:30.000,0.980133,True,0.980133,-14.798,0.995029,0.066816,0.806584,0.954276,-11.455,0.997391,0.050944,0.949631
10170.0,10180.0,02:49:30.000,02:49:40.000,0.99105,True,0.99105,-12.515,0.99069,0.085895,0.931028,0.983472,-9.943,0.995342,0.070056,1.356347
10180.0,10190.0,02:49:40.000,02:49:50.000,0.973936,True,0.967688,-17.904,0.99504,0.057776,0.504015,0.973936,-14.08,0.996261,0.061402,0.884238
10190.0,10200.0,02:49:50.000,02:50:00.000,0.967016,True,0.967016,-20.661,0.994252,0.057846,0.535665,0.948611,-16.416,0.996951,0.049043,0.695708
10200.0,10210.0,02:50:00.000,02:50:10.000,0.969177,True,0.969177,-21.631,0.995101,0.05937,0.318603,0.947107,-18.709,0.997232,0.048672,0.740099
10210.0,10220.0,02:50:10.000,02:50:20.000,0.988601,True,0.984464,-29.033,0.945057,0.172524,0.156792,0.988601,-26.434,0.967748,0.117149,0.202036
10220.0,10230.0,02:50:20.000,02:50:30.000,0.958175,True,0.958175,-29.441,0.983894,0.05692,0.232308,0.886168,-25.601,0.992654,0.034688,0.445295
10230.0,10240.0,02:50:30.000,02:50:40.000,0.841669,False,0.813211,-23.046,0.995842,0.023485,0.347081,0.841669,-19.408,0.998538,0.027173,0.418174
10240.0,10250.0,02:50:40.000,02:50:50.000,0.962805,True,0.928988,-21.906,0.996012,0.0435,0.410175,0.962805,-18.871,0.997117,0.055205,0.573093
10250.0,10260.0,02:50:50.000,02:51:00.000,0.982163,True,0.982163,-21.718,0.990726,0.071418,0.338264,0.907833,-18.475,0.997308,0.038272,0.584745
10260.0,10270.0,02:51:00.000,02:51:10.000,0.959733,True,0.959733,-26.497,0.993488,0.055691,0.211262,0.91855,-21.408,0.997143,0.040832,0.534078
10270.0,10280.0,02:51:10.000,02:51:20.000,0.897973,False,0.897973,-25.808,0.996854,0.036916,0.285813,0.861985,-22.388,0.99798,0.030321,0.353722
10280.0,10290.0,02:51:20.000,02:51:30.000,0.955661,True,0.953847,-22.12,0.995263,0.051671,0.439572,0.955661,-19.475,0.995574,0.052037,0.543682
10290.0,10300.0,02:51:30.000,02:51:40.000,0.944253,False,0.944253,-22.678,0.996418,0.048169,0.314589,0.915298,-17.613,0.997359,0.039847,0.748248
10300.0,10310.0,02:51:40.000,02:51:50.000,0.910919,False,0.910919,-21.166,0.99712,0.039092,0.542234,0.904838,-18.394,0.997962,0.037645,0.611347
10310.0,10320.0,02:51:50.000,02:52:00.000,0.942654,False,0.942654,-16.591,0.99504,0.047076,0.815351,0.905962,-13.294,0.998209,0.037719,1.048038
10320.0,10330.0,02:52:00.000,02:52:10.000,0.931624,False,0.931624,-16.676,0.997539,0.043811,0.733846,0.887568,-16.661,0.996803,0.034314,0.532412
10330.0,10340.0,02:52:10.000,02:52:20.000,0.964071,True,0.938891,-18.004,0.998182,0.045949,0.51985,0.964071,-19.802,0.997172,0.055984,0.484905
10340.0,10350.0,02:52:20.000,02:52:30.000,0.773586,False,0.773586,-20.698,0.999149,0.018382,0.454362,0.732922,-24.566,0.998751,0.013631,0.267104
10350.0,10360.0,02:52:30.000,02:52:40.000,0.850517,False,0.793245,-26.478,0.99758,0.021162,0.230372,0.850517,-27.759,0.994775,0.029121,0.227506
10360.0,10370.0,02:52:40.000,02:52:50.000,0.9208,False,0.9208,-26.902,0.995763,0.04219,0.203804,0.882401,-22.467,0.99814,0.033672,0.31413
10370.0,10380.0,02:52:50.000,02:53:00.000,0.957308,True,0.957308,-26.373,0.994214,0.054408,0.285784,0.924901,-23.452,0.996816,0.042609,0.318254
10380.0,10390.0,02:53:00.000,02:53:10.000,0.986787,True,0.982569,-31.101,0.972675,0.116788,0.184892,0.986787,-28.203,0.980086,0.104552,0.191343
10390.0,10400.0,02:53:10.000,02:53:20.000,0.970915,True,0.955798,-38.176,0.942581,0.168944,0.063554,0.970915,-34.978,0.94735,0.174062,0.084203
10400.0,10410.0,02:53:20.000,02:53:30.000,0.913174,False,0.903907,-30.002,0.738038,0.206025,0.626693,0.913174,-29.214,0.746711,0.214618,0.681204
10410.0,10420.0,02:53:30.000,02:53:40.000,0.97984,True,0.97984,-30.657,0.965839,0.088354,0.274867,0.95464,-27.363,0.981859,0.053876,0.274936
10420.0,10430.0,02:53:40.000,02:53:50.000,0.977126,True,0.977126,-25.184,0.991908,0.067607,0.242894,0.907822,-21.63,0.998109,0.038456,0.453998
10430.0,10440.0,02:53:50.000,02:54:00.000,0.961353,True,0.961353,-29.31,0.991053,0.058461,0.250544,0.866525,-26.406,0.99535,0.031421,0.251173
10440.0,10450.0,02:54:00.000,02:54:10.000,0.874612,False,0.874612,-25.965,0.996066,0.032693,0.301349,0.791595,-21.44,0.997972,0.020639,0.372931
10450.0,10460.0,02:54:10.000,02:54:20.000,0.960941,True,0.960941,-31.729,0.98521,0.061172,0.132066,0.930182,-25.866,0.993841,0.04447,0.336659
10460.0,10470.0,02:54:20.000,02:54:30.000,0.928307,False,0.928307,-27.206,0.989202,0.044331,0.248491,0.861607,-22.973,0.993527,0.030329,0.521884
10470.0,10480.0,02:54:30.000,02:54:40.000,0.955835,True,0.955835,-29.218,0.992176,0.055284,0.135465,0.900452,-25.077,0.996037,0.037315,0.262124
10480.0,10490.0,02:54:40.000,02:54:50.000,0.972934,True,0.972934,-18.736,0.995421,0.061289,0.891545,0.92344,-15.23,0.997975,0.041652,1.113442
10490.0,10500.0,02:54:50.000,02:55:00.000,0.98874,True,0.98874,-15.853,0.991947,0.080251,0.861218,0.9464,-11.625,0.996887,0.048091,1.294271
10500.0,10510.0,02:55:00.000,02:55:10.000,0.980819,True,0.980819,-13.088,0.994773,0.067336,1.150803,0.977433,-10.577,0.997284,0.06386,1.415195
10510.0,10520.0,02:55:10.000,02:55:20.000,0.989912,True,0.975008,-8.786,0.995865,0.061906,2.122454,0.989912,-6.922,0.996746,0.080773,2.551723
10520.0,10530.0,02:55:20.000,02:55:30.000,0.979378,True,0.979378,-12.201,0.995181,0.065797,1.4675,0.962617,-9.473,0.997395,0.054516,1.6013
10530.0,10540.0,02:55:30.000,02:55:40.000,0.993331,True,0.993331,-5.333,0.989721,0.094821,3.149533,0.991093,-2.288,0.995462,0.083852,3.502323
10540.0,10550.0,02:55:40.000,02:55:50.000,0.994192,True,0.987111,-9.487,0.993162,0.075534,1.808569,0.994192,-6.777,0.993929,0.099949,2.873165
10550.0,10560.0,02:55:50.000,02:56:00.000,0.996017,True,0.994893,-4.124,0.994493,0.10637,4.10148,0.996017,-1.861,0.995444,0.144722,4.008586
10560.0,10570.0,02:56:00.000,02:56:10.000,0.995996,True,0.995298,-3.514,0.992178,0.115336,3.140788,0.995996,-0.512,0.994424,0.146367,3.885157
10570.0,10580.0,02:56:10.000,02:56:20.000,0.996052,True,0.990188,-3.572,0.995377,0.081402,3.677418,0.996052,-1.862,0.994831,0.164509,3.577865
10580.0,10590.0,02:56:20.000,02:56:30.000,0.993596,True,0.99179,-7.462,0.993429,0.086959,1.747728,0.993596,-4.35,0.995655,0.094515,2.604441
10590.0,10600.0,02:56:30.000,02:56:40.000,0.995308,True,0.991596,-9.655,0.991717,0.086931,1.261756,0.995308,-6.75,0.993761,0.115807,1.996262
10600.0,10610.0,02:56:40.000,02:56:50.000,0.98365,True,0.972613,-10.569,0.994524,0.060314,2.796532,0.98365,-8.913,0.996718,0.07013,2.762043
10610.0,10620.0,02:56:50.000,02:57:00.000,0.98761,True,0.976685,-13.987,0.993065,0.063645,0.976807,0.98761,-11.4,0.996098,0.076409,1.133133
10620.0,10630.0,02:57:00.000,02:57:10.000,0.992235,True,0.971324,-10.312,0.997113,0.059373,1.87528,0.992235,-7.461,0.997206,0.08798,1.950008
10630.0,10640.0,02:57:10.000,02:57:20.000,0.994352,True,0.994352,-10.175,0.989061,0.105867,1.32644,0.99072,-7.065,0.995563,0.083089,2.183592
10640.0,10650.0,02:57:20.000,02:57:30.000,0.990471,True,0.990471,-15.428,0.991488,0.084951,0.977007,0.977726,-13.564,0.995183,0.064409,0.888997
10650.0,10660.0,02:57:30.000,02:57:40.000,0.984358,True,0.984358,-16.376,0.992565,0.072315,0.915927,0.95967,-15.216,0.995894,0.053408,0.844123
10660.0,10670.0,02:57:40.000,02:57:50.000,0.963625,True,0.963625,-17.946,0.995649,0.055545,0.718898,0.931855,-15.619,0.997474,0.04383,0.923583
10670.0,10680.0,02:57:50.000,02:58:00.000,0.986983,True,0.986983,-17.999,0.992596,0.077245,0.60947,0.972711,-15.641,0.994682,0.060727,0.696447
10680.0,10690.0,02:58:00.000,02:58:10.000,0.97602,True,0.97602,-15.423,0.989537,0.063391,0.803326,0.965341,-11.881,0.99629,0.05599,1.66252
10690.0,10700.0,02:58:10.000,02:58:20.000,0.975444,True,0.975444,-18.784,0.994709,0.063246,0.675986,0.921689,-14.701,0.998265,0.041211,1.11818
10700.0,10710.0,02:58:20.000,02:58:30.000,0.991265,True,0.991265,-18.766,0.991528,0.090583,0.498199,0.972994,-15.558,0.996437,0.06086,0.799676
10710.0,10720.0,02:58:30.000,02:58:40.000,0.917317,False,0.917317,-18.889,0.997093,0.040371,0.549889,0.864491,-15.16,0.998804,0.03044,0.805955
10720.0,10730.0,02:58:40.000,02:58:50.000,0.849833,False,0.840064,-19.623,0.99851,0.026954,0.686929,0.849833,-20.815,0.996872,0.028413,0.571582
10730.0,10740.0,02:58:50.000,02:59:00.000,0.918471,False,0.913966,-28.291,0.99493,0.040879,0.212926,0.918471,-25.341,0.995384,0.041314,0.228046
10740.0,10750.0,02:59:00.000,02:59:10.000,0.966948,True,0.966948,-35.824,0.942357,0.124623,0.070863,0.965719,-33.435,0.968583,0.070653,0.09426
10750.0,10760.0,02:59:10.000,02:59:20.000,0.956432,True,0.929121,-40.901,0.884033,0.249287,0.051411,0.956432,-37.983,0.938281,0.142406,0.07812
10760.0,10770.0,02:59:20.000,02:59:30.000,0.885346,False,0.86206,-46.105,0.861068,0.279552,0.022166,0.885346,-44.49,0.859193,0.272316,0.035798
10770.0,10780.0,02:59:30.000,02:59:40.000,0.923077,False,0.860783,-45.762,0.834933,0.309088,0.025003,0.923077,-40.874,0.854385,0.274791,0.046632
10780.0,10790.0,02:59:40.000,02:59:50.000,0.893824,False,0.870588,-45.198,0.839815,0.320868,0.024804,0.893824,-43.46,0.841749,0.319753,0.028518
10790.0,10800.0,02:59:50.000,03:00:00.000,0.975586,True,0.958783,-37.136,0.917326,0.214559,0.122814,0.975586,-30.427,0.981365,0.074275,0.173508
10800.0,10810.0,03:00:00.000,03:00:10.000,0.964767,True,0.964767,-32.06,0.977368,0.065249,0.119511,0.794778,-23.319,0.99798,0.021126,0.374641
10810.0,10820.0,03:00:10.000,03:00:20.000,0.946321,False,0.827825,-22.143,0.995678,0.025384,0.623294,0.946321,-20.732,0.992203,0.04868,0.538173
10820.0,10830.0,03:00:20.000,03:00:30.000,0.853784,False,0.820197,-25.981,0.997121,0.024616,0.388682,0.853784,-23.285,0.99698,0.029137,0.382543
10830.0,10840.0,03:00:30.000,03:00:40.000,0.840373,False,0.840373,-22.756,0.99388,0.027168,0.292974,0.831059,-17.559,0.997937,0.025649,0.712512
10840.0,10850.0,03:00:40.000,03:00:50.000,0.968647,True,0.968647,-15.33,0.993698,0.058112,0.684192,0.95308,-12.192,0.996441,0.050517,1.226207
10850.0,10860.0,03:00:50.000,03:01:00.000,0.974696,True,0.974696,-17.266,0.99475,0.062385,0.780068,0.954717,-14.921,0.99716,0.051259,0.939415
10860.0,10870.0,03:01:00.000,03:01:10.000,0.990356,True,0.990356,-15.394,0.991829,0.084513,0.848967,0.965382,-11.25,0.997358,0.055962,1.394181
10870.0,10880.0,03:01:10.000,03:01:20.000,0.964337,True,0.964337,-18.368,0.996089,0.055952,0.686665,0.909739,-14.995,0.997861,0.038544,0.699288
10880.0,10890.0,03:01:20.000,03:01:30.000,0.979053,True,0.979053,-20.892,0.991205,0.06731,0.380234,0.960804,-18.105,0.994113,0.054207,0.750575
10890.0,10900.0,03:01:30.000,03:01:40.000,0.965734,True,0.965734,-19.334,0.99437,0.05688,0.461732,0.946785,-15.61,0.995949,0.048379,1.010784
10900.0,10910.0,03:01:40.000,03:01:50.000,0.892365,False,0.892365,-16.851,0.997242,0.035184,1.012841,0.831533,-12.986,0.998567,0.025634,1.120945
10910.0,10920.0,03:01:50.000,03:02:00.000,0.804596,False,0.780649,-7.048,0.999271,0.019064,2.226116,0.804596,-7.678,0.999462,0.022053,3.195039
10920.0,10930.0,03:02:00.000,03:02:10.000,0.921227,False,0.887577,-3.564,0.998772,0.034149,3.303356,0.921227,-4.023,0.999486,0.040947,3.21555
10930.0,10940.0,03:02:10.000,03:02:20.000,0.742891,False,0.727365,-0.5,0.999722,0.012601,4.723183,0.742891,-4.965,0.999801,0.014483,3.187167
