<?xml version="1.0" encoding="UTF-8" standalone="yes"?><gpx version="1.1" creator="Garmin Connect" xmlns="http://www.topografix.com/GPX/1/1" xmlns:xsi="http://www.w3.org/2001/XMLSchema-instance" xsi:schemaLocation="http://www.topografix.com/GPX/1/1 http://www.topografix.com/GPX/11.xsd" xmlns:ns3="http://www.garmin.com/xmlschemas/TrackPointExtension/v1" xmlns:ns2="http://www.garmin.com/xmlschemas/GpxExtensions/v3"><metadata><name>Garze Hiking - Yema Haizi w/ mantle-sound.org</name><desc>&lt;p&gt;Route to MAN&amp;#39;s one-day field recording practice at Yema Haizi (野马海子), a highland lake near Kangding in western Sichuan, China.&lt;/p&gt;</desc><time>2026-01-14T00:00:00Z</time><keywords>305bgz6tujhg73x, Yagya Ge, Sichuan, China</keywords><author><name>pf58u7070yoepr0</name><email/></author></metadata><trk><name>Garze Hiking - Yema Haizi w/ mantle-sound.org</name><type>hiking</type><trkseg><trkpt lat="29.893242018297315" lon="102.01457189396024"><ele>3894.800048828125</ele><time>2026-01-14T04:13:35Z</time><extensions><ns3:TrackPointExtension><ns3:cad>0</ns3:cad></ns3:TrackPointExtension></extensions></trkpt><trkpt lat="29.893233301118016" lon="102.01457382179797"><ele>3894.800048828125</ele><time>2026-01-14T04:13:37Z</time><extensions><ns3:TrackPointExtension><ns3:hr>76</ns3:hr><ns3:cad>0</ns3:cad></ns3:TrackPointExtension></extensions></trkpt><trkpt lat="29.893233217298985" lon="102.01457382179797"><ele>3895</ele><time>2026-01-14T04:13:38Z</time><extensions><ns3:TrackPointExtension><ns3:hr>77</ns3:hr><ns3:cad>0</ns3:cad></ns3:TrackPointExtension></extensions></trkpt><trkpt lat="29.89323304966092" lon="102.01457407325506"><ele>3894.60009765625</ele><time>2026-01-14T04:13:43Z</time><extensions><ns3:TrackPointExtension><ns3:hr>80</ns3:hr><ns3:cad>0</ns3:cad></ns3:TrackPointExtension></extensions></trkpt><trkpt lat="29.89322818815708" lon="102.01457977294922"><ele>3894.39990234375</ele><time>2026-01-14T04:13:46Z</time><extensions><ns3:TrackPointExtension><ns3:hr>83</ns3:hr><ns3:cad>0</ns3:cad></ns3:TrackPointExtension></extensions></trkpt><trkpt lat="29.893233217298985" lon="102.01457382179797"><ele>3894.39990234375</ele><time>2026-01-14T04:13:47Z</time><extensions><ns3:TrackPointExtension><ns3:hr>82</ns3:hr><ns3:cad>0</ns3:cad></ns3:TrackPointExtension></extensions></trkpt><trkpt lat="29.893233217298985" lon="102.01457382179797"><ele>3894.800048828125</ele><time>2026-01-14T04:14:00Z</time><extensions><ns3:TrackPointExtension><ns3:hr>83</ns3:hr><ns3:cad>0</ns3:cad></ns3:TrackPointExtension></extensions></trkpt><trkpt lat="29.893201952800155" lon="102.0146013982594"><ele>3895</ele><time>2026-01-14T04:14:08Z</time><extensions><ns3:TrackPointExtension><ns3:hr>83</ns3:hr><ns3:cad>0</ns3:cad></ns3:TrackPointExtension></extensions></trkpt><trkpt lat="29.89322131499648" lon="102.01463165692985"><ele>3895.39990234375</ele><time>2026-01-14T04:14:15Z</time><extensions><ns3:TrackPointExtension><ns3:hr>84</ns3:hr><ns3:cad>0</ns3:cad></ns3:TrackPointExtension></extensions></trkpt><trkpt lat="29.89321695640683" lon="102.01464992947876"><ele>3895.800048828125</ele><time>2026-01-14T04:14:18Z</time><extensions><ns3:TrackPointExtension><ns3:hr>84</ns3:hr><ns3:cad>0</ns3:cad></ns3:TrackPointExtension></extensions></trkpt><trkpt lat="29.893209412693977" lon="102.0146754104644"><ele>3896.39990234375</ele><time>2026-01-14T04:14:23Z</time><extensions><ns3:TrackPointExtension><ns3:hr>86</ns3:hr><ns3:cad>0</ns3:cad></ns3:TrackPointExtension></extensions></trkpt><trkpt lat="29.893171191215515" lon="102.01471136882901"><ele>3896.800048828125</ele><time>2026-01-14T04:14:31Z</time><extensions><ns3:TrackPointExtension><ns3:hr>87</ns3:hr><ns3:cad>0</ns3:cad></ns3:TrackPointExtension></extensions></trkpt><trkpt lat="29.893171777948737" lon="102.01471405103803"><ele>3896.800048828125</ele><time>2026-01-14T04:14:32Z</time><extensions><ns3:TrackPointExtension><ns3:hr>88</ns3:hr><ns3:cad>0</ns3:cad></ns3:TrackPointExtension></extensions></trkpt><trkpt lat="29.89316113293171" lon="102.01472654007375"><ele>3897</ele><time>2026-01-14T04:14:39Z</time><extensions><ns3:TrackPointExtension><ns3:hr>89</ns3:hr><ns3:cad>0</ns3:cad></ns3:TrackPointExtension></extensions></trkpt><trkpt lat="29.89315878599882" lon="102.01473475433886"><ele>3897.60009765625</ele><time>2026-01-14T04:14:44Z</time><extensions><ns3:TrackPointExtension><ns3:hr>90</ns3:hr><ns3:cad>0</ns3:cad></ns3:TrackPointExtension></extensions></trkpt><trkpt lat="29.893158450722694" lon="102.01473475433886"><ele>3897.800048828125</ele><time>2026-01-14T04:14:47Z</time><extensions><ns3:TrackPointExtension><ns3:cad>0</ns3:cad></ns3:TrackPointExtension></extensions></trkpt><trkpt lat="29.89316021092236" lon="102.01472897082567"><ele>3897.800048828125</ele><time>2026-01-14T04:14:48Z</time><extensions><ns3:TrackPointExtension><ns3:hr>85</ns3:hr><ns3:cad>0</ns3:cad></ns3:TrackPointExtension></extensions></trkpt><trkpt lat="29.89316222257912" lon="102.01472251676023"><ele>3897.60009765625</ele><time>2026-01-14T04:14:49Z</time><extensions><ns3:TrackPointExtension><ns3:hr>85</ns3:hr><ns3:cad>0</ns3:cad></ns3:TrackPointExtension></extensions></trkpt><trkpt lat="29.893173538148403" lon="102.01470893807709"><ele>3897.199951171875</ele><time>2026-01-14T04:14:52Z</time><extensions><ns3:TrackPointExtension><ns3:hr>86</ns3:hr><ns3:cad>0</ns3:cad></ns3:TrackPointExtension></extensions></trkpt><trkpt lat="29.89317429251969" lon="102.01471354812384"><ele>3897.199951171875</ele><time>2026-01-14T04:15:02Z</time><extensions><ns3:TrackPointExtension><ns3:hr>86</ns3:hr><ns3:cad>0</ns3:cad></ns3:TrackPointExtension></extensions></trkpt><trkpt lat="29.893167167901993" lon="102.01471388339996"><ele>3897.199951171875</ele><time>2026-01-14T04:15:12Z</time><extensions><ns3:TrackPointExtension><ns3:hr>85</ns3:hr><ns3:cad>0</ns3:cad></ns3:TrackPointExtension></extensions></trkpt><trkpt lat="29.89316708408296" lon="102.01470826752484"><ele>3897</ele><time>2026-01-14T04:15:20Z</time><extensions><ns3:TrackPointExtension><ns3:hr>84</ns3:hr><ns3:cad>0</ns3:cad></ns3:TrackPointExtension></extensions></trkpt><trkpt lat="29.89315828308463" lon="102.01471405103803"><ele>3896.800048828125</ele><time>2026-01-14T04:15:29Z</time><extensions><ns3:TrackPointExtension><ns3:hr>82</ns3:hr><ns3:cad>0</ns3:cad></ns3:TrackPointExtension></extensions></trkpt><trkpt lat="29.893157528713346" lon="102.01471581123769"><ele>3896.800048828125</ele><time>2026-01-14T04:15:30Z</time><extensions><ns3:TrackPointExtension><ns3:hr>82</ns3:hr><ns3:cad>0</ns3:cad></ns3:TrackPointExtension></extensions></trkpt><trkpt lat="29.893167838454247" lon="102.01470650732517"><ele>3897.199951171875</ele><time>2026-01-14T04:15:40Z</time><extensions><ns3:TrackPointExtension><ns3:hr>83</ns3:hr><ns3:cad>0</ns3:cad></ns3:TrackPointExtension></extensions></trkpt><trkpt lat="29.893172197043896" lon="102.01471480540931"><ele>3896.800048828125</ele><time>2026-01-14T04:15:49Z</time><extensions><ns3:TrackPointExtension><ns3:hr>82</ns3:hr><ns3:cad>0</ns3:cad></ns3:TrackPointExtension></extensions></trkpt><trkpt lat="29.89314939826727" lon="102.01474179513752"><ele>3897.199951171875</ele><time>2026-01-14T04:15:55Z</time><extensions><ns3:TrackPointExtension><ns3:hr>83</ns3:hr><ns3:cad>0</ns3:cad></ns3:TrackPointExtension></extensions></trkpt><trkpt lat="29.893139088526368" lon="102.0147446449846"><ele>3897.199951171875</ele><time>2026-01-14T04:16:01Z</time><extensions><ns3:TrackPointExtension><ns3:hr>83</ns3:hr><ns3:cad>0</ns3:cad></ns3:TrackPointExtension></extensions></trkpt><trkpt lat="29.89313129335642" lon="102.01474389061332"><ele>3897.39990234375</ele><time>2026-01-14T04:16:09Z</time><extensions><ns3:TrackPointExtension><ns3:hr>83</ns3:hr><ns3:cad>0</ns3:cad></ns3:TrackPointExtension></extensions></trkpt><trkpt lat="29.893139842897654" lon="102.01474187895656"><ele>3897.60009765625</ele><time>2026-01-14T04:16:15Z</time><extensions><ns3:TrackPointExtension><ns3:hr>83</ns3:hr><ns3:cad>0</ns3:cad></ns3:TrackPointExtension></extensions></trkpt><trkpt lat="29.893130538985133" lon="102.01474338769913"><ele>3897.60009765625</ele><time>2026-01-14T04:16:24Z</time><extensions><ns3:TrackPointExtension><ns3:hr>84</ns3:hr><ns3:cad>0</ns3:cad></ns3:TrackPointExtension></extensions></trkpt><trkpt lat="29.89312400110066" lon="102.01474271714687"><ele>3897.60009765625</ele><time>2026-01-14T04:16:30Z</time><extensions><ns3:TrackPointExtension><ns3:hr>87</ns3:hr><ns3:cad>0</ns3:cad></ns3:TrackPointExtension></extensions></trkpt><trkpt lat="29.893127102404833" lon="102.01474213041365"><ele>3897.39990234375</ele><time>2026-01-14T04:16:35Z</time><extensions><ns3:TrackPointExtension><ns3:cad>0</ns3:cad></ns3:TrackPointExtension></extensions></trkpt><trkpt lat="29.89312592893839" lon="102.01474229805171"><ele>3897.199951171875</ele><time>2026-01-14T04:16:36Z</time><extensions><ns3:TrackPointExtension><ns3:hr>83</ns3:hr><ns3:cad>0</ns3:cad></ns3:TrackPointExtension></extensions></trkpt><trkpt lat="29.89313330501318" lon="102.01473877765238"><ele>3897.60009765625</ele><time>2026-01-14T04:16:44Z</time><extensions><ns3:TrackPointExtension><ns3:hr>83</ns3:hr><ns3:cad>0</ns3:cad></ns3:TrackPointExtension></extensions></trkpt><trkpt lat="29.89313129335642" lon="102.01474389061332"><ele>3897.800048828125</ele><time>2026-01-14T04:16:51Z</time><extensions><ns3:TrackPointExtension><ns3:cad>0</ns3:cad></ns3:TrackPointExtension></extensions></trkpt><trkpt lat="29.89313129335642" lon="102.01474389061332"><ele>3897.800048828125</ele><time>2026-01-14T04:16:52Z</time><extensions><ns3:TrackPointExtension><ns3:cad>0</ns3:cad></ns3:TrackPointExtension></extensions></trkpt><trkpt lat="29.89313280209899" lon="102.01473483815789"><ele>3897.60009765625</ele><time>2026-01-14T04:17:02Z</time><extensions><ns3:TrackPointExtension><ns3:cad>0</ns3:cad></ns3:TrackPointExtension></extensions></trkpt><trkpt lat="29.893134646117687" lon="102.0147274620831"><ele>3897.60009765625</ele><time>2026-01-14T04:17:07Z</time><extensions><ns3:TrackPointExtension><ns3:hr>73</ns3:hr><ns3:cad>0</ns3:cad></ns3:TrackPointExtension></extensions></trkpt><trkpt lat="29.893134143203497" lon="102.01472570188344"><ele>3897.60009765625</ele><time>2026-01-14T04:17:08Z</time><extensions><ns3:TrackPointExtension><ns3:hr>73</ns3:hr><ns3:cad>0</ns3:cad></ns3:TrackPointExtension></extensions></trkpt><trkpt lat="29.893135484308004" lon="102.01472327113152"><ele>3897.60009765625</ele><time>2026-01-14T04:17:09Z</time><extensions><ns3:TrackPointExtension><ns3:hr>73</ns3:hr><ns3:cad>0</ns3:cad></ns3:TrackPointExtension></extensions></trkpt><trkpt lat="29.893156606703997" lon="102.0147169008851"><ele>3897.39990234375</ele><time>2026-01-14T04:17:18Z</time><extensions><ns3:TrackPointExtension><ns3:cad>0</ns3:cad></ns3:TrackPointExtension></extensions></trkpt><trkpt lat="29.893156606703997" lon="102.01471681706607"><ele>3897.60009765625</ele><time>2026-01-14T04:17:30Z</time><extensions><ns3:TrackPointExtension><ns3:cad>0</ns3:cad></ns3:TrackPointExtension></extensions></trkpt><trkpt lat="29.893156606703997" lon="102.01471681706607"><ele>3898</ele><time>2026-01-14T04:17:37Z</time><extensions><ns3:TrackPointExtension><ns3:cad>0</ns3:cad></ns3:TrackPointExtension></extensions></trkpt><trkpt lat="29.893156606703997" lon="102.01471681706607"><ele>3898.199951171875</ele><time>2026-01-14T04:17:41Z</time><extensions><ns3:TrackPointExtension><ns3:hr>76</ns3:hr><ns3:cad>0</ns3:cad></ns3:TrackPointExtension></extensions></trkpt><trkpt lat="29.893156606703997" lon="102.01471681706607"><ele>3898.39990234375</ele><time>2026-01-14T04:17:43Z</time><extensions><ns3:TrackPointExtension><ns3:hr>80</ns3:hr><ns3:cad>0</ns3:cad></ns3:TrackPointExtension></extensions></trkpt><trkpt lat="29.893162306398153" lon="102.01472075656056"><ele>3897.800048828125</ele><time>2026-01-14T04:17:47Z</time><extensions><ns3:TrackPointExtension><ns3:cad>0</ns3:cad></ns3:TrackPointExtension></extensions></trkpt><trkpt lat="29.893156606703997" lon="102.01471681706607"><ele>3898</ele><time>2026-01-14T04:17:56Z</time><extensions><ns3:TrackPointExtension><ns3:hr>79</ns3:hr><ns3:cad>0</ns3:cad></ns3:TrackPointExtension></extensions></trkpt><trkpt lat="29.893166832625866" lon="102.01472251676023"><ele>3897.60009765625</ele><time>2026-01-14T04:18:06Z</time><extensions><ns3:TrackPointExtension><ns3:hr>79</ns3:hr><ns3:cad>0</ns3:cad></ns3:TrackPointExtension></extensions></trkpt><trkpt lat="29.893165742978454" lon="102.01472779735923"><ele>3897.800048828125</ele><time>2026-01-14T04:18:09Z</time><extensions><ns3:TrackPointExtension><ns3:hr>83</ns3:hr><ns3:cad>0</ns3:cad></ns3:TrackPointExtension></extensions></trkpt><trkpt lat="29.893164234235883" lon="102.01473232358694"><ele>3897.60009765625</ele><time>2026-01-14T04:18:17Z</time><extensions><ns3:TrackPointExtension><ns3:hr>86</ns3:hr><ns3:cad>0</ns3:cad></ns3:TrackPointExtension></extensions></trkpt><trkpt lat="29.89316012710333" lon="102.0147242769599"><ele>3897.800048828125</ele><time>2026-01-14T04:18:21Z</time><extensions><ns3:TrackPointExtension><ns3:hr>80</ns3:hr><ns3:cad>0</ns3:cad></ns3:TrackPointExtension></extensions></trkpt><trkpt lat="29.893157528713346" lon="102.0147277135402"><ele>3897.800048828125</ele><time>2026-01-14T04:18:24Z</time><extensions><ns3:TrackPointExtension><ns3:cad>0</ns3:cad></ns3:TrackPointExtension></extensions></trkpt><trkpt lat="29.893157361075282" lon="102.01472804881632"><ele>3898</ele><time>2026-01-14T04:18:28Z</time><extensions><ns3:TrackPointExtension><ns3:hr>80</ns3:hr><ns3:cad>0</ns3:cad></ns3:TrackPointExtension></extensions></trkpt><trkpt lat="29.89314939826727" lon="102.01472603715956"><ele>3897.39990234375</ele><time>2026-01-14T04:18:33Z</time><extensions><ns3:TrackPointExtension><ns3:hr>80</ns3:hr><ns3:cad>0</ns3:cad></ns3:TrackPointExtension></extensions></trkpt><trkpt lat="29.893149314448237" lon="102.0147189963609"><ele>3897.39990234375</ele><time>2026-01-14T04:18:40Z</time><extensions><ns3:TrackPointExtension><ns3:hr>83</ns3:hr><ns3:cad>0</ns3:cad></ns3:TrackPointExtension></extensions></trkpt><trkpt lat="29.893148727715015" lon="102.01471815817058"><ele>3897.39990234375</ele><time>2026-01-14T04:18:41Z</time><extensions><ns3:TrackPointExtension><ns3:hr>86</ns3:hr><ns3:cad>0</ns3:cad></ns3:TrackPointExtension></extensions></trkpt><trkpt lat="29.89319675602019" lon="102.01470013707876"><ele>3897</ele><time>2026-01-14T04:18:49Z</time><extensions><ns3:TrackPointExtension><ns3:cad>0</ns3:cad></ns3:TrackPointExtension></extensions></trkpt><trkpt lat="29.89319382235408" lon="102.0147047471255"><ele>3897.39990234375</ele><time>2026-01-14T04:18:57Z</time><extensions><ns3:TrackPointExtension><ns3:cad>0</ns3:cad></ns3:TrackPointExtension></extensions></trkpt><trkpt lat="29.893195666372776" lon="102.0147031545639"><ele>3897.39990234375</ele><time>2026-01-14T04:19:03Z</time><extensions><ns3:TrackPointExtension><ns3:hr>73</ns3:hr><ns3:cad>0</ns3:cad></ns3:TrackPointExtension></extensions></trkpt><trkpt lat="29.893196169286966" lon="102.01469988562167"><ele>3897.60009765625</ele><time>2026-01-14T04:19:04Z</time><extensions><ns3:TrackPointExtension><ns3:hr>73</ns3:hr><ns3:cad>0</ns3:cad></ns3:TrackPointExtension></extensions></trkpt><trkpt lat="29.89319675602019" lon="102.0147002208978"><ele>3897.60009765625</ele><time>2026-01-14T04:19:05Z</time><extensions><ns3:TrackPointExtension><ns3:hr>73</ns3:hr><ns3:cad>0</ns3:cad></ns3:TrackPointExtension></extensions></trkpt><trkpt lat="29.893212178722024" lon="102.01470248401165"><ele>3897.199951171875</ele><time>2026-01-14T04:19:12Z</time><extensions><ns3:TrackPointExtension><ns3:hr>74</ns3:hr><ns3:cad>0</ns3:cad></ns3:TrackPointExtension></extensions></trkpt><trkpt lat="29.89324905909598" lon="102.01469879597425"><ele>3898</ele><time>2026-01-14T04:19:20Z</time><extensions><ns3:TrackPointExtension><ns3:hr>74</ns3:hr><ns3:cad>65</ns3:cad></ns3:TrackPointExtension></extensions></trkpt><trkpt lat="29.893284933641553" lon="102.01469167135656"><ele>3898.60009765625</ele><time>2026-01-14T04:19:26Z</time><extensions><ns3:TrackPointExtension><ns3:hr>75</ns3:hr><ns3:cad>0</ns3:cad></ns3:TrackPointExtension></extensions></trkpt><trkpt lat="29.89329071715474" lon="102.01469670049846"><ele>3898.800048828125</ele><time>2026-01-14T04:19:27Z</time><extensions><ns3:TrackPointExtension><ns3:hr>76</ns3:hr><ns3:cad>41</ns3:cad></ns3:TrackPointExtension></extensions></trkpt><trkpt lat="29.89329356700182" lon="102.01470508240163"><ele>3899</ele><time>2026-01-14T04:19:28Z</time><extensions><ns3:TrackPointExtension><ns3:hr>76</ns3:hr><ns3:cad>41</ns3:cad></ns3:TrackPointExtension></extensions></trkpt><trkpt lat="29.89329356700182" lon="102.01470768079162"><ele>3899</ele><time>2026-01-14T04:19:32Z</time><extensions><ns3:TrackPointExtension><ns3:hr>75</ns3:hr><ns3:cad>0</ns3:cad></ns3:TrackPointExtension></extensions></trkpt><trkpt lat="29.89328577183187" lon="102.01471363194287"><ele>3899.60009765625</ele><time>2026-01-14T04:19:38Z</time><extensions><ns3:TrackPointExtension><ns3:hr>77</ns3:hr><ns3:cad>0</ns3:cad></ns3:TrackPointExtension></extensions></trkpt><trkpt lat="29.89328292198479" lon="102.01471463777125"><ele>3899.39990234375</ele><time>2026-01-14T04:19:41Z</time><extensions><ns3:TrackPointExtension><ns3:hr>80</ns3:hr><ns3:cad>0</ns3:cad></ns3:TrackPointExtension></extensions></trkpt><trkpt lat="29.893261631950736" lon="102.01473684981465"><ele>3899.39990234375</ele><time>2026-01-14T04:19:45Z</time><extensions><ns3:TrackPointExtension><ns3:hr>80</ns3:hr><ns3:cad>0</ns3:cad></ns3:TrackPointExtension></extensions></trkpt><trkpt lat="29.893246293067932" lon="102.01478152535856"><ele>3900.199951171875</ele><time>2026-01-14T04:19:52Z</time><extensions><ns3:TrackPointExtension><ns3:hr>79</ns3:hr><ns3:cad>77</ns3:cad></ns3:TrackPointExtension></extensions></trkpt><trkpt lat="29.893245035782456" lon="102.01477968133986"><ele>3900.39990234375</ele><time>2026-01-14T04:19:53Z</time><extensions><ns3:TrackPointExtension><ns3:hr>79</ns3:hr><ns3:cad>76</ns3:cad></ns3:TrackPointExtension></extensions></trkpt><trkpt lat="29.893246460705996" lon="102.0147842913866"><ele>3900.60009765625</ele><time>2026-01-14T04:19:59Z</time><extensions><ns3:TrackPointExtension><ns3:hr>82</ns3:hr><ns3:cad>0</ns3:cad></ns3:TrackPointExtension></extensions></trkpt><trkpt lat="29.89324813708663" lon="102.01477968133986"><ele>3900.800048828125</ele><time>2026-01-14T04:20:00Z</time><extensions><ns3:TrackPointExtension><ns3:hr>85</ns3:hr><ns3:cad>0</ns3:cad></ns3:TrackPointExtension></extensions></trkpt><trkpt lat="29.8932462092489" lon="102.01477490365505"><ele>3900.800048828125</ele><time>2026-01-14T04:20:02Z</time><extensions><ns3:TrackPointExtension><ns3:hr>86</ns3:hr><ns3:cad>0</ns3:cad></ns3:TrackPointExtension></extensions></trkpt><trkpt lat="29.893248975276947" lon="102.01478102244437"><ele>3900.60009765625</ele><time>2026-01-14T04:20:11Z</time><extensions><ns3:TrackPointExtension><ns3:cad>0</ns3:cad></ns3:TrackPointExtension></extensions></trkpt><trkpt lat="29.89326766692102" lon="102.0148070063442"><ele>3900.60009765625</ele><time>2026-01-14T04:20:17Z</time><extensions><ns3:TrackPointExtension><ns3:cad>0</ns3:cad></ns3:TrackPointExtension></extensions></trkpt><trkpt lat="29.893293315544724" lon="102.01482611708343"><ele>3901.39990234375</ele><time>2026-01-14T04:20:22Z</time><extensions><ns3:TrackPointExtension><ns3:cad>0</ns3:cad></ns3:TrackPointExtension></extensions></trkpt><trkpt lat="29.893311755731702" lon="102.01482720673084"><ele>3901.800048828125</ele><time>2026-01-14T04:20:26Z</time><extensions><ns3:TrackPointExtension><ns3:cad>63</ns3:cad></ns3:TrackPointExtension></extensions></trkpt><trkpt lat="29.893317623063922" lon="102.01482485979795"><ele>3901.800048828125</ele><time>2026-01-14T04:20:27Z</time><extensions><ns3:TrackPointExtension><ns3:cad>63</ns3:cad></ns3:TrackPointExtension></extensions></trkpt><trkpt lat="29.893335895612836" lon="102.01482268050313"><ele>3902.39990234375</ele><time>2026-01-14T04:20:32Z</time><extensions><ns3:TrackPointExtension><ns3:cad>70</ns3:cad></ns3:TrackPointExtension></extensions></trkpt><trkpt lat="29.89334042184055" lon="102.01482385396957"><ele>3902.800048828125</ele><time>2026-01-14T04:20:33Z</time><extensions><ns3:TrackPointExtension><ns3:cad>70</ns3:cad></ns3:TrackPointExtension></extensions></trkpt><trkpt lat="29.893342098221183" lon="102.01483198441565"><ele>3903</ele><time>2026-01-14T04:20:34Z</time><extensions><ns3:TrackPointExtension><ns3:cad>70</ns3:cad></ns3:TrackPointExtension></extensions></trkpt><trkpt lat="29.89333757199347" lon="102.01483751647174"><ele>3903.60009765625</ele><time>2026-01-14T04:20:36Z</time><extensions><ns3:TrackPointExtension><ns3:hr>72</ns3:hr><ns3:cad>0</ns3:cad></ns3:TrackPointExtension></extensions></trkpt><trkpt lat="29.893339416012168" lon="102.01483810320497"><ele>3903.800048828125</ele><time>2026-01-14T04:20:37Z</time><extensions><ns3:TrackPointExtension><ns3:hr>72</ns3:hr><ns3:cad>0</ns3:cad></ns3:TrackPointExtension></extensions></trkpt><trkpt lat="29.893343774601817" lon="102.0148519333452"><ele>3903.800048828125</ele><time>2026-01-14T04:20:39Z</time><extensions><ns3:TrackPointExtension><ns3:hr>72</ns3:hr><ns3:cad>0</ns3:cad></ns3:TrackPointExtension></extensions></trkpt><trkpt lat="29.893351402133703" lon="102.01490071602166"><ele>3903.800048828125</ele><time>2026-01-14T04:20:45Z</time><extensions><ns3:TrackPointExtension><ns3:hr>75</ns3:hr><ns3:cad>0</ns3:cad></ns3:TrackPointExtension></extensions></trkpt><trkpt lat="29.893351821228862" lon="102.01490306295455"><ele>3904</ele><time>2026-01-14T04:20:46Z</time><extensions><ns3:TrackPointExtension><ns3:hr>75</ns3:hr><ns3:cad>0</ns3:cad></ns3:TrackPointExtension></extensions></trkpt><trkpt lat="29.893356347456574" lon="102.01489895582199"><ele>3904.60009765625</ele><time>2026-01-14T04:20:53Z</time><extensions><ns3:TrackPointExtension><ns3:hr>77</ns3:hr><ns3:cad>0</ns3:cad></ns3:TrackPointExtension></extensions></trkpt><trkpt lat="29.893364058807492" lon="102.01486836187541"><ele>3904.60009765625</ele><time>2026-01-14T04:21:00Z</time><extensions><ns3:TrackPointExtension><ns3:hr>77</ns3:hr><ns3:cad>0</ns3:cad></ns3:TrackPointExtension></extensions></trkpt><trkpt lat="29.89335760474205" lon="102.01486031524837"><ele>3904.39990234375</ele><time>2026-01-14T04:21:07Z</time><extensions><ns3:TrackPointExtension><ns3:hr>74</ns3:hr><ns3:cad>0</ns3:cad></ns3:TrackPointExtension></extensions></trkpt><trkpt lat="29.89336154423654" lon="102.0148466527462"><ele>3904.39990234375</ele><time>2026-01-14T04:21:09Z</time><extensions><ns3:TrackPointExtension><ns3:hr>74</ns3:hr><ns3:cad>0</ns3:cad></ns3:TrackPointExtension></extensions></trkpt><trkpt lat="29.893362801522017" lon="102.01485210098326"><ele>3904.60009765625</ele><time>2026-01-14T04:21:15Z</time><extensions><ns3:TrackPointExtension><ns3:hr>72</ns3:hr><ns3:cad>0</ns3:cad></ns3:TrackPointExtension></extensions></trkpt><trkpt lat="29.89336246624589" lon="102.01485436409712"><ele>3904.800048828125</ele><time>2026-01-14T04:21:16Z</time><extensions><ns3:TrackPointExtension><ns3:hr>71</ns3:hr><ns3:cad>0</ns3:cad></ns3:TrackPointExtension></extensions></trkpt><trkpt lat="29.893365316092968" lon="102.01485863886774"><ele>3904</ele><time>2026-01-14T04:21:25Z</time><extensions><ns3:TrackPointExtension><ns3:hr>73</ns3:hr><ns3:cad>0</ns3:cad></ns3:TrackPointExtension></extensions></trkpt><trkpt lat="29.89336053840816" lon="102.01484514400363"><ele>3904.60009765625</ele><time>2026-01-14T04:21:33Z</time><extensions><ns3:TrackPointExtension><ns3:hr>76</ns3:hr><ns3:cad>0</ns3:cad></ns3:TrackPointExtension></extensions></trkpt><trkpt lat="29.893359951674938" lon="102.01484254561365"><ele>3904.800048828125</ele><time>2026-01-14T04:21:36Z</time><extensions><ns3:TrackPointExtension><ns3:hr>77</ns3:hr><ns3:cad>0</ns3:cad></ns3:TrackPointExtension></extensions></trkpt><trkpt lat="29.89337135106325" lon="102.01485889032483"><ele>3904.39990234375</ele><time>2026-01-14T04:21:48Z</time><extensions><ns3:TrackPointExtension><ns3:hr>77</ns3:hr><ns3:cad>0</ns3:cad></ns3:TrackPointExtension></extensions></trkpt><trkpt lat="29.89337034523487" lon="102.01486702077091"><ele>3904.800048828125</ele><time>2026-01-14T04:21:56Z</time><extensions><ns3:TrackPointExtension><ns3:hr>79</ns3:hr><ns3:cad>0</ns3:cad></ns3:TrackPointExtension></extensions></trkpt><trkpt lat="29.89335802383721" lon="102.01491001993418"><ele>3904.800048828125</ele><time>2026-01-14T04:22:02Z</time><extensions><ns3:TrackPointExtension><ns3:hr>80</ns3:hr><ns3:cad>47</ns3:cad></ns3:TrackPointExtension></extensions></trkpt><trkpt lat="29.893370931968093" lon="102.01490750536323"><ele>3905.199951171875</ele><time>2026-01-14T04:22:06Z</time><extensions><ns3:TrackPointExtension><ns3:hr>83</ns3:hr><ns3:cad>0</ns3:cad></ns3:TrackPointExtension></extensions></trkpt><trkpt lat="29.893372859805822" lon="102.01491496525705"><ele>3905.199951171875</ele><time>2026-01-14T04:22:07Z</time><extensions><ns3:TrackPointExtension><ns3:hr>83</ns3:hr><ns3:cad>0</ns3:cad></ns3:TrackPointExtension></extensions></trkpt><trkpt lat="29.893366154283285" lon="102.01491639018059"><ele>3905.800048828125</ele><time>2026-01-14T04:22:11Z</time><extensions><ns3:TrackPointExtension><ns3:hr>83</ns3:hr><ns3:cad>0</ns3:cad></ns3:TrackPointExtension></extensions></trkpt><trkpt lat="29.893362717702985" lon="102.01491261832416"><ele>3905.800048828125</ele><time>2026-01-14T04:22:12Z</time><extensions><ns3:TrackPointExtension><ns3:hr>84</ns3:hr><ns3:cad>0</ns3:cad></ns3:TrackPointExtension></extensions></trkpt><trkpt lat="29.89337277598679" lon="102.01490616425872"><ele>3905.199951171875</ele><time>2026-01-14T04:22:19Z</time><extensions><ns3:TrackPointExtension><ns3:hr>81</ns3:hr><ns3:cad>0</ns3:cad></ns3:TrackPointExtension></extensions></trkpt><trkpt lat="29.893376296386123" lon="102.01490205712616"><ele>3905</ele><time>2026-01-14T04:22:21Z</time><extensions><ns3:TrackPointExtension><ns3:hr>81</ns3:hr><ns3:cad>0</ns3:cad></ns3:TrackPointExtension></extensions></trkpt><trkpt lat="29.893378978595138" lon="102.0149378478527"><ele>3905</ele><time>2026-01-14T04:22:30Z</time><extensions><ns3:TrackPointExtension><ns3:hr>80</ns3:hr><ns3:cad>0</ns3:cad></ns3:TrackPointExtension></extensions></trkpt><trkpt lat="29.893376799300313" lon="102.01497321948409"><ele>3906.39990234375</ele><time>2026-01-14T04:22:37Z</time><extensions><ns3:TrackPointExtension><ns3:hr>81</ns3:hr><ns3:cad>0</ns3:cad></ns3:TrackPointExtension></extensions></trkpt><trkpt lat="29.893364813178778" lon="102.01499442569911"><ele>3906.800048828125</ele><time>2026-01-14T04:22:40Z</time><extensions><ns3:TrackPointExtension><ns3:hr>81</ns3:hr><ns3:cad>40</ns3:cad></ns3:TrackPointExtension></extensions></trkpt><trkpt lat="29.89335517399013" lon="102.01502543874085"><ele>3907.199951171875</ele><time>2026-01-14T04:22:46Z</time><extensions><ns3:TrackPointExtension><ns3:hr>83</ns3:hr><ns3:cad>0</ns3:cad></ns3:TrackPointExtension></extensions></trkpt><trkpt lat="29.893338661640882" lon="102.0150678511709"><ele>3907.800048828125</ele><time>2026-01-14T04:22:55Z</time><extensions><ns3:TrackPointExtension><ns3:hr>84</ns3:hr><ns3:cad>0</ns3:cad></ns3:TrackPointExtension></extensions></trkpt><trkpt lat="29.893339835107327" lon="102.01509844511747"><ele>3908.800048828125</ele><time>2026-01-14T04:23:01Z</time><extensions><ns3:TrackPointExtension><ns3:hr>83</ns3:hr><ns3:cad>40</ns3:cad></ns3:TrackPointExtension></extensions></trkpt><trkpt lat="29.893339751288295" lon="102.01510355807841"><ele>3909</ele><time>2026-01-14T04:23:02Z</time><extensions><ns3:TrackPointExtension><ns3:hr>83</ns3:hr><ns3:cad>0</ns3:cad></ns3:TrackPointExtension></extensions></trkpt><trkpt lat="29.89333505742252" lon="102.01511286199093"><ele>3909.39990234375</ele><time>2026-01-14T04:23:10Z</time><extensions><ns3:TrackPointExtension><ns3:hr>84</ns3:hr><ns3:cad>0</ns3:cad></ns3:TrackPointExtension></extensions></trkpt><trkpt lat="29.893325082957745" lon="102.01509643346071"><ele>3909.60009765625</ele><time>2026-01-14T04:23:17Z</time><extensions><ns3:TrackPointExtension><ns3:hr>87</ns3:hr><ns3:cad>0</ns3:cad></ns3:TrackPointExtension></extensions></trkpt><trkpt lat="29.893329106271267" lon="102.01509668491781"><ele>3909.800048828125</ele><time>2026-01-14T04:23:20Z</time><extensions><ns3:TrackPointExtension><ns3:hr>88</ns3:hr><ns3:cad>0</ns3:cad></ns3:TrackPointExtension></extensions></trkpt><trkpt lat="29.893328938633204" lon="102.01509090140462"><ele>3909.39990234375</ele><time>2026-01-14T04:23:31Z</time><extensions><ns3:TrackPointExtension><ns3:hr>89</ns3:hr><ns3:cad>0</ns3:cad></ns3:TrackPointExtension></extensions></trkpt><trkpt lat="29.893318712711334" lon="102.01508738100529"><ele>3909.60009765625</ele><time>2026-01-14T04:23:42Z</time><extensions><ns3:TrackPointExtension><ns3:hr>92</ns3:hr><ns3:cad>0</ns3:cad></ns3:TrackPointExtension></extensions></trkpt><trkpt lat="29.89331753924489" lon="102.01508930884302"><ele>3909.60009765625</ele><time>2026-01-14T04:23:43Z</time><extensions><ns3:TrackPointExtension><ns3:hr>91</ns3:hr><ns3:cad>0</ns3:cad></ns3:TrackPointExtension></extensions></trkpt><trkpt lat="29.893324244767427" lon="102.01509324833751"><ele>3909.800048828125</ele><time>2026-01-14T04:23:54Z</time><extensions><ns3:TrackPointExtension><ns3:hr>88</ns3:hr><ns3:cad>0</ns3:cad></ns3:TrackPointExtension></extensions></trkpt><trkpt lat="29.893313515931368" lon="102.01508805155754"><ele>3909.800048828125</ele><time>2026-01-14T04:23:57Z</time><extensions><ns3:TrackPointExtension><ns3:hr>87</ns3:hr><ns3:cad>0</ns3:cad></ns3:TrackPointExtension></extensions></trkpt><trkpt lat="29.89331460557878" lon="102.01509500853717"><ele>3909.60009765625</ele><time>2026-01-14T04:24:02Z</time><extensions><ns3:TrackPointExtension><ns3:hr>84</ns3:hr><ns3:cad>0</ns3:cad></ns3:TrackPointExtension></extensions></trkpt><trkpt lat="29.893328519538045" lon="102.0151054020971"><ele>3909.800048828125</ele><time>2026-01-14T04:24:06Z</time><extensions><ns3:TrackPointExtension><ns3:hr>84</ns3:hr><ns3:cad>0</ns3:cad></ns3:TrackPointExtension></extensions></trkpt><trkpt lat="29.893325166776776" lon="102.01510355807841"><ele>3909.60009765625</ele><time>2026-01-14T04:24:14Z</time><extensions><ns3:TrackPointExtension><ns3:hr>84</ns3:hr><ns3:cad>0</ns3:cad></ns3:TrackPointExtension></extensions></trkpt><trkpt lat="29.8933307826519" lon="102.01510632410645"><ele>3910</ele><time>2026-01-14T04:24:18Z</time><extensions><ns3:TrackPointExtension><ns3:hr>82</ns3:hr><ns3:cad>0</ns3:cad></ns3:TrackPointExtension></extensions></trkpt><trkpt lat="29.89333069883287" lon="102.01510473154485"><ele>3910</ele><time>2026-01-14T04:24:19Z</time><extensions><ns3:TrackPointExtension><ns3:hr>79</ns3:hr><ns3:cad>0</ns3:cad></ns3:TrackPointExtension></extensions></trkpt><trkpt lat="29.893333381041884" lon="102.01510280370712"><ele>3910</ele><time>2026-01-14T04:24:21Z</time><extensions><ns3:TrackPointExtension><ns3:hr>78</ns3:hr><ns3:cad>0</ns3:cad></ns3:TrackPointExtension></extensions></trkpt><trkpt lat="29.8933326266706" lon="102.0150969363749"><ele>3910</ele><time>2026-01-14T04:24:30Z</time><extensions><ns3:TrackPointExtension><ns3:hr>75</ns3:hr><ns3:cad>0</ns3:cad></ns3:TrackPointExtension></extensions></trkpt><trkpt lat="29.893327597528696" lon="102.01510012149811"><ele>3910</ele><time>2026-01-14T04:24:32Z</time><extensions><ns3:TrackPointExtension><ns3:hr>75</ns3:hr><ns3:cad>0</ns3:cad></ns3:TrackPointExtension></extensions></trkpt><trkpt lat="29.893337739631534" lon="102.01513507403433"><ele>3910.60009765625</ele><time>2026-01-14T04:24:38Z</time><extensions><ns3:TrackPointExtension><ns3:hr>78</ns3:hr><ns3:cad>0</ns3:cad></ns3:TrackPointExtension></extensions></trkpt><trkpt lat="29.893333548679948" lon="102.01514764688909"><ele>3911.199951171875</ele><time>2026-01-14T04:24:40Z</time><extensions><ns3:TrackPointExtension><ns3:hr>84</ns3:hr><ns3:cad>0</ns3:cad></ns3:TrackPointExtension></extensions></trkpt><trkpt lat="29.893327010795474" lon="102.01516348868608"><ele>3912.199951171875</ele><time>2026-01-14T04:24:44Z</time><extensions><ns3:TrackPointExtension><ns3:hr>86</ns3:hr><ns3:cad>79</ns3:cad></ns3:TrackPointExtension></extensions></trkpt><trkpt lat="29.893323741853237" lon="102.01516424305737"><ele>3912.60009765625</ele><time>2026-01-14T04:24:46Z</time><extensions><ns3:TrackPointExtension><ns3:hr>85</ns3:hr><ns3:cad>0</ns3:cad></ns3:TrackPointExtension></extensions></trkpt><trkpt lat="29.893306558951735" lon="102.01520699076355"><ele>3912.800048828125</ele><time>2026-01-14T04:24:53Z</time><extensions><ns3:TrackPointExtension><ns3:hr>88</ns3:hr><ns3:cad>79</ns3:cad></ns3:TrackPointExtension></extensions></trkpt><trkpt lat="29.893307397142053" lon="102.01520782895386"><ele>3913</ele><time>2026-01-14T04:24:54Z</time><extensions><ns3:TrackPointExtension><ns3:hr>88</ns3:hr><ns3:cad>79</ns3:cad></ns3:TrackPointExtension></extensions></trkpt><trkpt lat="29.893311001360416" lon="102.0152158755809"><ele>3913.39990234375</ele><time>2026-01-14T04:24:56Z</time><extensions><ns3:TrackPointExtension><ns3:hr>88</ns3:hr><ns3:cad>40</ns3:cad></ns3:TrackPointExtension></extensions></trkpt><trkpt lat="29.89332005381584" lon="102.01523188501596"><ele>3914.60009765625</ele><time>2026-01-14T04:25:01Z</time><extensions><ns3:TrackPointExtension><ns3:hr>88</ns3:hr><ns3:cad>0</ns3:cad></ns3:TrackPointExtension></extensions></trkpt><trkpt lat="29.89331552758813" lon="102.01523230411112"><ele>3914.60009765625</ele><time>2026-01-14T04:25:09Z</time><extensions><ns3:TrackPointExtension><ns3:hr>89</ns3:hr><ns3:cad>0</ns3:cad></ns3:TrackPointExtension></extensions></trkpt><trkpt lat="29.893320472911" lon="102.01522920280695"><ele>3914.60009765625</ele><time>2026-01-14T04:25:19Z</time><extensions><ns3:TrackPointExtension><ns3:hr>90</ns3:hr><ns3:cad>0</ns3:cad></ns3:TrackPointExtension></extensions></trkpt><trkpt lat="29.893359700217843" lon="102.01522928662598"><ele>3915.800048828125</ele><time>2026-01-14T04:25:26Z</time><extensions><ns3:TrackPointExtension><ns3:hr>89</ns3:hr><ns3:cad>0</ns3:cad></ns3:TrackPointExtension></extensions></trkpt><trkpt lat="29.893355509266257" lon="102.0152303762734"><ele>3916.199951171875</ele><time>2026-01-14T04:25:28Z</time><extensions><ns3:TrackPointExtension><ns3:hr>89</ns3:hr><ns3:cad>0</ns3:cad></ns3:TrackPointExtension></extensions></trkpt><trkpt lat="29.893351821228862" lon="102.01523046009243"><ele>3916.60009765625</ele><time>2026-01-14T04:25:31Z</time><extensions><ns3:TrackPointExtension><ns3:hr>93</ns3:hr><ns3:cad>0</ns3:cad></ns3:TrackPointExtension></extensions></trkpt><trkpt lat="29.893355257809162" lon="102.01523574069142"><ele>3916.60009765625</ele><time>2026-01-14T04:25:34Z</time><extensions><ns3:TrackPointExtension><ns3:hr>93</ns3:hr><ns3:cad>0</ns3:cad></ns3:TrackPointExtension></extensions></trkpt><trkpt lat="29.893377805128694" lon="102.0152660831809"><ele>3916.800048828125</ele><time>2026-01-14T04:25:41Z</time><extensions><ns3:TrackPointExtension><ns3:hr>93</ns3:hr><ns3:cad>0</ns3:cad></ns3:TrackPointExtension></extensions></trkpt><trkpt lat="29.893379481509328" lon="102.01530564576387"><ele>3917.800048828125</ele><time>2026-01-14T04:25:48Z</time><extensions><ns3:TrackPointExtension><ns3:hr>93</ns3:hr><ns3:cad>0</ns3:cad></ns3:TrackPointExtension></extensions></trkpt><trkpt lat="29.893377721309662" lon="102.0153057295829"><ele>3917.800048828125</ele><time>2026-01-14T04:25:49Z</time><extensions><ns3:TrackPointExtension><ns3:hr>93</ns3:hr><ns3:cad>0</ns3:cad></ns3:TrackPointExtension></extensions></trkpt><trkpt lat="29.89337964914739" lon="102.01528636738658"><ele>3917.800048828125</ele><time>2026-01-14T04:25:59Z</time><extensions><ns3:TrackPointExtension><ns3:hr>93</ns3:hr><ns3:cad>0</ns3:cad></ns3:TrackPointExtension></extensions></trkpt><trkpt lat="29.893379313871264" lon="102.01528938487172"><ele>3917.800048828125</ele><time>2026-01-14T04:26:10Z</time><extensions><ns3:TrackPointExtension><ns3:hr>94</ns3:hr><ns3:cad>0</ns3:cad></ns3:TrackPointExtension></extensions></trkpt><trkpt lat="29.893373111262918" lon="102.01528024859726"><ele>3918</ele><time>2026-01-14T04:26:23Z</time><extensions><ns3:TrackPointExtension><ns3:hr>93</ns3:hr><ns3:cad>0</ns3:cad></ns3:TrackPointExtension></extensions></trkpt><trkpt lat="29.89337964914739" lon="102.01528636738658"><ele>3917.800048828125</ele><time>2026-01-14T04:26:30Z</time><extensions><ns3:TrackPointExtension><ns3:hr>90</ns3:hr><ns3:cad>0</ns3:cad></ns3:TrackPointExtension></extensions></trkpt><trkpt lat="29.89337964914739" lon="102.01528636738658"><ele>3917.60009765625</ele><time>2026-01-14T04:26:34Z</time><extensions><ns3:TrackPointExtension><ns3:hr>91</ns3:hr><ns3:cad>0</ns3:cad></ns3:TrackPointExtension></extensions></trkpt><trkpt lat="29.893380319699645" lon="102.01528276316822"><ele>3917.800048828125</ele><time>2026-01-14T04:26:44Z</time><extensions><ns3:TrackPointExtension><ns3:cad>0</ns3:cad></ns3:TrackPointExtension></extensions></trkpt><trkpt lat="29.89337964914739" lon="102.01528636738658"><ele>3917.800048828125</ele><time>2026-01-14T04:26:52Z</time><extensions><ns3:TrackPointExtension><ns3:hr>82</ns3:hr><ns3:cad>0</ns3:cad></ns3:TrackPointExtension></extensions></trkpt><trkpt lat="29.89337964914739" lon="102.01528636738658"><ele>3917.800048828125</ele><time>2026-01-14T04:26:53Z</time><extensions><ns3:TrackPointExtension><ns3:hr>82</ns3:hr><ns3:cad>0</ns3:cad></ns3:TrackPointExtension></extensions></trkpt><trkpt lat="29.89337964914739" lon="102.01528636738658"><ele>3918</ele><time>2026-01-14T04:27:02Z</time><extensions><ns3:TrackPointExtension><ns3:hr>80</ns3:hr><ns3:cad>0</ns3:cad></ns3:TrackPointExtension></extensions></trkpt><trkpt lat="29.89337906241417" lon="102.01527815312147"><ele>3917.800048828125</ele><time>2026-01-14T04:27:13Z</time><extensions><ns3:TrackPointExtension><ns3:hr>80</ns3:hr><ns3:cad>0</ns3:cad></ns3:TrackPointExtension></extensions></trkpt><trkpt lat="29.893378391861916" lon="102.01529215089977"><ele>3918</ele><time>2026-01-14T04:27:22Z</time><extensions><ns3:TrackPointExtension><ns3:cad>0</ns3:cad></ns3:TrackPointExtension></extensions></trkpt><trkpt lat="29.89337964914739" lon="102.01528636738658"><ele>3918.199951171875</ele><time>2026-01-14T04:27:38Z</time><extensions><ns3:TrackPointExtension><ns3:hr>79</ns3:hr><ns3:cad>0</ns3:cad></ns3:TrackPointExtension></extensions></trkpt><trkpt lat="29.89337964914739" lon="102.01528636738658"><ele>3918.199951171875</ele><time>2026-01-14T04:27:44Z</time><extensions><ns3:TrackPointExtension><ns3:hr>82</ns3:hr><ns3:cad>0</ns3:cad></ns3:TrackPointExtension></extensions></trkpt><trkpt lat="29.893380319699645" lon="102.01529709622264"><ele>3918.199951171875</ele><time>2026-01-14T04:27:49Z</time><extensions><ns3:TrackPointExtension><ns3:hr>78</ns3:hr><ns3:cad>0</ns3:cad></ns3:TrackPointExtension></extensions></trkpt><trkpt lat="29.893380654975772" lon="102.01529617421329"><ele>3918.39990234375</ele><time>2026-01-14T04:27:50Z</time><extensions><ns3:TrackPointExtension><ns3:hr>78</ns3:hr><ns3:cad>0</ns3:cad></ns3:TrackPointExtension></extensions></trkpt><trkpt lat="29.893381744623184" lon="102.01529650948942"><ele>3918.199951171875</ele><time>2026-01-14T04:27:55Z</time><extensions><ns3:TrackPointExtension><ns3:hr>80</ns3:hr><ns3:cad>0</ns3:cad></ns3:TrackPointExtension></extensions></trkpt><trkpt lat="29.893392557278275" lon="102.0153041370213"><ele>3918.60009765625</ele><time>2026-01-14T04:28:00Z</time><extensions><ns3:TrackPointExtension><ns3:hr>80</ns3:hr><ns3:cad>0</ns3:cad></ns3:TrackPointExtension></extensions></trkpt><trkpt lat="29.89341041073203" lon="102.01532978564501"><ele>3918.60009765625</ele><time>2026-01-14T04:28:07Z</time><extensions><ns3:TrackPointExtension><ns3:hr>81</ns3:hr><ns3:cad>0</ns3:cad></ns3:TrackPointExtension></extensions></trkpt><trkpt lat="29.893411584198475" lon="102.01532886363566"><ele>3919</ele><time>2026-01-14T04:28:08Z</time><extensions><ns3:TrackPointExtension><ns3:hr>81</ns3:hr><ns3:cad>0</ns3:cad></ns3:TrackPointExtension></extensions></trkpt><trkpt lat="29.893411248922348" lon="102.01534269377589"><ele>3920</ele><time>2026-01-14T04:28:13Z</time><extensions><ns3:TrackPointExtension><ns3:hr>84</ns3:hr><ns3:cad>43</ns3:cad></ns3:TrackPointExtension></extensions></trkpt><trkpt lat="29.893407644703984" lon="102.01534981839359"><ele>3920</ele><time>2026-01-14T04:28:14Z</time><extensions><ns3:TrackPointExtension><ns3:hr>84</ns3:hr><ns3:cad>43</ns3:cad></ns3:TrackPointExtension></extensions></trkpt><trkpt lat="29.893405130133033" lon="102.01535543426871"><ele>3920</ele><time>2026-01-14T04:28:15Z</time><extensions><ns3:TrackPointExtension><ns3:hr>84</ns3:hr><ns3:cad>43</ns3:cad></ns3:TrackPointExtension></extensions></trkpt><trkpt lat="29.893418541178107" lon="102.01535543426871"><ele>3921</ele><time>2026-01-14T04:28:21Z</time><extensions><ns3:TrackPointExtension><ns3:hr>85</ns3:hr><ns3:cad>0</ns3:cad></ns3:TrackPointExtension></extensions></trkpt><trkpt lat="29.893424240872264" lon="102.0153577812016"><ele>3921</ele><time>2026-01-14T04:28:22Z</time><extensions><ns3:TrackPointExtension><ns3:hr>85</ns3:hr><ns3:cad>0</ns3:cad></ns3:TrackPointExtension></extensions></trkpt><trkpt lat="29.893420049920678" lon="102.0153802447021"><ele>3921.199951171875</ele><time>2026-01-14T04:28:26Z</time><extensions><ns3:TrackPointExtension><ns3:hr>85</ns3:hr><ns3:cad>0</ns3:cad></ns3:TrackPointExtension></extensions></trkpt><trkpt lat="29.893428767099977" lon="102.01541419140995"><ele>3921.800048828125</ele><time>2026-01-14T04:28:32Z</time><extensions><ns3:TrackPointExtension><ns3:hr>85</ns3:hr><ns3:cad>0</ns3:cad></ns3:TrackPointExtension></extensions></trkpt><trkpt lat="29.893427845090628" lon="102.01543103903532"><ele>3922.199951171875</ele><time>2026-01-14T04:28:34Z</time><extensions><ns3:TrackPointExtension><ns3:hr>85</ns3:hr><ns3:cad>0</ns3:cad></ns3:TrackPointExtension></extensions></trkpt><trkpt lat="29.89342155866325" lon="102.01544118113816"><ele>3923</ele><time>2026-01-14T04:28:37Z</time><extensions><ns3:TrackPointExtension><ns3:hr>88</ns3:hr><ns3:cad>0</ns3:cad></ns3:TrackPointExtension></extensions></trkpt><trkpt lat="29.89342164248228" lon="102.01543539762497"><ele>3923</ele><time>2026-01-14T04:28:40Z</time><extensions><ns3:TrackPointExtension><ns3:hr>90</ns3:hr><ns3:cad>0</ns3:cad></ns3:TrackPointExtension></extensions></trkpt><trkpt lat="29.893394568935037" lon="102.01546867378056"><ele>3923.199951171875</ele><time>2026-01-14T04:28:45Z</time><extensions><ns3:TrackPointExtension><ns3:hr>91</ns3:hr><ns3:cad>0</ns3:cad></ns3:TrackPointExtension></extensions></trkpt><trkpt lat="29.893375961109996" lon="102.01550278812647"><ele>3924</ele><time>2026-01-14T04:28:53Z</time><extensions><ns3:TrackPointExtension><ns3:hr>91</ns3:hr><ns3:cad>0</ns3:cad></ns3:TrackPointExtension></extensions></trkpt><trkpt lat="29.89337612874806" lon="102.01550463214517"><ele>3924.199951171875</ele><time>2026-01-14T04:28:54Z</time><extensions><ns3:TrackPointExtension><ns3:hr>91</ns3:hr><ns3:cad>0</ns3:cad></ns3:TrackPointExtension></extensions></trkpt><trkpt lat="29.893384845927358" lon="102.01552541926503"><ele>3924.60009765625</ele><time>2026-01-14T04:28:59Z</time><extensions><ns3:TrackPointExtension><ns3:hr>92</ns3:hr><ns3:cad>0</ns3:cad></ns3:TrackPointExtension></extensions></trkpt><trkpt lat="29.893377721309662" lon="102.01555483974516"><ele>3925.39990234375</ele><time>2026-01-14T04:29:05Z</time><extensions><ns3:TrackPointExtension><ns3:hr>93</ns3:hr><ns3:cad>46</ns3:cad></ns3:TrackPointExtension></extensions></trkpt><trkpt lat="29.893378727138042" lon="102.01555802486837"><ele>3925.800048828125</ele><time>2026-01-14T04:29:07Z</time><extensions><ns3:TrackPointExtension><ns3:hr>93</ns3:hr><ns3:cad>0</ns3:cad></ns3:TrackPointExtension></extensions></trkpt><trkpt lat="29.893392641097307" lon="102.0155633892864"><ele>3926.60009765625</ele><time>2026-01-14T04:29:11Z</time><extensions><ns3:TrackPointExtension><ns3:hr>93</ns3:hr><ns3:cad>0</ns3:cad></ns3:TrackPointExtension></extensions></trkpt><trkpt lat="29.89339423365891" lon="102.01556649059057"><ele>3926.60009765625</ele><time>2026-01-14T04:29:13Z</time><extensions><ns3:TrackPointExtension><ns3:hr>94</ns3:hr><ns3:cad>0</ns3:cad></ns3:TrackPointExtension></extensions></trkpt><trkpt lat="29.89339423365891" lon="102.01556649059057"><ele>3926.800048828125</ele><time>2026-01-14T04:29:21Z</time><extensions><ns3:TrackPointExtension><ns3:hr>93</ns3:hr><ns3:cad>0</ns3:cad></ns3:TrackPointExtension></extensions></trkpt><trkpt lat="29.893389204517007" lon="102.01556942425668"><ele>3926.39990234375</ele><time>2026-01-14T04:29:30Z</time><extensions><ns3:TrackPointExtension><ns3:hr>93</ns3:hr><ns3:cad>0</ns3:cad></ns3:TrackPointExtension></extensions></trkpt><trkpt lat="29.89338585175574" lon="102.01556892134249"><ele>3926.199951171875</ele><time>2026-01-14T04:29:36Z</time><extensions><ns3:TrackPointExtension><ns3:hr>92</ns3:hr><ns3:cad>0</ns3:cad></ns3:TrackPointExtension></extensions></trkpt><trkpt lat="29.8934016097337" lon="102.01555576175451"><ele>3926.60009765625</ele><time>2026-01-14T04:29:46Z</time><extensions><ns3:TrackPointExtension><ns3:hr>93</ns3:hr><ns3:cad>0</ns3:cad></ns3:TrackPointExtension></extensions></trkpt><trkpt lat="29.893377888947725" lon="102.01556783169508"><ele>3927</ele><time>2026-01-14T04:29:53Z</time><extensions><ns3:TrackPointExtension><ns3:hr>91</ns3:hr><ns3:cad>0</ns3:cad></ns3:TrackPointExtension></extensions></trkpt><trkpt lat="29.89336791448295" lon="102.01558434404433"><ele>3927.39990234375</ele><time>2026-01-14T04:30:00Z</time><extensions><ns3:TrackPointExtension><ns3:hr>90</ns3:hr><ns3:cad>0</ns3:cad></ns3:TrackPointExtension></extensions></trkpt><trkpt lat="29.893361292779446" lon="102.01559976674616"><ele>3927.60009765625</ele><time>2026-01-14T04:30:02Z</time><extensions><ns3:TrackPointExtension><ns3:hr>88</ns3:hr><ns3:cad>0</ns3:cad></ns3:TrackPointExtension></extensions></trkpt><trkpt lat="29.893345115706325" lon="102.01561636291444"><ele>3927.60009765625</ele><time>2026-01-14T04:30:05Z</time><extensions><ns3:TrackPointExtension><ns3:hr>87</ns3:hr><ns3:cad>0</ns3:cad></ns3:TrackPointExtension></extensions></trkpt><trkpt lat="29.893333045765758" lon="102.0156323723495"><ele>3927.800048828125</ele><time>2026-01-14T04:30:09Z</time><extensions><ns3:TrackPointExtension><ns3:hr>84</ns3:hr><ns3:cad>0</ns3:cad></ns3:TrackPointExtension></extensions></trkpt><trkpt lat="29.89333363249898" lon="102.01562633737922"><ele>3928.39990234375</ele><time>2026-01-14T04:30:13Z</time><extensions><ns3:TrackPointExtension><ns3:hr>84</ns3:hr><ns3:cad>0</ns3:cad></ns3:TrackPointExtension></extensions></trkpt><trkpt lat="29.893335392698646" lon="102.015625750646"><ele>3928.60009765625</ele><time>2026-01-14T04:30:14Z</time><extensions><ns3:TrackPointExtension><ns3:hr>84</ns3:hr><ns3:cad>0</ns3:cad></ns3:TrackPointExtension></extensions></trkpt><trkpt lat="29.893331117928028" lon="102.0156342163682"><ele>3928</ele><time>2026-01-14T04:30:21Z</time><extensions><ns3:TrackPointExtension><ns3:hr>83</ns3:hr><ns3:cad>0</ns3:cad></ns3:TrackPointExtension></extensions></trkpt><trkpt lat="29.89331955090165" lon="102.01563723385334"><ele>3928</ele><time>2026-01-14T04:30:27Z</time><extensions><ns3:TrackPointExtension><ns3:hr>83</ns3:hr><ns3:cad>0</ns3:cad></ns3:TrackPointExtension></extensions></trkpt><trkpt lat="29.893310414627194" lon="102.0156550873071"><ele>3928.60009765625</ele><time>2026-01-14T04:30:34Z</time><extensions><ns3:TrackPointExtension><ns3:hr>82</ns3:hr><ns3:cad>0</ns3:cad></ns3:TrackPointExtension></extensions></trkpt><trkpt lat="29.893308402970433" lon="102.01569431461394"><ele>3929.60009765625</ele><time>2026-01-14T04:30:42Z</time><extensions><ns3:TrackPointExtension><ns3:hr>82</ns3:hr><ns3:cad>76</ns3:cad></ns3:TrackPointExtension></extensions></trkpt><trkpt lat="29.89330630749464" lon="102.0156965777278"><ele>3930.60009765625</ele><time>2026-01-14T04:30:48Z</time><extensions><ns3:TrackPointExtension><ns3:cad>0</ns3:cad></ns3:TrackPointExtension></extensions></trkpt><trkpt lat="29.893302032724023" lon="102.01570713892579"><ele>3930.199951171875</ele><time>2026-01-14T04:30:51Z</time><extensions><ns3:TrackPointExtension><ns3:cad>0</ns3:cad></ns3:TrackPointExtension></extensions></trkpt><trkpt lat="29.893298847600818" lon="102.0157034508884"><ele>3930.199951171875</ele><time>2026-01-14T04:30:59Z</time><extensions><ns3:TrackPointExtension><ns3:cad>0</ns3:cad></ns3:TrackPointExtension></extensions></trkpt><trkpt lat="29.893298847600818" lon="102.01570437289774"><ele>3930</ele><time>2026-01-14T04:31:02Z</time><extensions><ns3:TrackPointExtension><ns3:hr>75</ns3:hr><ns3:cad>0</ns3:cad></ns3:TrackPointExtension></extensions></trkpt><trkpt lat="29.893291974440217" lon="102.01571132987738"><ele>3930</ele><time>2026-01-14T04:31:04Z</time><extensions><ns3:TrackPointExtension><ns3:hr>83</ns3:hr><ns3:cad>0</ns3:cad></ns3:TrackPointExtension></extensions></trkpt><trkpt lat="29.893283089622855" lon="102.01572172343731"><ele>3930</ele><time>2026-01-14T04:31:06Z</time><extensions><ns3:TrackPointExtension><ns3:hr>83</ns3:hr><ns3:cad>0</ns3:cad></ns3:TrackPointExtension></extensions></trkpt><trkpt lat="29.893229948356748" lon="102.01576287858188"><ele>3930.800048828125</ele><time>2026-01-14T04:31:14Z</time><extensions><ns3:TrackPointExtension><ns3:hr>83</ns3:hr><ns3:cad>43</ns3:cad></ns3:TrackPointExtension></extensions></trkpt><trkpt lat="29.893218968063593" lon="102.01578333042562"><ele>3931.199951171875</ele><time>2026-01-14T04:31:17Z</time><extensions><ns3:TrackPointExtension><ns3:hr>86</ns3:hr><ns3:cad>43</ns3:cad></ns3:TrackPointExtension></extensions></trkpt><trkpt lat="29.893214106559753" lon="102.01579112559557"><ele>3931.800048828125</ele><time>2026-01-14T04:31:18Z</time><extensions><ns3:TrackPointExtension><ns3:hr>85</ns3:hr><ns3:cad>43</ns3:cad></ns3:TrackPointExtension></extensions></trkpt><trkpt lat="29.893200444057584" lon="102.01581618748605"><ele>3931.60009765625</ele><time>2026-01-14T04:31:21Z</time><extensions><ns3:TrackPointExtension><ns3:hr>85</ns3:hr><ns3:cad>0</ns3:cad></ns3:TrackPointExtension></extensions></trkpt><trkpt lat="29.893151661381125" lon="102.01587804593146"><ele>3932</ele><time>2026-01-14T04:31:30Z</time><extensions><ns3:TrackPointExtension><ns3:hr>88</ns3:hr><ns3:cad>47</ns3:cad></ns3:TrackPointExtension></extensions></trkpt><trkpt lat="29.8931029625237" lon="102.01594032347202"><ele>3932.199951171875</ele><time>2026-01-14T04:31:38Z</time><extensions><ns3:TrackPointExtension><ns3:hr>89</ns3:hr><ns3:cad>0</ns3:cad></ns3:TrackPointExtension></extensions></trkpt><trkpt lat="29.893058454617858" lon="102.01598105952144"><ele>3932.60009765625</ele><time>2026-01-14T04:31:46Z</time><extensions><ns3:TrackPointExtension><ns3:hr>88</ns3:hr><ns3:cad>0</ns3:cad></ns3:TrackPointExtension></extensions></trkpt><trkpt lat="29.893054012209177" lon="102.01598457992077"><ele>3933</ele><time>2026-01-14T04:31:47Z</time><extensions><ns3:TrackPointExtension><ns3:hr>89</ns3:hr><ns3:cad>0</ns3:cad></ns3:TrackPointExtension></extensions></trkpt><trkpt lat="29.893043031916022" lon="102.0160245615989"><ele>3932.800048828125</ele><time>2026-01-14T04:31:54Z</time><extensions><ns3:TrackPointExtension><ns3:hr>90</ns3:hr><ns3:cad>0</ns3:cad></ns3:TrackPointExtension></extensions></trkpt><trkpt lat="29.893048563972116" lon="102.01605565845966"><ele>3934</ele><time>2026-01-14T04:31:59Z</time><extensions><ns3:TrackPointExtension><ns3:hr>90</ns3:hr><ns3:cad>41</ns3:cad></ns3:TrackPointExtension></extensions></trkpt><trkpt lat="29.893053006380796" lon="102.0160747691989"><ele>3934.199951171875</ele><time>2026-01-14T04:32:02Z</time><extensions><ns3:TrackPointExtension><ns3:hr>91</ns3:hr><ns3:cad>0</ns3:cad></ns3:TrackPointExtension></extensions></trkpt><trkpt lat="29.893034314736724" lon="102.01613067649305"><ele>3935.199951171875</ele><time>2026-01-14T04:32:10Z</time><extensions><ns3:TrackPointExtension><ns3:hr>93</ns3:hr><ns3:cad>41</ns3:cad></ns3:TrackPointExtension></extensions></trkpt><trkpt lat="29.89301361143589" lon="102.01615917496383"><ele>3935.60009765625</ele><time>2026-01-14T04:32:17Z</time><extensions><ns3:TrackPointExtension><ns3:cad>0</ns3:cad></ns3:TrackPointExtension></extensions></trkpt><trkpt lat="29.892996679991484" lon="102.01617132872343"><ele>3936.39990234375</ele><time>2026-01-14T04:32:20Z</time><extensions><ns3:TrackPointExtension><ns3:hr>90</ns3:hr><ns3:cad>0</ns3:cad></ns3:TrackPointExtension></extensions></trkpt><trkpt lat="29.892994165420532" lon="102.01618809252977"><ele>3937</ele><time>2026-01-14T04:32:23Z</time><extensions><ns3:TrackPointExtension><ns3:hr>90</ns3:hr><ns3:cad>47</ns3:cad></ns3:TrackPointExtension></extensions></trkpt><trkpt lat="29.892986956983805" lon="102.01620301231742"><ele>3937.199951171875</ele><time>2026-01-14T04:32:29Z</time><extensions><ns3:TrackPointExtension><ns3:hr>88</ns3:hr><ns3:cad>0</ns3:cad></ns3:TrackPointExtension></extensions></trkpt><trkpt lat="29.89294320344925" lon="102.01624014414847"><ele>3936.60009765625</ele><time>2026-01-14T04:32:36Z</time><extensions><ns3:TrackPointExtension><ns3:hr>86</ns3:hr><ns3:cad>0</ns3:cad></ns3:TrackPointExtension></extensions></trkpt><trkpt lat="29.892898192629218" lon="102.01626352965832"><ele>3936.60009765625</ele><time>2026-01-14T04:32:42Z</time><extensions><ns3:TrackPointExtension><ns3:hr>86</ns3:hr><ns3:cad>61</ns3:cad></ns3:TrackPointExtension></extensions></trkpt><trkpt lat="29.892890732735395" lon="102.0162693131715"><ele>3936.800048828125</ele><time>2026-01-14T04:32:48Z</time><extensions><ns3:TrackPointExtension><ns3:hr>86</ns3:hr><ns3:cad>0</ns3:cad></ns3:TrackPointExtension></extensions></trkpt><trkpt lat="29.892852678894997" lon="102.01628842391074"><ele>3936.800048828125</ele><time>2026-01-14T04:32:55Z</time><extensions><ns3:TrackPointExtension><ns3:hr>86</ns3:hr><ns3:cad>0</ns3:cad></ns3:TrackPointExtension></extensions></trkpt><trkpt lat="29.892783695831895" lon="102.01635288074613"><ele>3936.199951171875</ele><time>2026-01-14T04:33:05Z</time><extensions><ns3:TrackPointExtension><ns3:hr>87</ns3:hr><ns3:cad>48</ns3:cad></ns3:TrackPointExtension></extensions></trkpt><trkpt lat="29.892739271745086" lon="102.01637903228402"><ele>3936.39990234375</ele><time>2026-01-14T04:33:12Z</time><extensions><ns3:TrackPointExtension><ns3:hr>90</ns3:hr><ns3:cad>0</ns3:cad></ns3:TrackPointExtension></extensions></trkpt><trkpt lat="29.89273315295577" lon="102.01638523489237"><ele>3936.39990234375</ele><time>2026-01-14T04:33:13Z</time><extensions><ns3:TrackPointExtension><ns3:hr>90</ns3:hr><ns3:cad>0</ns3:cad></ns3:TrackPointExtension></extensions></trkpt><trkpt lat="29.892707839608192" lon="102.016421277076"><ele>3937.39990234375</ele><time>2026-01-14T04:33:18Z</time><extensions><ns3:TrackPointExtension><ns3:hr>92</ns3:hr><ns3:cad>0</ns3:cad></ns3:TrackPointExtension></extensions></trkpt><trkpt lat="29.892683448269963" lon="102.01644650660455"><ele>3937</ele><time>2026-01-14T04:33:22Z</time><extensions><ns3:TrackPointExtension><ns3:hr>93</ns3:hr><ns3:cad>48</ns3:cad></ns3:TrackPointExtension></extensions></trkpt><trkpt lat="29.892655117437243" lon="102.01647265814245"><ele>3936.39990234375</ele><time>2026-01-14T04:33:26Z</time><extensions><ns3:TrackPointExtension><ns3:hr>92</ns3:hr><ns3:cad>0</ns3:cad></ns3:TrackPointExtension></extensions></trkpt><trkpt lat="29.892625948414207" lon="102.01649185270071"><ele>3936.39990234375</ele><time>2026-01-14T04:33:29Z</time><extensions><ns3:TrackPointExtension><ns3:hr>91</ns3:hr><ns3:cad>51</ns3:cad></ns3:TrackPointExtension></extensions></trkpt><trkpt lat="29.89257683046162" lon="102.01652999036014"><ele>3937.199951171875</ele><time>2026-01-14T04:33:37Z</time><extensions><ns3:TrackPointExtension><ns3:hr>92</ns3:hr><ns3:cad>0</ns3:cad></ns3:TrackPointExtension></extensions></trkpt><trkpt lat="29.892532071098685" lon="102.01658187434077"><ele>3936.199951171875</ele><time>2026-01-14T04:33:43Z</time><extensions><ns3:TrackPointExtension><ns3:hr>91</ns3:hr><ns3:cad>0</ns3:cad></ns3:TrackPointExtension></extensions></trkpt><trkpt lat="29.89252343773842" lon="102.01659059152007"><ele>3936.60009765625</ele><time>2026-01-14T04:33:49Z</time><extensions><ns3:TrackPointExtension><ns3:hr>92</ns3:hr><ns3:cad>0</ns3:cad></ns3:TrackPointExtension></extensions></trkpt><trkpt lat="29.89252553321421" lon="102.0165874902159"><ele>3936.60009765625</ele><time>2026-01-14T04:34:02Z</time><extensions><ns3:TrackPointExtension><ns3:hr>93</ns3:hr><ns3:cad>0</ns3:cad></ns3:TrackPointExtension></extensions></trkpt><trkpt lat="29.89251379854977" lon="102.01656184159219"><ele>3936.39990234375</ele><time>2026-01-14T04:34:10Z</time><extensions><ns3:TrackPointExtension><ns3:hr>92</ns3:hr><ns3:cad>0</ns3:cad></ns3:TrackPointExtension></extensions></trkpt><trkpt lat="29.892509104683995" lon="102.01654859818518"><ele>3936.39990234375</ele><time>2026-01-14T04:34:17Z</time><extensions><ns3:TrackPointExtension><ns3:cad>0</ns3:cad></ns3:TrackPointExtension></extensions></trkpt><trkpt lat="29.892513044178486" lon="102.01655144803226"><ele>3936.60009765625</ele><time>2026-01-14T04:34:23Z</time><extensions><ns3:TrackPointExtension><ns3:hr>85</ns3:hr><ns3:cad>0</ns3:cad></ns3:TrackPointExtension></extensions></trkpt><trkpt lat="29.892513044178486" lon="102.01655144803226"><ele>3936.60009765625</ele><time>2026-01-14T04:34:24Z</time><extensions><ns3:TrackPointExtension><ns3:hr>85</ns3:hr><ns3:cad>0</ns3:cad></ns3:TrackPointExtension></extensions></trkpt><trkpt lat="29.892513044178486" lon="102.01655144803226"><ele>3936.60009765625</ele><time>2026-01-14T04:34:25Z</time><extensions><ns3:TrackPointExtension><ns3:hr>85</ns3:hr><ns3:cad>0</ns3:cad></ns3:TrackPointExtension></extensions></trkpt><trkpt lat="29.892513044178486" lon="102.01655144803226"><ele>3936.199951171875</ele><time>2026-01-14T04:34:31Z</time><extensions><ns3:TrackPointExtension><ns3:hr>88</ns3:hr><ns3:cad>0</ns3:cad></ns3:TrackPointExtension></extensions></trkpt><trkpt lat="29.892513547092676" lon="102.01655044220388"><ele>3937.199951171875</ele><time>2026-01-14T04:34:37Z</time><extensions><ns3:TrackPointExtension><ns3:hr>89</ns3:hr><ns3:cad>0</ns3:cad></ns3:TrackPointExtension></extensions></trkpt><trkpt lat="29.892513044178486" lon="102.01655144803226"><ele>3936.39990234375</ele><time>2026-01-14T04:34:47Z</time><extensions><ns3:TrackPointExtension><ns3:hr>86</ns3:hr><ns3:cad>0</ns3:cad></ns3:TrackPointExtension></extensions></trkpt><trkpt lat="29.892513044178486" lon="102.01655144803226"><ele>3936.60009765625</ele><time>2026-01-14T04:34:49Z</time><extensions><ns3:TrackPointExtension><ns3:hr>86</ns3:hr><ns3:cad>0</ns3:cad></ns3:TrackPointExtension></extensions></trkpt><trkpt lat="29.892513044178486" lon="102.01655144803226"><ele>3937</ele><time>2026-01-14T04:34:53Z</time><extensions><ns3:TrackPointExtension><ns3:hr>83</ns3:hr><ns3:cad>0</ns3:cad></ns3:TrackPointExtension></extensions></trkpt><trkpt lat="29.892513044178486" lon="102.01655144803226"><ele>3936.800048828125</ele><time>2026-01-14T04:34:56Z</time><extensions><ns3:TrackPointExtension><ns3:hr>80</ns3:hr><ns3:cad>0</ns3:cad></ns3:TrackPointExtension></extensions></trkpt><trkpt lat="29.892513044178486" lon="102.01655144803226"><ele>3936.800048828125</ele><time>2026-01-14T04:34:57Z</time><extensions><ns3:TrackPointExtension><ns3:hr>80</ns3:hr><ns3:cad>0</ns3:cad></ns3:TrackPointExtension></extensions></trkpt><trkpt lat="29.892521174624562" lon="102.01656091958284"><ele>3936.800048828125</ele><time>2026-01-14T04:35:07Z</time><extensions><ns3:TrackPointExtension><ns3:hr>81</ns3:hr><ns3:cad>0</ns3:cad></ns3:TrackPointExtension></extensions></trkpt><trkpt lat="29.89251723513007" lon="102.01656066812575"><ele>3937</ele><time>2026-01-14T04:35:19Z</time><extensions><ns3:TrackPointExtension><ns3:cad>0</ns3:cad></ns3:TrackPointExtension></extensions></trkpt><trkpt lat="29.892532909289002" lon="102.01654491014779"><ele>3937</ele><time>2026-01-14T04:35:26Z</time><extensions><ns3:TrackPointExtension><ns3:cad>0</ns3:cad></ns3:TrackPointExtension></extensions></trkpt><trkpt lat="29.892527293413877" lon="102.01654851436615"><ele>3937.199951171875</ele><time>2026-01-14T04:35:28Z</time><extensions><ns3:TrackPointExtension><ns3:hr>75</ns3:hr><ns3:cad>0</ns3:cad></ns3:TrackPointExtension></extensions></trkpt><trkpt lat="29.892513044178486" lon="102.01655144803226"><ele>3937.199951171875</ele><time>2026-01-14T04:35:29Z</time><extensions><ns3:TrackPointExtension><ns3:hr>75</ns3:hr><ns3:cad>0</ns3:cad></ns3:TrackPointExtension></extensions></trkpt><trkpt lat="29.892532071098685" lon="102.01654859818518"><ele>3937</ele><time>2026-01-14T04:35:36Z</time><extensions><ns3:TrackPointExtension><ns3:hr>77</ns3:hr><ns3:cad>0</ns3:cad></ns3:TrackPointExtension></extensions></trkpt><trkpt lat="29.892531987279654" lon="102.01655454933643"><ele>3936.800048828125</ele><time>2026-01-14T04:35:41Z</time><extensions><ns3:TrackPointExtension><ns3:hr>79</ns3:hr><ns3:cad>0</ns3:cad></ns3:TrackPointExtension></extensions></trkpt><trkpt lat="29.892524192109704" lon="102.01656460762024"><ele>3937.199951171875</ele><time>2026-01-14T04:35:47Z</time><extensions><ns3:TrackPointExtension><ns3:hr>77</ns3:hr><ns3:cad>0</ns3:cad></ns3:TrackPointExtension></extensions></trkpt><trkpt lat="29.892531987279654" lon="102.01655454933643"><ele>3937</ele><time>2026-01-14T04:35:55Z</time><extensions><ns3:TrackPointExtension><ns3:hr>80</ns3:hr><ns3:cad>0</ns3:cad></ns3:TrackPointExtension></extensions></trkpt><trkpt lat="29.892528299242258" lon="102.01656770892441"><ele>3937</ele><time>2026-01-14T04:36:01Z</time><extensions><ns3:TrackPointExtension><ns3:hr>80</ns3:hr><ns3:cad>0</ns3:cad></ns3:TrackPointExtension></extensions></trkpt><trkpt lat="29.89250742830336" lon="102.01658581383526"><ele>3937</ele><time>2026-01-14T04:36:07Z</time><extensions><ns3:TrackPointExtension><ns3:cad>48</ns3:cad></ns3:TrackPointExtension></extensions></trkpt><trkpt lat="29.892491418868303" lon="102.01659771613777"><ele>3936.800048828125</ele><time>2026-01-14T04:36:09Z</time><extensions><ns3:TrackPointExtension><ns3:hr>76</ns3:hr><ns3:cad>48</ns3:cad></ns3:TrackPointExtension></extensions></trkpt><trkpt lat="29.892493095248938" lon="102.01660324819386"><ele>3936.800048828125</ele><time>2026-01-14T04:36:14Z</time><extensions><ns3:TrackPointExtension><ns3:hr>78</ns3:hr><ns3:cad>0</ns3:cad></ns3:TrackPointExtension></extensions></trkpt><trkpt lat="29.892519749701023" lon="102.01658606529236"><ele>3937</ele><time>2026-01-14T04:36:20Z</time><extensions><ns3:TrackPointExtension><ns3:hr>80</ns3:hr><ns3:cad>47</ns3:cad></ns3:TrackPointExtension></extensions></trkpt><trkpt lat="29.892519917339087" lon="102.01658212579787"><ele>3937.39990234375</ele><time>2026-01-14T04:36:22Z</time><extensions><ns3:TrackPointExtension><ns3:hr>79</ns3:hr><ns3:cad>0</ns3:cad></ns3:TrackPointExtension></extensions></trkpt><trkpt lat="29.892525365576148" lon="102.01657257042825"><ele>3937.60009765625</ele><time>2026-01-14T04:36:29Z</time><extensions><ns3:TrackPointExtension><ns3:hr>80</ns3:hr><ns3:cad>0</ns3:cad></ns3:TrackPointExtension></extensions></trkpt><trkpt lat="29.89253525622189" lon="102.0165684632957"><ele>3937.800048828125</ele><time>2026-01-14T04:36:33Z</time><extensions><ns3:TrackPointExtension><ns3:hr>83</ns3:hr><ns3:cad>0</ns3:cad></ns3:TrackPointExtension></extensions></trkpt><trkpt lat="29.892529640346766" lon="102.01658916659653"><ele>3938</ele><time>2026-01-14T04:36:39Z</time><extensions><ns3:TrackPointExtension><ns3:hr>85</ns3:hr><ns3:cad>0</ns3:cad></ns3:TrackPointExtension></extensions></trkpt><trkpt lat="29.89252846688032" lon="102.01659218408167"><ele>3938.39990234375</ele><time>2026-01-14T04:36:46Z</time><extensions><ns3:TrackPointExtension><ns3:hr>84</ns3:hr><ns3:cad>0</ns3:cad></ns3:TrackPointExtension></extensions></trkpt><trkpt lat="29.892516061663628" lon="102.01659293845296"><ele>3937.199951171875</ele><time>2026-01-14T04:36:56Z</time><extensions><ns3:TrackPointExtension><ns3:hr>79</ns3:hr><ns3:cad>0</ns3:cad></ns3:TrackPointExtension></extensions></trkpt><trkpt lat="29.89251715131104" lon="102.0165911782533"><ele>3937.39990234375</ele><time>2026-01-14T04:36:57Z</time><extensions><ns3:TrackPointExtension><ns3:hr>79</ns3:hr><ns3:cad>0</ns3:cad></ns3:TrackPointExtension></extensions></trkpt><trkpt lat="29.892526203766465" lon="102.01660014688969"><ele>3937.199951171875</ele><time>2026-01-14T04:37:06Z</time><extensions><ns3:TrackPointExtension><ns3:hr>79</ns3:hr><ns3:cad>0</ns3:cad></ns3:TrackPointExtension></extensions></trkpt><trkpt lat="29.892531903460622" lon="102.01660735532641"><ele>3937.199951171875</ele><time>2026-01-14T04:37:10Z</time><extensions><ns3:TrackPointExtension><ns3:hr>82</ns3:hr><ns3:cad>0</ns3:cad></ns3:TrackPointExtension></extensions></trkpt><trkpt lat="29.89253039471805" lon="102.01660534366965"><ele>3937.199951171875</ele><time>2026-01-14T04:37:15Z</time><extensions><ns3:TrackPointExtension><ns3:hr>85</ns3:hr><ns3:cad>0</ns3:cad></ns3:TrackPointExtension></extensions></trkpt><trkpt lat="29.892530646175146" lon="102.01660425402224"><ele>3937.199951171875</ele><time>2026-01-14T04:37:16Z</time><extensions><ns3:TrackPointExtension><ns3:hr>85</ns3:hr><ns3:cad>0</ns3:cad></ns3:TrackPointExtension></extensions></trkpt><trkpt lat="29.89251907914877" lon="102.01660433784127"><ele>3937.60009765625</ele><time>2026-01-14T04:37:26Z</time><extensions><ns3:TrackPointExtension><ns3:hr>85</ns3:hr><ns3:cad>0</ns3:cad></ns3:TrackPointExtension></extensions></trkpt><trkpt lat="29.892514888197184" lon="102.01659444719553"><ele>3938</ele><time>2026-01-14T04:37:31Z</time><extensions><ns3:TrackPointExtension><ns3:hr>88</ns3:hr><ns3:cad>0</ns3:cad></ns3:TrackPointExtension></extensions></trkpt><trkpt lat="29.892517318949103" lon="102.01658849604428"><ele>3937.800048828125</ele><time>2026-01-14T04:37:35Z</time><extensions><ns3:TrackPointExtension><ns3:hr>91</ns3:hr><ns3:cad>0</ns3:cad></ns3:TrackPointExtension></extensions></trkpt><trkpt lat="29.892518408596516" lon="102.0165893342346"><ele>3937.60009765625</ele><time>2026-01-14T04:37:41Z</time><extensions><ns3:TrackPointExtension><ns3:hr>94</ns3:hr><ns3:cad>0</ns3:cad></ns3:TrackPointExtension></extensions></trkpt><trkpt lat="29.892519498243928" lon="102.01659000478685"><ele>3937</ele><time>2026-01-14T04:37:44Z</time><extensions><ns3:TrackPointExtension><ns3:hr>95</ns3:hr><ns3:cad>0</ns3:cad></ns3:TrackPointExtension></extensions></trkpt><trkpt lat="29.892526622861624" lon="102.0165838021785"><ele>3937.60009765625</ele><time>2026-01-14T04:37:49Z</time><extensions><ns3:TrackPointExtension><ns3:hr>92</ns3:hr><ns3:cad>0</ns3:cad></ns3:TrackPointExtension></extensions></trkpt><trkpt lat="29.89252394065261" lon="102.01657961122692"><ele>3937.39990234375</ele><time>2026-01-14T04:37:51Z</time><extensions><ns3:TrackPointExtension><ns3:hr>89</ns3:hr><ns3:cad>0</ns3:cad></ns3:TrackPointExtension></extensions></trkpt><trkpt lat="29.892520671710372" lon="102.01657768338919"><ele>3937.39990234375</ele><time>2026-01-14T04:37:53Z</time><extensions><ns3:TrackPointExtension><ns3:hr>88</ns3:hr><ns3:cad>0</ns3:cad></ns3:TrackPointExtension></extensions></trkpt><trkpt lat="29.89251463674009" lon="102.0165803655982"><ele>3937.39990234375</ele><time>2026-01-14T04:37:58Z</time><extensions><ns3:TrackPointExtension><ns3:hr>78</ns3:hr><ns3:cad>0</ns3:cad></ns3:TrackPointExtension></extensions></trkpt><trkpt lat="29.892512038350105" lon="102.0165790244937"><ele>3937.39990234375</ele><time>2026-01-14T04:37:59Z</time><extensions><ns3:TrackPointExtension><ns3:hr>78</ns3:hr><ns3:cad>0</ns3:cad></ns3:TrackPointExtension></extensions></trkpt><trkpt lat="29.892515474930406" lon="102.01658413745463"><ele>3937.39990234375</ele><time>2026-01-14T04:38:03Z</time><extensions><ns3:TrackPointExtension><ns3:hr>78</ns3:hr><ns3:cad>0</ns3:cad></ns3:TrackPointExtension></extensions></trkpt><trkpt lat="29.89251463674009" lon="102.01658598147333"><ele>3937.39990234375</ele><time>2026-01-14T04:38:07Z</time><extensions><ns3:TrackPointExtension><ns3:hr>81</ns3:hr><ns3:cad>0</ns3:cad></ns3:TrackPointExtension></extensions></trkpt><trkpt lat="29.892511116340756" lon="102.01658841222525"><ele>3937.39990234375</ele><time>2026-01-14T04:38:15Z</time><extensions><ns3:TrackPointExtension><ns3:hr>84</ns3:hr><ns3:cad>0</ns3:cad></ns3:TrackPointExtension></extensions></trkpt><trkpt lat="29.892509439960122" lon="102.01658740639687"><ele>3937.199951171875</ele><time>2026-01-14T04:38:16Z</time><extensions><ns3:TrackPointExtension><ns3:hr>84</ns3:hr><ns3:cad>0</ns3:cad></ns3:TrackPointExtension></extensions></trkpt><trkpt lat="29.89251614548266" lon="102.01659553684294"><ele>3937.39990234375</ele><time>2026-01-14T04:38:23Z</time><extensions><ns3:TrackPointExtension><ns3:hr>84</ns3:hr><ns3:cad>0</ns3:cad></ns3:TrackPointExtension></extensions></trkpt><trkpt lat="29.892519749701023" lon="102.01659126207232"><ele>3937.39990234375</ele><time>2026-01-14T04:38:36Z</time><extensions><ns3:TrackPointExtension><ns3:hr>85</ns3:hr><ns3:cad>0</ns3:cad></ns3:TrackPointExtension></extensions></trkpt><trkpt lat="29.892517067492008" lon="102.0165922679007"><ele>3937.60009765625</ele><time>2026-01-14T04:38:45Z</time><extensions><ns3:TrackPointExtension><ns3:hr>84</ns3:hr><ns3:cad>0</ns3:cad></ns3:TrackPointExtension></extensions></trkpt><trkpt lat="29.892522180452943" lon="102.01659008860588"><ele>3937.60009765625</ele><time>2026-01-14T04:38:58Z</time><extensions><ns3:TrackPointExtension><ns3:cad>0</ns3:cad></ns3:TrackPointExtension></extensions></trkpt><trkpt lat="29.892504829913378" lon="102.01660241000354"><ele>3937.60009765625</ele><time>2026-01-14T04:39:09Z</time><extensions><ns3:TrackPointExtension><ns3:cad>0</ns3:cad></ns3:TrackPointExtension></extensions></trkpt><trkpt lat="29.892514133825898" lon="102.01659025624394"><ele>3937.800048828125</ele><time>2026-01-14T04:39:20Z</time><extensions><ns3:TrackPointExtension><ns3:cad>0</ns3:cad></ns3:TrackPointExtension></extensions></trkpt><trkpt lat="29.89252159371972" lon="102.01658598147333"><ele>3938</ele><time>2026-01-14T04:39:32Z</time><extensions><ns3:TrackPointExtension><ns3:cad>0</ns3:cad></ns3:TrackPointExtension></extensions></trkpt><trkpt lat="29.892519749701023" lon="102.01657969504595"><ele>3938</ele><time>2026-01-14T04:39:39Z</time><extensions><ns3:TrackPointExtension><ns3:hr>72</ns3:hr><ns3:cad>0</ns3:cad></ns3:TrackPointExtension></extensions></trkpt><trkpt lat="29.892519917339087" lon="102.01657684519887"><ele>3938</ele><time>2026-01-14T04:39:40Z</time><extensions><ns3:TrackPointExtension><ns3:hr>72</ns3:hr><ns3:cad>0</ns3:cad></ns3:TrackPointExtension></extensions></trkpt><trkpt lat="29.892521677538753" lon="102.01657433062792"><ele>3938</ele><time>2026-01-14T04:39:44Z</time><extensions><ns3:TrackPointExtension><ns3:hr>75</ns3:hr><ns3:cad>0</ns3:cad></ns3:TrackPointExtension></extensions></trkpt><trkpt lat="29.89252503030002" lon="102.01657894067466"><ele>3938.39990234375</ele><time>2026-01-14T04:39:47Z</time><extensions><ns3:TrackPointExtension><ns3:hr>75</ns3:hr><ns3:cad>0</ns3:cad></ns3:TrackPointExtension></extensions></trkpt><trkpt lat="29.892527041956782" lon="102.01658204197884"><ele>3938.39990234375</ele><time>2026-01-14T04:39:52Z</time><extensions><ns3:TrackPointExtension><ns3:hr>76</ns3:hr><ns3:cad>0</ns3:cad></ns3:TrackPointExtension></extensions></trkpt><trkpt lat="29.892529221251607" lon="102.01658271253109"><ele>3938.60009765625</ele><time>2026-01-14T04:40:03Z</time><extensions><ns3:TrackPointExtension><ns3:hr>78</ns3:hr><ns3:cad>0</ns3:cad></ns3:TrackPointExtension></extensions></trkpt><trkpt lat="29.892528969794512" lon="102.01658262871206"><ele>3938.800048828125</ele><time>2026-01-14T04:40:21Z</time><extensions><ns3:TrackPointExtension><ns3:hr>76</ns3:hr><ns3:cad>0</ns3:cad></ns3:TrackPointExtension></extensions></trkpt><trkpt lat="29.8925313167274" lon="102.01658841222525"><ele>3939</ele><time>2026-01-14T04:40:35Z</time><extensions><ns3:TrackPointExtension><ns3:cad>0</ns3:cad></ns3:TrackPointExtension></extensions></trkpt><trkpt lat="29.8925244435668" lon="102.01658606529236"><ele>3939.199951171875</ele><time>2026-01-14T04:40:54Z</time><extensions><ns3:TrackPointExtension><ns3:cad>0</ns3:cad></ns3:TrackPointExtension></extensions></trkpt><trkpt lat="29.89252150990069" lon="102.01657726429403"><ele>3939.199951171875</ele><time>2026-01-14T04:41:05Z</time><extensions><ns3:TrackPointExtension><ns3:hr>72</ns3:hr><ns3:cad>0</ns3:cad></ns3:TrackPointExtension></extensions></trkpt><trkpt lat="29.8925191629678" lon="102.01657969504595"><ele>3939.60009765625</ele><time>2026-01-14T04:41:07Z</time><extensions><ns3:TrackPointExtension><ns3:cad>0</ns3:cad></ns3:TrackPointExtension></extensions></trkpt><trkpt lat="29.89252159371972" lon="102.01658824458718"><ele>3939.800048828125</ele><time>2026-01-14T04:41:09Z</time><extensions><ns3:TrackPointExtension><ns3:cad>0</ns3:cad></ns3:TrackPointExtension></extensions></trkpt><trkpt lat="29.892519498243928" lon="102.01659394428134"><ele>3939.800048828125</ele><time>2026-01-14T04:41:11Z</time><extensions><ns3:TrackPointExtension><ns3:hr>77</ns3:hr><ns3:cad>0</ns3:cad></ns3:TrackPointExtension></extensions></trkpt><trkpt lat="29.892524359747767" lon="102.0165927708149"><ele>3939.60009765625</ele><time>2026-01-14T04:41:18Z</time><extensions><ns3:TrackPointExtension><ns3:cad>0</ns3:cad></ns3:TrackPointExtension></extensions></trkpt><trkpt lat="29.892536094412208" lon="102.01659520156682"><ele>3939.199951171875</ele><time>2026-01-14T04:41:28Z</time><extensions><ns3:TrackPointExtension><ns3:hr>76</ns3:hr><ns3:cad>0</ns3:cad></ns3:TrackPointExtension></extensions></trkpt><trkpt lat="29.892535340040922" lon="102.0165959559381"><ele>3939.39990234375</ele><time>2026-01-14T04:41:31Z</time><extensions><ns3:TrackPointExtension><ns3:hr>79</ns3:hr><ns3:cad>0</ns3:cad></ns3:TrackPointExtension></extensions></trkpt><trkpt lat="29.892527041956782" lon="102.01658707112074"><ele>3939.199951171875</ele><time>2026-01-14T04:41:37Z</time><extensions><ns3:TrackPointExtension><ns3:hr>79</ns3:hr><ns3:cad>0</ns3:cad></ns3:TrackPointExtension></extensions></trkpt><trkpt lat="29.892522683367133" lon="102.01658816076815"><ele>3938.60009765625</ele><time>2026-01-14T04:41:45Z</time><extensions><ns3:TrackPointExtension><ns3:hr>79</ns3:hr><ns3:cad>0</ns3:cad></ns3:TrackPointExtension></extensions></trkpt><trkpt lat="29.89253374747932" lon="102.01659126207232"><ele>3939.199951171875</ele><time>2026-01-14T04:41:54Z</time><extensions><ns3:TrackPointExtension><ns3:hr>77</ns3:hr><ns3:cad>0</ns3:cad></ns3:TrackPointExtension></extensions></trkpt><trkpt lat="29.89253282546997" lon="102.01659151352942"><ele>3939.199951171875</ele><time>2026-01-14T04:42:00Z</time><extensions><ns3:TrackPointExtension><ns3:hr>78</ns3:hr><ns3:cad>0</ns3:cad></ns3:TrackPointExtension></extensions></trkpt><trkpt lat="29.892530646175146" lon="102.01659427955747"><ele>3939.199951171875</ele><time>2026-01-14T04:42:05Z</time><extensions><ns3:TrackPointExtension><ns3:hr>75</ns3:hr><ns3:cad>0</ns3:cad></ns3:TrackPointExtension></extensions></trkpt><trkpt lat="29.892531484365463" lon="102.01659134589136"><ele>3939.199951171875</ele><time>2026-01-14T04:42:07Z</time><extensions><ns3:TrackPointExtension><ns3:hr>75</ns3:hr><ns3:cad>0</ns3:cad></ns3:TrackPointExtension></extensions></trkpt><trkpt lat="29.892534920945764" lon="102.01659034006298"><ele>3939</ele><time>2026-01-14T04:42:15Z</time><extensions><ns3:TrackPointExtension><ns3:hr>77</ns3:hr><ns3:cad>0</ns3:cad></ns3:TrackPointExtension></extensions></trkpt><trkpt lat="29.892525784671307" lon="102.01659377664328"><ele>3939.199951171875</ele><time>2026-01-14T04:42:23Z</time><extensions><ns3:TrackPointExtension><ns3:hr>80</ns3:hr><ns3:cad>0</ns3:cad></ns3:TrackPointExtension></extensions></trkpt><trkpt lat="29.892519246786833" lon="102.0165980514139"><ele>3939.199951171875</ele><time>2026-01-14T04:42:26Z</time><extensions><ns3:TrackPointExtension><ns3:hr>85</ns3:hr><ns3:cad>0</ns3:cad></ns3:TrackPointExtension></extensions></trkpt><trkpt lat="29.89251765422523" lon="102.01660190708935"><ele>3939.199951171875</ele><time>2026-01-14T04:42:28Z</time><extensions><ns3:TrackPointExtension><ns3:hr>88</ns3:hr><ns3:cad>77</ns3:cad></ns3:TrackPointExtension></extensions></trkpt><trkpt lat="29.892508937045932" lon="102.01660425402224"><ele>3939</ele><time>2026-01-14T04:42:33Z</time><extensions><ns3:TrackPointExtension><ns3:hr>91</ns3:hr><ns3:cad>77</ns3:cad></ns3:TrackPointExtension></extensions></trkpt><trkpt lat="29.892512122169137" lon="102.0166097022593"><ele>3938.800048828125</ele><time>2026-01-14T04:42:35Z</time><extensions><ns3:TrackPointExtension><ns3:hr>92</ns3:hr><ns3:cad>0</ns3:cad></ns3:TrackPointExtension></extensions></trkpt><trkpt lat="29.892515810206532" lon="102.01660794205964"><ele>3938.60009765625</ele><time>2026-01-14T04:42:38Z</time><extensions><ns3:TrackPointExtension><ns3:hr>95</ns3:hr><ns3:cad>0</ns3:cad></ns3:TrackPointExtension></extensions></trkpt><trkpt lat="29.892516313120723" lon="102.0166049245745"><ele>3938.60009765625</ele><time>2026-01-14T04:42:40Z</time><extensions><ns3:TrackPointExtension><ns3:hr>96</ns3:hr><ns3:cad>0</ns3:cad></ns3:TrackPointExtension></extensions></trkpt><trkpt lat="29.8925175704062" lon="102.01660098508"><ele>3938.60009765625</ele><time>2026-01-14T04:42:42Z</time><extensions><ns3:TrackPointExtension><ns3:hr>99</ns3:hr><ns3:cad>0</ns3:cad></ns3:TrackPointExtension></extensions></trkpt><trkpt lat="29.89252209663391" lon="102.01660291291773"><ele>3938.60009765625</ele><time>2026-01-14T04:42:46Z</time><extensions><ns3:TrackPointExtension><ns3:cad>0</ns3:cad></ns3:TrackPointExtension></extensions></trkpt><trkpt lat="29.8925210069865" lon="102.01659453101456"><ele>3938.39990234375</ele><time>2026-01-14T04:42:50Z</time><extensions><ns3:TrackPointExtension><ns3:hr>80</ns3:hr><ns3:cad>0</ns3:cad></ns3:TrackPointExtension></extensions></trkpt><trkpt lat="29.892519498243928" lon="102.01659335754812"><ele>3938.60009765625</ele><time>2026-01-14T04:42:51Z</time><extensions><ns3:TrackPointExtension><ns3:hr>80</ns3:hr><ns3:cad>0</ns3:cad></ns3:TrackPointExtension></extensions></trkpt><trkpt lat="29.89251622930169" lon="102.0165874902159"><ele>3938.800048828125</ele><time>2026-01-14T04:42:55Z</time><extensions><ns3:TrackPointExtension><ns3:hr>82</ns3:hr><ns3:cad>0</ns3:cad></ns3:TrackPointExtension></extensions></trkpt><trkpt lat="29.892517738044262" lon="102.01658832840621"><ele>3939.39990234375</ele><time>2026-01-14T04:42:59Z</time><extensions><ns3:TrackPointExtension><ns3:hr>85</ns3:hr><ns3:cad>0</ns3:cad></ns3:TrackPointExtension></extensions></trkpt><trkpt lat="29.892515810206532" lon="102.01659176498652"><ele>3939.199951171875</ele><time>2026-01-14T04:43:06Z</time><extensions><ns3:TrackPointExtension><ns3:hr>86</ns3:hr><ns3:cad>0</ns3:cad></ns3:TrackPointExtension></extensions></trkpt><trkpt lat="29.892520420253277" lon="102.01659587211907"><ele>3938.800048828125</ele><time>2026-01-14T04:43:15Z</time><extensions><ns3:TrackPointExtension><ns3:hr>85</ns3:hr><ns3:cad>0</ns3:cad></ns3:TrackPointExtension></extensions></trkpt><trkpt lat="29.892514888197184" lon="102.01658925041556"><ele>3938</ele><time>2026-01-14T04:43:23Z</time><extensions><ns3:TrackPointExtension><ns3:hr>87</ns3:hr><ns3:cad>0</ns3:cad></ns3:TrackPointExtension></extensions></trkpt><trkpt lat="29.892520252615213" lon="102.01658229343593"><ele>3938.60009765625</ele><time>2026-01-14T04:43:32Z</time><extensions><ns3:TrackPointExtension><ns3:hr>83</ns3:hr><ns3:cad>0</ns3:cad></ns3:TrackPointExtension></extensions></trkpt><trkpt lat="29.89252109080553" lon="102.01658044941723"><ele>3938.60009765625</ele><time>2026-01-14T04:43:33Z</time><extensions><ns3:TrackPointExtension><ns3:hr>83</ns3:hr><ns3:cad>0</ns3:cad></ns3:TrackPointExtension></extensions></trkpt><trkpt lat="29.892531065270305" lon="102.01659981161356"><ele>3939</ele><time>2026-01-14T04:43:45Z</time><extensions><ns3:TrackPointExtension><ns3:cad>0</ns3:cad></ns3:TrackPointExtension></extensions></trkpt><trkpt lat="29.89252880215645" lon="102.01659503392875"><ele>3938.60009765625</ele><time>2026-01-14T04:43:57Z</time><extensions><ns3:TrackPointExtension><ns3:cad>0</ns3:cad></ns3:TrackPointExtension></extensions></trkpt><trkpt lat="29.89253173582256" lon="102.01659612357616"><ele>3938.60009765625</ele><time>2026-01-14T04:43:58Z</time><extensions><ns3:TrackPointExtension><ns3:hr>73</ns3:hr><ns3:cad>0</ns3:cad></ns3:TrackPointExtension></extensions></trkpt><trkpt lat="29.89253433421254" lon="102.01659520156682"><ele>3938.800048828125</ele><time>2026-01-14T04:43:59Z</time><extensions><ns3:TrackPointExtension><ns3:hr>73</ns3:hr><ns3:cad>0</ns3:cad></ns3:TrackPointExtension></extensions></trkpt><trkpt lat="29.89253140054643" lon="102.01659344136715"><ele>3938.800048828125</ele><time>2026-01-14T04:44:02Z</time><extensions><ns3:TrackPointExtension><ns3:hr>73</ns3:hr><ns3:cad>0</ns3:cad></ns3:TrackPointExtension></extensions></trkpt><trkpt lat="29.89253039471805" lon="102.01658715493977"><ele>3938.39990234375</ele><time>2026-01-14T04:44:06Z</time><extensions><ns3:TrackPointExtension><ns3:hr>76</ns3:hr><ns3:cad>0</ns3:cad></ns3:TrackPointExtension></extensions></trkpt><trkpt lat="29.892531484365463" lon="102.01659981161356"><ele>3938.60009765625</ele><time>2026-01-14T04:44:09Z</time><extensions><ns3:TrackPointExtension><ns3:cad>0</ns3:cad></ns3:TrackPointExtension></extensions></trkpt><trkpt lat="29.892536513507366" lon="102.01660014688969"><ele>3939.199951171875</ele><time>2026-01-14T04:44:16Z</time><extensions><ns3:TrackPointExtension><ns3:cad>0</ns3:cad></ns3:TrackPointExtension></extensions></trkpt><trkpt lat="29.89253232255578" lon="102.01659101061523"><ele>3938.800048828125</ele><time>2026-01-14T04:44:24Z</time><extensions><ns3:TrackPointExtension><ns3:cad>0</ns3:cad></ns3:TrackPointExtension></extensions></trkpt><trkpt lat="29.892530981451273" lon="102.01659905724227"><ele>3939.199951171875</ele><time>2026-01-14T04:44:32Z</time><extensions><ns3:TrackPointExtension><ns3:cad>0</ns3:cad></ns3:TrackPointExtension></extensions></trkpt><trkpt lat="29.892533076927066" lon="102.01658656820655"><ele>3939</ele><time>2026-01-14T04:44:39Z</time><extensions><ns3:TrackPointExtension><ns3:cad>0</ns3:cad></ns3:TrackPointExtension></extensions></trkpt><trkpt lat="29.892489658668637" lon="102.01659880578518"><ele>3938.60009765625</ele><time>2026-01-14T04:44:46Z</time><extensions><ns3:TrackPointExtension><ns3:cad>0</ns3:cad></ns3:TrackPointExtension></extensions></trkpt><trkpt lat="29.89245168864727" lon="102.01662822626531"><ele>3937.60009765625</ele><time>2026-01-14T04:44:51Z</time><extensions><ns3:TrackPointExtension><ns3:cad>0</ns3:cad></ns3:TrackPointExtension></extensions></trkpt><trkpt lat="29.892438864335418" lon="102.01663635671139"><ele>3937.60009765625</ele><time>2026-01-14T04:44:52Z</time><extensions><ns3:TrackPointExtension><ns3:cad>0</ns3:cad></ns3:TrackPointExtension></extensions></trkpt><trkpt lat="29.892434338107705" lon="102.01664440333843"><ele>3938.60009765625</ele><time>2026-01-14T04:44:55Z</time><extensions><ns3:TrackPointExtension><ns3:cad>0</ns3:cad></ns3:TrackPointExtension></extensions></trkpt><trkpt lat="29.89243609830737" lon="102.01664415188134"><ele>3938.60009765625</ele><time>2026-01-14T04:44:58Z</time><extensions><ns3:TrackPointExtension><ns3:cad>0</ns3:cad></ns3:TrackPointExtension></extensions></trkpt><trkpt lat="29.892414808273315" lon="102.01666426844895"><ele>3938.199951171875</ele><time>2026-01-14T04:45:04Z</time><extensions><ns3:TrackPointExtension><ns3:cad>0</ns3:cad></ns3:TrackPointExtension></extensions></trkpt><trkpt lat="29.89237985573709" lon="102.01670743525028"><ele>3939.39990234375</ele><time>2026-01-14T04:45:11Z</time><extensions><ns3:TrackPointExtension><ns3:cad>0</ns3:cad></ns3:TrackPointExtension></extensions></trkpt><trkpt lat="29.892356554046273" lon="102.01671925373375"><ele>3939.60009765625</ele><time>2026-01-14T04:45:14Z</time><extensions><ns3:TrackPointExtension><ns3:cad>0</ns3:cad></ns3:TrackPointExtension></extensions></trkpt><trkpt lat="29.892352279275656" lon="102.01672051101923"><ele>3939.800048828125</ele><time>2026-01-14T04:45:17Z</time><extensions><ns3:TrackPointExtension><ns3:cad>0</ns3:cad></ns3:TrackPointExtension></extensions></trkpt><trkpt lat="29.892365019768476" lon="102.0166945271194"><ele>3939.39990234375</ele><time>2026-01-14T04:45:24Z</time><extensions><ns3:TrackPointExtension><ns3:cad>0</ns3:cad></ns3:TrackPointExtension></extensions></trkpt><trkpt lat="29.892359152436256" lon="102.01668933033943"><ele>3938.60009765625</ele><time>2026-01-14T04:45:28Z</time><extensions><ns3:TrackPointExtension><ns3:cad>0</ns3:cad></ns3:TrackPointExtension></extensions></trkpt><trkpt lat="29.892368875443935" lon="102.01666661538184"><ele>3938.60009765625</ele><time>2026-01-14T04:45:31Z</time><extensions><ns3:TrackPointExtension><ns3:cad>0</ns3:cad></ns3:TrackPointExtension></extensions></trkpt><trkpt lat="29.892352195456624" lon="102.01668430119753"><ele>3937.39990234375</ele><time>2026-01-14T04:45:35Z</time><extensions><ns3:TrackPointExtension><ns3:cad>0</ns3:cad></ns3:TrackPointExtension></extensions></trkpt><trkpt lat="29.892342556267977" lon="102.01669628731906"><ele>3937.199951171875</ele><time>2026-01-14T04:45:36Z</time><extensions><ns3:TrackPointExtension><ns3:cad>0</ns3:cad></ns3:TrackPointExtension></extensions></trkpt><trkpt lat="29.892294611781836" lon="102.01672009192407"><ele>3937.39990234375</ele><time>2026-01-14T04:45:43Z</time><extensions><ns3:TrackPointExtension><ns3:cad>68</ns3:cad></ns3:TrackPointExtension></extensions></trkpt><trkpt lat="29.892269130796194" lon="102.0167286414653"><ele>3936.199951171875</ele><time>2026-01-14T04:45:46Z</time><extensions><ns3:TrackPointExtension><ns3:cad>0</ns3:cad></ns3:TrackPointExtension></extensions></trkpt><trkpt lat="29.892230490222573" lon="102.01676552183926"><ele>3936.199951171875</ele><time>2026-01-14T04:45:51Z</time><extensions><ns3:TrackPointExtension><ns3:cad>51</ns3:cad></ns3:TrackPointExtension></extensions></trkpt><trkpt lat="29.89220056682825" lon="102.01682209968567"><ele>3936.199951171875</ele><time>2026-01-14T04:45:58Z</time><extensions><ns3:TrackPointExtension><ns3:hr>72</ns3:hr><ns3:cad>0</ns3:cad></ns3:TrackPointExtension></extensions></trkpt><trkpt lat="29.892188161611557" lon="102.01684414409101"><ele>3935.800048828125</ele><time>2026-01-14T04:46:00Z</time><extensions><ns3:TrackPointExtension><ns3:cad>0</ns3:cad></ns3:TrackPointExtension></extensions></trkpt><trkpt lat="29.892146000638604" lon="102.01688722707331"><ele>3935.800048828125</ele><time>2026-01-14T04:46:07Z</time><extensions><ns3:TrackPointExtension><ns3:cad>0</ns3:cad></ns3:TrackPointExtension></extensions></trkpt><trkpt lat="29.89211398176849" lon="102.01692352071404"><ele>3936</ele><time>2026-01-14T04:46:15Z</time><extensions><ns3:TrackPointExtension><ns3:cad>0</ns3:cad></ns3:TrackPointExtension></extensions></trkpt><trkpt lat="29.892097301781178" lon="102.01695092953742"><ele>3936.199951171875</ele><time>2026-01-14T04:46:23Z</time><extensions><ns3:TrackPointExtension><ns3:cad>0</ns3:cad></ns3:TrackPointExtension></extensions></trkpt><trkpt lat="29.89208380691707" lon="102.01698278076947"><ele>3935.800048828125</ele><time>2026-01-14T04:46:29Z</time><extensions><ns3:TrackPointExtension><ns3:cad>0</ns3:cad></ns3:TrackPointExtension></extensions></trkpt><trkpt lat="29.892075257375836" lon="102.0170243550092"><ele>3935.60009765625</ele><time>2026-01-14T04:46:33Z</time><extensions><ns3:TrackPointExtension><ns3:cad>0</ns3:cad></ns3:TrackPointExtension></extensions></trkpt><trkpt lat="29.892068216577172" lon="102.01704103499651"><ele>3935.199951171875</ele><time>2026-01-14T04:46:35Z</time><extensions><ns3:TrackPointExtension><ns3:cad>0</ns3:cad></ns3:TrackPointExtension></extensions></trkpt><trkpt lat="29.8920616786927" lon="102.01705243438482"><ele>3935.199951171875</ele><time>2026-01-14T04:46:36Z</time><extensions><ns3:TrackPointExtension><ns3:cad>0</ns3:cad></ns3:TrackPointExtension></extensions></trkpt><trkpt lat="29.891994539648294" lon="102.01713122427464"><ele>3935</ele><time>2026-01-14T04:46:45Z</time><extensions><ns3:TrackPointExtension><ns3:cad>54</ns3:cad></ns3:TrackPointExtension></extensions></trkpt><trkpt lat="29.891937794163823" lon="102.01720993034542"><ele>3935.39990234375</ele><time>2026-01-14T04:46:54Z</time><extensions><ns3:TrackPointExtension><ns3:cad>50</ns3:cad></ns3:TrackPointExtension></extensions></trkpt><trkpt lat="29.891894962638617" lon="102.01728796586394"><ele>3936</ele><time>2026-01-14T04:47:02Z</time><extensions><ns3:TrackPointExtension><ns3:cad>0</ns3:cad></ns3:TrackPointExtension></extensions></trkpt><trkpt lat="29.891860345378518" lon="102.01734311878681"><ele>3935.39990234375</ele><time>2026-01-14T04:47:09Z</time><extensions><ns3:TrackPointExtension><ns3:cad>51</ns3:cad></ns3:TrackPointExtension></extensions></trkpt><trkpt lat="29.89179010502994" lon="102.0174406003207"><ele>3935.199951171875</ele><time>2026-01-14T04:47:21Z</time><extensions><ns3:TrackPointExtension><ns3:cad>51</ns3:cad></ns3:TrackPointExtension></extensions></trkpt><trkpt lat="29.891758002340794" lon="102.01748787425458"><ele>3935.800048828125</ele><time>2026-01-14T04:47:29Z</time><extensions><ns3:TrackPointExtension><ns3:cad>0</ns3:cad></ns3:TrackPointExtension></extensions></trkpt><trkpt lat="29.891717517748475" lon="102.01753313653171"><ele>3934.60009765625</ele><time>2026-01-14T04:47:36Z</time><extensions><ns3:TrackPointExtension><ns3:cad>50</ns3:cad></ns3:TrackPointExtension></extensions></trkpt><trkpt lat="29.891671082004905" lon="102.0175822544843"><ele>3934.800048828125</ele><time>2026-01-14T04:47:45Z</time><extensions><ns3:TrackPointExtension><ns3:cad>48</ns3:cad></ns3:TrackPointExtension></extensions></trkpt><trkpt lat="29.89162288606167" lon="102.01767294667661"><ele>3935</ele><time>2026-01-14T04:47:56Z</time><extensions><ns3:TrackPointExtension><ns3:cad>48</ns3:cad></ns3:TrackPointExtension></extensions></trkpt><trkpt lat="29.891570918262005" lon="102.0177545864135"><ele>3935.199951171875</ele><time>2026-01-14T04:48:05Z</time><extensions><ns3:TrackPointExtension><ns3:cad>51</ns3:cad></ns3:TrackPointExtension></extensions></trkpt><trkpt lat="29.89153604954481" lon="102.01783656142652"><ele>3935</ele><time>2026-01-14T04:48:12Z</time><extensions><ns3:TrackPointExtension><ns3:cad>52</ns3:cad></ns3:TrackPointExtension></extensions></trkpt><trkpt lat="29.89148802123964" lon="102.0179218892008"><ele>3934.60009765625</ele><time>2026-01-14T04:48:21Z</time><extensions><ns3:TrackPointExtension><ns3:cad>56</ns3:cad></ns3:TrackPointExtension></extensions></trkpt><trkpt lat="29.891408728435636" lon="102.01802180148661"><ele>3934.199951171875</ele><time>2026-01-14T04:48:31Z</time><extensions><ns3:TrackPointExtension><ns3:cad>53</ns3:cad></ns3:TrackPointExtension></extensions></trkpt><trkpt lat="29.891395652666688" lon="102.01803596690297"><ele>3934</ele><time>2026-01-14T04:48:34Z</time><extensions><ns3:TrackPointExtension><ns3:cad>51</ns3:cad></ns3:TrackPointExtension></extensions></trkpt><trkpt lat="29.891396071761847" lon="102.01802859082818"><ele>3934.60009765625</ele><time>2026-01-14T04:48:37Z</time><extensions><ns3:TrackPointExtension><ns3:cad>0</ns3:cad></ns3:TrackPointExtension></extensions></trkpt><trkpt lat="29.89140068180859" lon="102.01802523806691"><ele>3935</ele><time>2026-01-14T04:48:47Z</time><extensions><ns3:TrackPointExtension><ns3:cad>0</ns3:cad></ns3:TrackPointExtension></extensions></trkpt><trkpt lat="29.89140068180859" lon="102.01802523806691"><ele>3935.199951171875</ele><time>2026-01-14T04:48:48Z</time><extensions><ns3:TrackPointExtension><ns3:cad>0</ns3:cad></ns3:TrackPointExtension></extensions></trkpt><trkpt lat="29.89140068180859" lon="102.01802523806691"><ele>3935.199951171875</ele><time>2026-01-14T04:48:57Z</time><extensions><ns3:TrackPointExtension><ns3:cad>0</ns3:cad></ns3:TrackPointExtension></extensions></trkpt><trkpt lat="29.891401017084718" lon="102.01802465133369"><ele>3934.60009765625</ele><time>2026-01-14T04:49:03Z</time><extensions><ns3:TrackPointExtension><ns3:hr>75</ns3:hr><ns3:cad>0</ns3:cad></ns3:TrackPointExtension></extensions></trkpt><trkpt lat="29.891399759799242" lon="102.01802532188594"><ele>3934.60009765625</ele><time>2026-01-14T04:49:04Z</time><extensions><ns3:TrackPointExtension><ns3:hr>75</ns3:hr><ns3:cad>0</ns3:cad></ns3:TrackPointExtension></extensions></trkpt><trkpt lat="29.891401519998908" lon="102.01801677234471"><ele>3934.39990234375</ele><time>2026-01-14T04:49:10Z</time><extensions><ns3:TrackPointExtension><ns3:hr>78</ns3:hr><ns3:cad>0</ns3:cad></ns3:TrackPointExtension></extensions></trkpt><trkpt lat="29.89139917306602" lon="102.0180154312402"><ele>3934.39990234375</ele><time>2026-01-14T04:49:13Z</time><extensions><ns3:TrackPointExtension><ns3:hr>79</ns3:hr><ns3:cad>0</ns3:cad></ns3:TrackPointExtension></extensions></trkpt><trkpt lat="29.89140068180859" lon="102.01802523806691"><ele>3935</ele><time>2026-01-14T04:49:23Z</time><extensions><ns3:TrackPointExtension><ns3:cad>0</ns3:cad></ns3:TrackPointExtension></extensions></trkpt><trkpt lat="29.89140068180859" lon="102.01802523806691"><ele>3934.800048828125</ele><time>2026-01-14T04:49:35Z</time><extensions><ns3:TrackPointExtension><ns3:cad>0</ns3:cad></ns3:TrackPointExtension></extensions></trkpt><trkpt lat="29.891399340704083" lon="102.01802062802017"><ele>3934.800048828125</ele><time>2026-01-14T04:49:47Z</time><extensions><ns3:TrackPointExtension><ns3:cad>0</ns3:cad></ns3:TrackPointExtension></extensions></trkpt><trkpt lat="29.891405208036304" lon="102.0180191192776"><ele>3934.39990234375</ele><time>2026-01-14T04:49:56Z</time><extensions><ns3:TrackPointExtension><ns3:cad>0</ns3:cad></ns3:TrackPointExtension></extensions></trkpt><trkpt lat="29.891409063711762" lon="102.01802155002952"><ele>3934.800048828125</ele><time>2026-01-14T04:50:04Z</time><extensions><ns3:TrackPointExtension><ns3:cad>0</ns3:cad></ns3:TrackPointExtension></extensions></trkpt><trkpt lat="29.891411578282714" lon="102.0180191192776"><ele>3934.60009765625</ele><time>2026-01-14T04:50:14Z</time><extensions><ns3:TrackPointExtension><ns3:hr>83</ns3:hr><ns3:cad>0</ns3:cad></ns3:TrackPointExtension></extensions></trkpt><trkpt lat="29.89140755496919" lon="102.01802641153336"><ele>3934.39990234375</ele><time>2026-01-14T04:50:18Z</time><extensions><ns3:TrackPointExtension><ns3:hr>86</ns3:hr><ns3:cad>0</ns3:cad></ns3:TrackPointExtension></extensions></trkpt><trkpt lat="29.891402442008257" lon="102.01803160831332"><ele>3934.60009765625</ele><time>2026-01-14T04:50:24Z</time><extensions><ns3:TrackPointExtension><ns3:hr>86</ns3:hr><ns3:cad>0</ns3:cad></ns3:TrackPointExtension></extensions></trkpt><trkpt lat="29.89140068180859" lon="102.01802523806691"><ele>3934.800048828125</ele><time>2026-01-14T04:50:35Z</time><extensions><ns3:TrackPointExtension><ns3:hr>83</ns3:hr><ns3:cad>0</ns3:cad></ns3:TrackPointExtension></extensions></trkpt><trkpt lat="29.89140068180859" lon="102.01802523806691"><ele>3934.800048828125</ele><time>2026-01-14T04:50:36Z</time><extensions><ns3:TrackPointExtension><ns3:hr>83</ns3:hr><ns3:cad>0</ns3:cad></ns3:TrackPointExtension></extensions></trkpt><trkpt lat="29.89140068180859" lon="102.01802523806691"><ele>3934</ele><time>2026-01-14T04:50:43Z</time><extensions><ns3:TrackPointExtension><ns3:hr>85</ns3:hr><ns3:cad>0</ns3:cad></ns3:TrackPointExtension></extensions></trkpt><trkpt lat="29.89140596240759" lon="102.01802515424788"><ele>3934</ele><time>2026-01-14T04:50:45Z</time><extensions><ns3:TrackPointExtension><ns3:hr>86</ns3:hr><ns3:cad>0</ns3:cad></ns3:TrackPointExtension></extensions></trkpt><trkpt lat="29.89140068180859" lon="102.01802523806691"><ele>3934.800048828125</ele><time>2026-01-14T04:50:53Z</time><extensions><ns3:TrackPointExtension><ns3:hr>87</ns3:hr><ns3:cad>0</ns3:cad></ns3:TrackPointExtension></extensions></trkpt><trkpt lat="29.89140068180859" lon="102.01802523806691"><ele>3935</ele><time>2026-01-14T04:50:55Z</time><extensions><ns3:TrackPointExtension><ns3:hr>86</ns3:hr><ns3:cad>0</ns3:cad></ns3:TrackPointExtension></extensions></trkpt><trkpt lat="29.89140847697854" lon="102.01801559887826"><ele>3935</ele><time>2026-01-14T04:51:04Z</time><extensions><ns3:TrackPointExtension><ns3:cad>0</ns3:cad></ns3:TrackPointExtension></extensions></trkpt><trkpt lat="29.891411578282714" lon="102.01801643706858"><ele>3935</ele><time>2026-01-14T04:51:13Z</time><extensions><ns3:TrackPointExtension><ns3:cad>0</ns3:cad></ns3:TrackPointExtension></extensions></trkpt><trkpt lat="29.89141191355884" lon="102.0180154312402"><ele>3934.800048828125</ele><time>2026-01-14T04:51:14Z</time><extensions><ns3:TrackPointExtension><ns3:hr>82</ns3:hr><ns3:cad>0</ns3:cad></ns3:TrackPointExtension></extensions></trkpt><trkpt lat="29.891410572454333" lon="102.01801878400147"><ele>3935.199951171875</ele><time>2026-01-14T04:51:20Z</time><extensions><ns3:TrackPointExtension><ns3:hr>83</ns3:hr><ns3:cad>0</ns3:cad></ns3:TrackPointExtension></extensions></trkpt><trkpt lat="29.891408644616604" lon="102.01802104711533"><ele>3935.199951171875</ele><time>2026-01-14T04:51:23Z</time><extensions><ns3:TrackPointExtension><ns3:hr>86</ns3:hr><ns3:cad>0</ns3:cad></ns3:TrackPointExtension></extensions></trkpt><trkpt lat="29.891406884416938" lon="102.01801870018244"><ele>3935.39990234375</ele><time>2026-01-14T04:51:26Z</time><extensions><ns3:TrackPointExtension><ns3:hr>89</ns3:hr><ns3:cad>0</ns3:cad></ns3:TrackPointExtension></extensions></trkpt><trkpt lat="29.891398083418608" lon="102.0180101506412"><ele>3935.39990234375</ele><time>2026-01-14T04:51:29Z</time><extensions><ns3:TrackPointExtension><ns3:hr>89</ns3:hr><ns3:cad>0</ns3:cad></ns3:TrackPointExtension></extensions></trkpt><trkpt lat="29.89140068180859" lon="102.01802523806691"><ele>3935.39990234375</ele><time>2026-01-14T04:51:33Z</time><extensions><ns3:TrackPointExtension><ns3:hr>92</ns3:hr><ns3:cad>0</ns3:cad></ns3:TrackPointExtension></extensions></trkpt><trkpt lat="29.891399759799242" lon="102.01801870018244"><ele>3935.60009765625</ele><time>2026-01-14T04:51:39Z</time><extensions><ns3:TrackPointExtension><ns3:hr>93</ns3:hr><ns3:cad>0</ns3:cad></ns3:TrackPointExtension></extensions></trkpt><trkpt lat="29.89139229990542" lon="102.01801098883152"><ele>3935.800048828125</ele><time>2026-01-14T04:51:54Z</time><extensions><ns3:TrackPointExtension><ns3:hr>100</ns3:hr><ns3:cad>0</ns3:cad></ns3:TrackPointExtension></extensions></trkpt><trkpt lat="29.89139229990542" lon="102.01801098883152"><ele>3935.800048828125</ele><time>2026-01-14T04:51:55Z</time><extensions><ns3:TrackPointExtension><ns3:hr>103</ns3:hr><ns3:cad>0</ns3:cad></ns3:TrackPointExtension></extensions></trkpt><trkpt lat="29.89139229990542" lon="102.01801098883152"><ele>3935.800048828125</ele><time>2026-01-14T04:51:59Z</time><extensions><ns3:TrackPointExtension><ns3:hr>106</ns3:hr><ns3:cad>0</ns3:cad></ns3:TrackPointExtension></extensions></trkpt><trkpt lat="29.891400346532464" lon="102.018036050722"><ele>3935.60009765625</ele><time>2026-01-14T04:52:07Z</time><extensions><ns3:TrackPointExtension><ns3:hr>107</ns3:hr><ns3:cad>0</ns3:cad></ns3:TrackPointExtension></extensions></trkpt><trkpt lat="29.89133764989674" lon="102.01808542013168"><ele>3935.60009765625</ele><time>2026-01-14T04:52:15Z</time><extensions><ns3:TrackPointExtension><ns3:cad>0</ns3:cad></ns3:TrackPointExtension></extensions></trkpt><trkpt lat="29.891305044293404" lon="102.01811861246824"><ele>3935.199951171875</ele><time>2026-01-14T04:52:21Z</time><extensions><ns3:TrackPointExtension><ns3:hr>90</ns3:hr><ns3:cad>48</ns3:cad></ns3:TrackPointExtension></extensions></trkpt><trkpt lat="29.891291800886393" lon="102.01813177205622"><ele>3935.39990234375</ele><time>2026-01-14T04:52:23Z</time><extensions><ns3:TrackPointExtension><ns3:cad>0</ns3:cad></ns3:TrackPointExtension></extensions></trkpt><trkpt lat="29.89127855747938" lon="102.0181396510452"><ele>3935.199951171875</ele><time>2026-01-14T04:52:25Z</time><extensions><ns3:TrackPointExtension><ns3:hr>91</ns3:hr><ns3:cad>0</ns3:cad></ns3:TrackPointExtension></extensions></trkpt><trkpt lat="29.891253914684057" lon="102.01814937405288"><ele>3935.39990234375</ele><time>2026-01-14T04:52:30Z</time><extensions><ns3:TrackPointExtension><ns3:hr>93</ns3:hr><ns3:cad>48</ns3:cad></ns3:TrackPointExtension></extensions></trkpt><trkpt lat="29.891248047351837" lon="102.01812162995338"><ele>3935.60009765625</ele><time>2026-01-14T04:52:41Z</time><extensions><ns3:TrackPointExtension><ns3:hr>95</ns3:hr><ns3:cad>0</ns3:cad></ns3:TrackPointExtension></extensions></trkpt><trkpt lat="29.891257770359516" lon="102.01811525970697"><ele>3935.800048828125</ele><time>2026-01-14T04:52:50Z</time><extensions><ns3:TrackPointExtension><ns3:hr>96</ns3:hr><ns3:cad>0</ns3:cad></ns3:TrackPointExtension></extensions></trkpt><trkpt lat="29.89125601015985" lon="102.01812573708594"><ele>3935.60009765625</ele><time>2026-01-14T04:53:03Z</time><extensions><ns3:TrackPointExtension><ns3:hr>93</ns3:hr><ns3:cad>0</ns3:cad></ns3:TrackPointExtension></extensions></trkpt><trkpt lat="29.891254836693406" lon="102.01813386753201"><ele>3935.60009765625</ele><time>2026-01-14T04:53:09Z</time><extensions><ns3:TrackPointExtension><ns3:hr>92</ns3:hr><ns3:cad>0</ns3:cad></ns3:TrackPointExtension></extensions></trkpt><trkpt lat="29.89123497158289" lon="102.01815842650831"><ele>3935.39990234375</ele><time>2026-01-14T04:53:18Z</time><extensions><ns3:TrackPointExtension><ns3:cad>0</ns3:cad></ns3:TrackPointExtension></extensions></trkpt><trkpt lat="29.89121879450977" lon="102.01818306930363"><ele>3935.199951171875</ele><time>2026-01-14T04:53:22Z</time><extensions><ns3:TrackPointExtension><ns3:hr>93</ns3:hr><ns3:cad>0</ns3:cad></ns3:TrackPointExtension></extensions></trkpt><trkpt lat="29.891208317130804" lon="102.01819404959679"><ele>3935</ele><time>2026-01-14T04:53:23Z</time><extensions><ns3:TrackPointExtension><ns3:hr>93</ns3:hr><ns3:cad>0</ns3:cad></ns3:TrackPointExtension></extensions></trkpt><trkpt lat="29.891160875558853" lon="102.0182242244482"><ele>3934.800048828125</ele><time>2026-01-14T04:53:31Z</time><extensions><ns3:TrackPointExtension><ns3:cad>0</ns3:cad></ns3:TrackPointExtension></extensions></trkpt><trkpt lat="29.89113581366837" lon="102.01824249699712"><ele>3934.60009765625</ele><time>2026-01-14T04:53:38Z</time><extensions><ns3:TrackPointExtension><ns3:cad>0</ns3:cad></ns3:TrackPointExtension></extensions></trkpt><trkpt lat="29.891127683222294" lon="102.01824987307191"><ele>3934.39990234375</ele><time>2026-01-14T04:53:40Z</time><extensions><ns3:TrackPointExtension><ns3:hr>88</ns3:hr><ns3:cad>0</ns3:cad></ns3:TrackPointExtension></extensions></trkpt><trkpt lat="29.891120893880725" lon="102.0182485319674"><ele>3934.199951171875</ele><time>2026-01-14T04:53:41Z</time><extensions><ns3:TrackPointExtension><ns3:hr>88</ns3:hr><ns3:cad>0</ns3:cad></ns3:TrackPointExtension></extensions></trkpt><trkpt lat="29.891084600239992" lon="102.01827828772366"><ele>3934.800048828125</ele><time>2026-01-14T04:53:45Z</time><extensions><ns3:TrackPointExtension><ns3:hr>91</ns3:hr><ns3:cad>51</ns3:cad></ns3:TrackPointExtension></extensions></trkpt><trkpt lat="29.89105375483632" lon="102.01832078397274"><ele>3933.800048828125</ele><time>2026-01-14T04:53:50Z</time><extensions><ns3:TrackPointExtension><ns3:hr>91</ns3:hr><ns3:cad>0</ns3:cad></ns3:TrackPointExtension></extensions></trkpt><trkpt lat="29.891048138961196" lon="102.01834056526423"><ele>3933.39990234375</ele><time>2026-01-14T04:53:52Z</time><extensions><ns3:TrackPointExtension><ns3:hr>92</ns3:hr><ns3:cad>52</ns3:cad></ns3:TrackPointExtension></extensions></trkpt><trkpt lat="29.891031123697758" lon="102.01836420223117"><ele>3933.800048828125</ele><time>2026-01-14T04:53:56Z</time><extensions><ns3:TrackPointExtension><ns3:hr>96</ns3:hr><ns3:cad>52</ns3:cad></ns3:TrackPointExtension></extensions></trkpt><trkpt lat="29.89102341234684" lon="102.01836973428726"><ele>3933.800048828125</ele><time>2026-01-14T04:53:57Z</time><extensions><ns3:TrackPointExtension><ns3:hr>96</ns3:hr><ns3:cad>52</ns3:cad></ns3:TrackPointExtension></extensions></trkpt><trkpt lat="29.890996674075723" lon="102.01839379034936"><ele>3934</ele><time>2026-01-14T04:54:00Z</time><extensions><ns3:TrackPointExtension><ns3:hr>97</ns3:hr><ns3:cad>53</ns3:cad></ns3:TrackPointExtension></extensions></trkpt><trkpt lat="29.89097060635686" lon="102.01842362992465"><ele>3934.800048828125</ele><time>2026-01-14T04:54:04Z</time><extensions><ns3:TrackPointExtension><ns3:hr>100</ns3:hr><ns3:cad>51</ns3:cad></ns3:TrackPointExtension></extensions></trkpt><trkpt lat="29.890947388485074" lon="102.0184578280896"><ele>3933.800048828125</ele><time>2026-01-14T04:54:08Z</time><extensions><ns3:TrackPointExtension><ns3:hr>97</ns3:hr><ns3:cad>53</ns3:cad></ns3:TrackPointExtension></extensions></trkpt><trkpt lat="29.890941102057695" lon="102.0184710714966"><ele>3933.60009765625</ele><time>2026-01-14T04:54:09Z</time><extensions><ns3:TrackPointExtension><ns3:hr>94</ns3:hr><ns3:cad>53</ns3:cad></ns3:TrackPointExtension></extensions></trkpt><trkpt lat="29.890929199755192" lon="102.01849102042615"><ele>3933.800048828125</ele><time>2026-01-14T04:54:11Z</time><extensions><ns3:TrackPointExtension><ns3:hr>89</ns3:hr><ns3:cad>53</ns3:cad></ns3:TrackPointExtension></extensions></trkpt><trkpt lat="29.8909271042794" lon="102.01849336735904"><ele>3934</ele><time>2026-01-14T04:54:12Z</time><extensions><ns3:TrackPointExtension><ns3:hr>86</ns3:hr><ns3:cad>0</ns3:cad></ns3:TrackPointExtension></extensions></trkpt><trkpt lat="29.8909271042794" lon="102.01848800294101"><ele>3934.39990234375</ele><time>2026-01-14T04:54:14Z</time><extensions><ns3:TrackPointExtension><ns3:hr>85</ns3:hr><ns3:cad>0</ns3:cad></ns3:TrackPointExtension></extensions></trkpt><trkpt lat="29.890929702669382" lon="102.01847744174302"><ele>3934.39990234375</ele><time>2026-01-14T04:54:23Z</time><extensions><ns3:TrackPointExtension><ns3:hr>85</ns3:hr><ns3:cad>0</ns3:cad></ns3:TrackPointExtension></extensions></trkpt><trkpt lat="29.890910759568214" lon="102.01849345117807"><ele>3934</ele><time>2026-01-14T04:54:30Z</time><extensions><ns3:TrackPointExtension><ns3:hr>85</ns3:hr><ns3:cad>0</ns3:cad></ns3:TrackPointExtension></extensions></trkpt><trkpt lat="29.890866251662374" lon="102.01856318861246"><ele>3933.39990234375</ele><time>2026-01-14T04:54:38Z</time><extensions><ns3:TrackPointExtension><ns3:hr>85</ns3:hr><ns3:cad>51</ns3:cad></ns3:TrackPointExtension></extensions></trkpt><trkpt lat="29.890839429572225" lon="102.01858992688358"><ele>3933.60009765625</ele><time>2026-01-14T04:54:46Z</time><extensions><ns3:TrackPointExtension><ns3:hr>86</ns3:hr><ns3:cad>0</ns3:cad></ns3:TrackPointExtension></extensions></trkpt><trkpt lat="29.890839429572225" lon="102.0185905136168"><ele>3933.60009765625</ele><time>2026-01-14T04:54:52Z</time><extensions><ns3:TrackPointExtension><ns3:hr>89</ns3:hr><ns3:cad>0</ns3:cad></ns3:TrackPointExtension></extensions></trkpt><trkpt lat="29.890818810090423" lon="102.01861079782248"><ele>3933.60009765625</ele><time>2026-01-14T04:54:55Z</time><extensions><ns3:TrackPointExtension><ns3:hr>92</ns3:hr><ns3:cad>0</ns3:cad></ns3:TrackPointExtension></extensions></trkpt><trkpt lat="29.890782432630658" lon="102.01865698210895"><ele>3933.60009765625</ele><time>2026-01-14T04:55:00Z</time><extensions><ns3:TrackPointExtension><ns3:hr>96</ns3:hr><ns3:cad>57</ns3:cad></ns3:TrackPointExtension></extensions></trkpt><trkpt lat="29.890760220587254" lon="102.01868849806488"><ele>3933.39990234375</ele><time>2026-01-14T04:55:04Z</time><extensions><ns3:TrackPointExtension><ns3:hr>87</ns3:hr><ns3:cad>55</ns3:cad></ns3:TrackPointExtension></extensions></trkpt><trkpt lat="29.890753012150526" lon="102.01869679614902"><ele>3933.199951171875</ele><time>2026-01-14T04:55:05Z</time><extensions><ns3:TrackPointExtension><ns3:hr>87</ns3:hr><ns3:cad>51</ns3:cad></ns3:TrackPointExtension></extensions></trkpt><trkpt lat="29.890736499801278" lon="102.01872244477272"><ele>3932.800048828125</ele><time>2026-01-14T04:55:08Z</time><extensions><ns3:TrackPointExtension><ns3:cad>51</ns3:cad></ns3:TrackPointExtension></extensions></trkpt><trkpt lat="29.890700625255704" lon="102.01877474784851"><ele>3932.60009765625</ele><time>2026-01-14T04:55:14Z</time><extensions><ns3:TrackPointExtension><ns3:hr>87</ns3:hr><ns3:cad>53</ns3:cad></ns3:TrackPointExtension></extensions></trkpt><trkpt lat="29.89068570546806" lon="102.01884247362614"><ele>3932.800048828125</ele><time>2026-01-14T04:55:21Z</time><extensions><ns3:TrackPointExtension><ns3:hr>89</ns3:hr><ns3:cad>54</ns3:cad></ns3:TrackPointExtension></extensions></trkpt><trkpt lat="29.89065452478826" lon="102.01891732402146"><ele>3931.800048828125</ele><time>2026-01-14T04:55:28Z</time><extensions><ns3:TrackPointExtension><ns3:hr>89</ns3:hr><ns3:cad>0</ns3:cad></ns3:TrackPointExtension></extensions></trkpt><trkpt lat="29.89064714871347" lon="102.01892486773431"><ele>3931.60009765625</ele><time>2026-01-14T04:55:29Z</time><extensions><ns3:TrackPointExtension><ns3:hr>90</ns3:hr><ns3:cad>55</ns3:cad></ns3:TrackPointExtension></extensions></trkpt><trkpt lat="29.89060708321631" lon="102.01894733123481"><ele>3931.60009765625</ele><time>2026-01-14T04:55:33Z</time><extensions><ns3:TrackPointExtension><ns3:hr>93</ns3:hr><ns3:cad>61</ns3:cad></ns3:TrackPointExtension></extensions></trkpt><trkpt lat="29.890599958598614" lon="102.01896241866052"><ele>3932</ele><time>2026-01-14T04:55:35Z</time><extensions><ns3:TrackPointExtension><ns3:hr>94</ns3:hr><ns3:cad>61</ns3:cad></ns3:TrackPointExtension></extensions></trkpt><trkpt lat="29.89058663137257" lon="102.01902310363948"><ele>3932.39990234375</ele><time>2026-01-14T04:55:42Z</time><extensions><ns3:TrackPointExtension><ns3:hr>97</ns3:hr><ns3:cad>47</ns3:cad></ns3:TrackPointExtension></extensions></trkpt><trkpt lat="29.890582859516144" lon="102.01903089880943"><ele>3932</ele><time>2026-01-14T04:55:46Z</time><extensions><ns3:TrackPointExtension><ns3:hr>94</ns3:hr><ns3:cad>0</ns3:cad></ns3:TrackPointExtension></extensions></trkpt><trkpt lat="29.890583446249366" lon="102.01904489658773"><ele>3931.800048828125</ele><time>2026-01-14T04:55:48Z</time><extensions><ns3:TrackPointExtension><ns3:hr>89</ns3:hr><ns3:cad>0</ns3:cad></ns3:TrackPointExtension></extensions></trkpt><trkpt lat="29.890585457906127" lon="102.01905621215701"><ele>3932</ele><time>2026-01-14T04:55:49Z</time><extensions><ns3:TrackPointExtension><ns3:hr>89</ns3:hr><ns3:cad>0</ns3:cad></ns3:TrackPointExtension></extensions></trkpt><trkpt lat="29.890606999397278" lon="102.01914321631193"><ele>3931.800048828125</ele><time>2026-01-14T04:55:56Z</time><extensions><ns3:TrackPointExtension><ns3:hr>86</ns3:hr><ns3:cad>56</ns3:cad></ns3:TrackPointExtension></extensions></trkpt><trkpt lat="29.89060314372182" lon="102.01915645971894"><ele>3931.800048828125</ele><time>2026-01-14T04:55:57Z</time><extensions><ns3:TrackPointExtension><ns3:hr>85</ns3:hr><ns3:cad>56</ns3:cad></ns3:TrackPointExtension></extensions></trkpt><trkpt lat="29.89060314372182" lon="102.0192398596555"><ele>3931.39990234375</ele><time>2026-01-14T04:56:06Z</time><extensions><ns3:TrackPointExtension><ns3:cad>54</ns3:cad></ns3:TrackPointExtension></extensions></trkpt><trkpt lat="29.890618482604623" lon="102.0193281210959"><ele>3931</ele><time>2026-01-14T04:56:13Z</time><extensions><ns3:TrackPointExtension><ns3:hr>86</ns3:hr><ns3:cad>53</ns3:cad></ns3:TrackPointExtension></extensions></trkpt><trkpt lat="29.890636336058378" lon="102.01940498314798"><ele>3930.60009765625</ele><time>2026-01-14T04:56:21Z</time><extensions><ns3:TrackPointExtension><ns3:cad>0</ns3:cad></ns3:TrackPointExtension></extensions></trkpt><trkpt lat="29.890670450404286" lon="102.01947866007686"><ele>3929.800048828125</ele><time>2026-01-14T04:56:30Z</time><extensions><ns3:TrackPointExtension><ns3:cad>54</ns3:cad></ns3:TrackPointExtension></extensions></trkpt><trkpt lat="29.890675731003284" lon="102.01949215494096"><ele>3929.60009765625</ele><time>2026-01-14T04:56:31Z</time><extensions><ns3:TrackPointExtension><ns3:cad>54</ns3:cad></ns3:TrackPointExtension></extensions></trkpt><trkpt lat="29.890702720731497" lon="102.01954211108387"><ele>3929.39990234375</ele><time>2026-01-14T04:56:36Z</time><extensions><ns3:TrackPointExtension><ns3:cad>55</ns3:cad></ns3:TrackPointExtension></extensions></trkpt><trkpt lat="29.890712862834334" lon="102.01958435587585"><ele>3929.199951171875</ele><time>2026-01-14T04:56:42Z</time><extensions><ns3:TrackPointExtension><ns3:hr>85</ns3:hr><ns3:cad>0</ns3:cad></ns3:TrackPointExtension></extensions></trkpt><trkpt lat="29.890738260000944" lon="102.01963447965682"><ele>3928.60009765625</ele><time>2026-01-14T04:56:47Z</time><extensions><ns3:TrackPointExtension><ns3:cad>0</ns3:cad></ns3:TrackPointExtension></extensions></trkpt><trkpt lat="29.890747983008623" lon="102.01965191401541"><ele>3928.60009765625</ele><time>2026-01-14T04:56:49Z</time><extensions><ns3:TrackPointExtension><ns3:cad>52</ns3:cad></ns3:TrackPointExtension></extensions></trkpt><trkpt lat="29.890776481479406" lon="102.01968510635197"><ele>3928.800048828125</ele><time>2026-01-14T04:56:54Z</time><extensions><ns3:TrackPointExtension><ns3:cad>0</ns3:cad></ns3:TrackPointExtension></extensions></trkpt><trkpt lat="29.89076843485236" lon="102.01968451961875"><ele>3929.39990234375</ele><time>2026-01-14T04:57:00Z</time><extensions><ns3:TrackPointExtension><ns3:cad>0</ns3:cad></ns3:TrackPointExtension></extensions></trkpt><trkpt lat="29.890769189223647" lon="102.01969080604613"><ele>3929.60009765625</ele><time>2026-01-14T04:57:05Z</time><extensions><ns3:TrackPointExtension><ns3:cad>0</ns3:cad></ns3:TrackPointExtension></extensions></trkpt><trkpt lat="29.890766507014632" lon="102.01969558373094"><ele>3929.60009765625</ele><time>2026-01-14T04:57:08Z</time><extensions><ns3:TrackPointExtension><ns3:cad>0</ns3:cad></ns3:TrackPointExtension></extensions></trkpt><trkpt lat="29.890769524499774" lon="102.01970379799604"><ele>3929.39990234375</ele><time>2026-01-14T04:57:13Z</time><extensions><ns3:TrackPointExtension><ns3:hr>72</ns3:hr><ns3:cad>0</ns3:cad></ns3:TrackPointExtension></extensions></trkpt><trkpt lat="29.890769524499774" lon="102.01970379799604"><ele>3929.39990234375</ele><time>2026-01-14T04:57:14Z</time><extensions><ns3:TrackPointExtension><ns3:hr>72</ns3:hr><ns3:cad>0</ns3:cad></ns3:TrackPointExtension></extensions></trkpt><trkpt lat="29.890769524499774" lon="102.01970379799604"><ele>3929.199951171875</ele><time>2026-01-14T04:57:19Z</time><extensions><ns3:TrackPointExtension><ns3:hr>75</ns3:hr><ns3:cad>0</ns3:cad></ns3:TrackPointExtension></extensions></trkpt><trkpt lat="29.890769524499774" lon="102.01970379799604"><ele>3929.39990234375</ele><time>2026-01-14T04:57:21Z</time><extensions><ns3:TrackPointExtension><ns3:hr>76</ns3:hr><ns3:cad>0</ns3:cad></ns3:TrackPointExtension></extensions></trkpt><trkpt lat="29.890769524499774" lon="102.01970379799604"><ele>3929.60009765625</ele><time>2026-01-14T04:57:23Z</time><extensions><ns3:TrackPointExtension><ns3:hr>79</ns3:hr><ns3:cad>0</ns3:cad></ns3:TrackPointExtension></extensions></trkpt><trkpt lat="29.890769524499774" lon="102.01970379799604"><ele>3929.60009765625</ele><time>2026-01-14T04:57:24Z</time><extensions><ns3:TrackPointExtension><ns3:hr>82</ns3:hr><ns3:cad>0</ns3:cad></ns3:TrackPointExtension></extensions></trkpt><trkpt lat="29.890769524499774" lon="102.01970379799604"><ele>3929.800048828125</ele><time>2026-01-14T04:57:26Z</time><extensions><ns3:TrackPointExtension><ns3:hr>89</ns3:hr><ns3:cad>0</ns3:cad></ns3:TrackPointExtension></extensions></trkpt><trkpt lat="29.890769524499774" lon="102.01970379799604"><ele>3929.800048828125</ele><time>2026-01-14T04:57:27Z</time><extensions><ns3:TrackPointExtension><ns3:hr>92</ns3:hr><ns3:cad>0</ns3:cad></ns3:TrackPointExtension></extensions></trkpt><trkpt lat="29.890769524499774" lon="102.01970379799604"><ele>3929.60009765625</ele><time>2026-01-14T04:57:30Z</time><extensions><ns3:TrackPointExtension><ns3:hr>79</ns3:hr><ns3:cad>0</ns3:cad></ns3:TrackPointExtension></extensions></trkpt><trkpt lat="29.890769524499774" lon="102.01970379799604"><ele>3929.39990234375</ele><time>2026-01-14T04:57:31Z</time><extensions><ns3:TrackPointExtension><ns3:hr>79</ns3:hr><ns3:cad>0</ns3:cad></ns3:TrackPointExtension></extensions></trkpt><trkpt lat="29.890769524499774" lon="102.01970379799604"><ele>3929.39990234375</ele><time>2026-01-14T04:57:32Z</time><extensions><ns3:TrackPointExtension><ns3:hr>79</ns3:hr><ns3:cad>0</ns3:cad></ns3:TrackPointExtension></extensions></trkpt><trkpt lat="29.890769524499774" lon="102.01970379799604"><ele>3929.39990234375</ele><time>2026-01-14T04:57:36Z</time><extensions><ns3:TrackPointExtension><ns3:hr>82</ns3:hr><ns3:cad>0</ns3:cad></ns3:TrackPointExtension></extensions></trkpt><trkpt lat="29.890769524499774" lon="102.01970379799604"><ele>3929.39990234375</ele><time>2026-01-14T04:57:43Z</time><extensions><ns3:TrackPointExtension><ns3:hr>86</ns3:hr><ns3:cad>0</ns3:cad></ns3:TrackPointExtension></extensions></trkpt><trkpt lat="29.890769524499774" lon="102.01970379799604"><ele>3929.199951171875</ele><time>2026-01-14T04:57:49Z</time><extensions><ns3:TrackPointExtension><ns3:hr>87</ns3:hr><ns3:cad>0</ns3:cad></ns3:TrackPointExtension></extensions></trkpt><trkpt lat="29.890772625803947" lon="102.01968594454229"><ele>3929.39990234375</ele><time>2026-01-14T04:58:01Z</time><extensions><ns3:TrackPointExtension><ns3:cad>0</ns3:cad></ns3:TrackPointExtension></extensions></trkpt><trkpt lat="29.89077078178525" lon="102.01968443579972"><ele>3929.39990234375</ele><time>2026-01-14T04:58:05Z</time><extensions><ns3:TrackPointExtension><ns3:hr>80</ns3:hr><ns3:cad>0</ns3:cad></ns3:TrackPointExtension></extensions></trkpt><trkpt lat="29.890772541984916" lon="102.0196817535907"><ele>3929.39990234375</ele><time>2026-01-14T04:58:06Z</time><extensions><ns3:TrackPointExtension><ns3:hr>80</ns3:hr><ns3:cad>0</ns3:cad></ns3:TrackPointExtension></extensions></trkpt><trkpt lat="29.89076843485236" lon="102.01968795619905"><ele>3929.39990234375</ele><time>2026-01-14T04:58:09Z</time><extensions><ns3:TrackPointExtension><ns3:hr>81</ns3:hr><ns3:cad>0</ns3:cad></ns3:TrackPointExtension></extensions></trkpt><trkpt lat="29.890769943594933" lon="102.01968753710389"><ele>3929.60009765625</ele><time>2026-01-14T04:58:19Z</time><extensions><ns3:TrackPointExtension><ns3:cad>0</ns3:cad></ns3:TrackPointExtension></extensions></trkpt><trkpt lat="29.89076449535787" lon="102.019695751369"><ele>3929.39990234375</ele><time>2026-01-14T04:58:33Z</time><extensions><ns3:TrackPointExtension><ns3:hr>82</ns3:hr><ns3:cad>0</ns3:cad></ns3:TrackPointExtension></extensions></trkpt><trkpt lat="29.890763154253364" lon="102.01970388181508"><ele>3929.800048828125</ele><time>2026-01-14T04:58:44Z</time><extensions><ns3:TrackPointExtension><ns3:cad>0</ns3:cad></ns3:TrackPointExtension></extensions></trkpt><trkpt lat="29.89080053754151" lon="102.01971285045147"><ele>3930.199951171875</ele><time>2026-01-14T04:58:49Z</time><extensions><ns3:TrackPointExtension><ns3:cad>0</ns3:cad></ns3:TrackPointExtension></extensions></trkpt><trkpt lat="29.89082987420261" lon="102.01972056180239"><ele>3930.800048828125</ele><time>2026-01-14T04:58:53Z</time><extensions><ns3:TrackPointExtension><ns3:cad>52</ns3:cad></ns3:TrackPointExtension></extensions></trkpt><trkpt lat="29.890835406258702" lon="102.01971754431725"><ele>3930.800048828125</ele><time>2026-01-14T04:58:54Z</time><extensions><ns3:TrackPointExtension><ns3:hr>74</ns3:hr><ns3:cad>53</ns3:cad></ns3:TrackPointExtension></extensions></trkpt><trkpt lat="29.890845380723476" lon="102.01971729286015"><ele>3931</ele><time>2026-01-14T04:58:55Z</time><extensions><ns3:TrackPointExtension><ns3:hr>74</ns3:hr><ns3:cad>53</ns3:cad></ns3:TrackPointExtension></extensions></trkpt><trkpt lat="29.89085426554084" lon="102.01972106471658"><ele>3931.199951171875</ele><time>2026-01-14T04:58:56Z</time><extensions><ns3:TrackPointExtension><ns3:hr>73</ns3:hr><ns3:cad>53</ns3:cad></ns3:TrackPointExtension></extensions></trkpt><trkpt lat="29.890897935256362" lon="102.01974453404546"><ele>3931.800048828125</ele><time>2026-01-14T04:59:01Z</time><extensions><ns3:TrackPointExtension><ns3:hr>76</ns3:hr><ns3:cad>48</ns3:cad></ns3:TrackPointExtension></extensions></trkpt><trkpt lat="29.89091780036688" lon="102.01974973082542"><ele>3932.199951171875</ele><time>2026-01-14T04:59:04Z</time><extensions><ns3:TrackPointExtension><ns3:cad>52</ns3:cad></ns3:TrackPointExtension></extensions></trkpt><trkpt lat="29.89094914868474" lon="102.01975618489087"><ele>3932.800048828125</ele><time>2026-01-14T04:59:08Z</time><extensions><ns3:TrackPointExtension><ns3:cad>47</ns3:cad></ns3:TrackPointExtension></extensions></trkpt><trkpt lat="29.89098141901195" lon="102.0197597052902"><ele>3933.199951171875</ele><time>2026-01-14T04:59:12Z</time><extensions><ns3:TrackPointExtension><ns3:hr>75</ns3:hr><ns3:cad>48</ns3:cad></ns3:TrackPointExtension></extensions></trkpt><trkpt lat="29.891044534742832" lon="102.01976465061307"><ele>3934</ele><time>2026-01-14T04:59:19Z</time><extensions><ns3:TrackPointExtension><ns3:hr>77</ns3:hr><ns3:cad>0</ns3:cad></ns3:TrackPointExtension></extensions></trkpt><trkpt lat="29.89105082117021" lon="102.0197732001543"><ele>3934</ele><time>2026-01-14T04:59:20Z</time><extensions><ns3:TrackPointExtension><ns3:hr>78</ns3:hr><ns3:cad>0</ns3:cad></ns3:TrackPointExtension></extensions></trkpt><trkpt lat="29.891071692109108" lon="102.0197906345129"><ele>3934.39990234375</ele><time>2026-01-14T04:59:23Z</time><extensions><ns3:TrackPointExtension><ns3:hr>81</ns3:hr><ns3:cad>48</ns3:cad></ns3:TrackPointExtension></extensions></trkpt><trkpt lat="29.891069596633315" lon="102.01978912577033"><ele>3934.800048828125</ele><time>2026-01-14T04:59:26Z</time><extensions><ns3:TrackPointExtension><ns3:hr>84</ns3:hr><ns3:cad>0</ns3:cad></ns3:TrackPointExtension></extensions></trkpt><trkpt lat="29.891069596633315" lon="102.01978912577033"><ele>3934.800048828125</ele><time>2026-01-14T04:59:27Z</time><extensions><ns3:TrackPointExtension><ns3:hr>87</ns3:hr><ns3:cad>0</ns3:cad></ns3:TrackPointExtension></extensions></trkpt><trkpt lat="29.891069596633315" lon="102.01978912577033"><ele>3934.800048828125</ele><time>2026-01-14T04:59:28Z</time><extensions><ns3:TrackPointExtension><ns3:hr>90</ns3:hr><ns3:cad>0</ns3:cad></ns3:TrackPointExtension></extensions></trkpt><trkpt lat="29.891069596633315" lon="102.01978912577033"><ele>3935</ele><time>2026-01-14T04:59:29Z</time><extensions><ns3:TrackPointExtension><ns3:hr>90</ns3:hr><ns3:cad>0</ns3:cad></ns3:TrackPointExtension></extensions></trkpt><trkpt lat="29.891091138124466" lon="102.01980354264379"><ele>3935</ele><time>2026-01-14T04:59:35Z</time><extensions><ns3:TrackPointExtension><ns3:hr>92</ns3:hr><ns3:cad>0</ns3:cad></ns3:TrackPointExtension></extensions></trkpt><trkpt lat="29.891119301319122" lon="102.01980949379504"><ele>3935</ele><time>2026-01-14T04:59:42Z</time><extensions><ns3:TrackPointExtension><ns3:hr>92</ns3:hr><ns3:cad>48</ns3:cad></ns3:TrackPointExtension></extensions></trkpt><trkpt lat="29.89113782532513" lon="102.01981485821307"><ele>3935.39990234375</ele><time>2026-01-14T04:59:45Z</time><extensions><ns3:TrackPointExtension><ns3:hr>78</ns3:hr><ns3:cad>0</ns3:cad></ns3:TrackPointExtension></extensions></trkpt><trkpt lat="29.891141848638654" lon="102.01981896534562"><ele>3935.60009765625</ele><time>2026-01-14T04:59:46Z</time><extensions><ns3:TrackPointExtension><ns3:hr>78</ns3:hr><ns3:cad>0</ns3:cad></ns3:TrackPointExtension></extensions></trkpt><trkpt lat="29.89113723859191" lon="102.0198181271553"><ele>3935.60009765625</ele><time>2026-01-14T04:59:49Z</time><extensions><ns3:TrackPointExtension><ns3:hr>79</ns3:hr><ns3:cad>0</ns3:cad></ns3:TrackPointExtension></extensions></trkpt><trkpt lat="29.89113329909742" lon="102.01981946825981"><ele>3935.60009765625</ele><time>2026-01-14T04:59:53Z</time><extensions><ns3:TrackPointExtension><ns3:hr>82</ns3:hr><ns3:cad>0</ns3:cad></ns3:TrackPointExtension></extensions></trkpt><trkpt lat="29.891146207228303" lon="102.01981301419437"><ele>3935.60009765625</ele><time>2026-01-14T04:59:56Z</time><extensions><ns3:TrackPointExtension><ns3:hr>85</ns3:hr><ns3:cad>0</ns3:cad></ns3:TrackPointExtension></extensions></trkpt><trkpt lat="29.891164731234312" lon="102.01981083489954"><ele>3935.800048828125</ele><time>2026-01-14T04:59:58Z</time><extensions><ns3:TrackPointExtension><ns3:cad>0</ns3:cad></ns3:TrackPointExtension></extensions></trkpt><trkpt lat="29.89116657525301" lon="102.01981276273727"><ele>3936</ele><time>2026-01-14T04:59:59Z</time><extensions><ns3:TrackPointExtension><ns3:cad>0</ns3:cad></ns3:TrackPointExtension></extensions></trkpt><trkpt lat="29.891182333230972" lon="102.01980572193861"><ele>3936.60009765625</ele><time>2026-01-14T05:00:04Z</time><extensions><ns3:TrackPointExtension><ns3:cad>0</ns3:cad></ns3:TrackPointExtension></extensions></trkpt><trkpt lat="29.891212759539485" lon="102.01977948658168"><ele>3936.60009765625</ele><time>2026-01-14T05:00:09Z</time><extensions><ns3:TrackPointExtension><ns3:hr>78</ns3:hr><ns3:cad>47</ns3:cad></ns3:TrackPointExtension></extensions></trkpt><trkpt lat="29.891221644356847" lon="102.01977613382041"><ele>3936.60009765625</ele><time>2026-01-14T05:00:10Z</time><extensions><ns3:TrackPointExtension><ns3:hr>78</ns3:hr><ns3:cad>47</ns3:cad></ns3:TrackPointExtension></extensions></trkpt><trkpt lat="29.891231702640653" lon="102.01978233642876"><ele>3936.800048828125</ele><time>2026-01-14T05:00:12Z</time><extensions><ns3:TrackPointExtension><ns3:hr>78</ns3:hr><ns3:cad>47</ns3:cad></ns3:TrackPointExtension></extensions></trkpt><trkpt lat="29.891231451183558" lon="102.01978602446616"><ele>3937.199951171875</ele><time>2026-01-14T05:00:15Z</time><extensions><ns3:TrackPointExtension><ns3:cad>0</ns3:cad></ns3:TrackPointExtension></extensions></trkpt><trkpt lat="29.891225500032306" lon="102.01979055069387"><ele>3937.39990234375</ele><time>2026-01-14T05:00:19Z</time><extensions><ns3:TrackPointExtension><ns3:hr>80</ns3:hr><ns3:cad>0</ns3:cad></ns3:TrackPointExtension></extensions></trkpt><trkpt lat="29.891268415376544" lon="102.01979876495898"><ele>3937</ele><time>2026-01-14T05:00:26Z</time><extensions><ns3:TrackPointExtension><ns3:hr>80</ns3:hr><ns3:cad>0</ns3:cad></ns3:TrackPointExtension></extensions></trkpt><trkpt lat="29.89131409674883" lon="102.01983807608485"><ele>3938</ele><time>2026-01-14T05:00:33Z</time><extensions><ns3:TrackPointExtension><ns3:hr>82</ns3:hr><ns3:cad>49</ns3:cad></ns3:TrackPointExtension></extensions></trkpt><trkpt lat="29.891336476430297" lon="102.01985559426248"><ele>3938.199951171875</ele><time>2026-01-14T05:00:37Z</time><extensions><ns3:TrackPointExtension><ns3:hr>81</ns3:hr><ns3:cad>43</ns3:cad></ns3:TrackPointExtension></extensions></trkpt><trkpt lat="29.891357012093067" lon="102.01987537555397"><ele>3938.60009765625</ele><time>2026-01-14T05:00:40Z</time><extensions><ns3:TrackPointExtension><ns3:hr>82</ns3:hr><ns3:cad>43</ns3:cad></ns3:TrackPointExtension></extensions></trkpt><trkpt lat="29.89135609008372" lon="102.01989088207483"><ele>3938.60009765625</ele><time>2026-01-14T05:00:47Z</time><extensions><ns3:TrackPointExtension><ns3:cad>0</ns3:cad></ns3:TrackPointExtension></extensions></trkpt><trkpt lat="29.891347708180547" lon="102.0198841765523"><ele>3938.800048828125</ele><time>2026-01-14T05:00:56Z</time><extensions><ns3:TrackPointExtension><ns3:cad>0</ns3:cad></ns3:TrackPointExtension></extensions></trkpt><trkpt lat="29.891349636018276" lon="102.01988677494228"><ele>3938.800048828125</ele><time>2026-01-14T05:00:58Z</time><extensions><ns3:TrackPointExtension><ns3:hr>77</ns3:hr><ns3:cad>0</ns3:cad></ns3:TrackPointExtension></extensions></trkpt><trkpt lat="29.891352904960513" lon="102.01988819986582"><ele>3938.800048828125</ele><time>2026-01-14T05:00:59Z</time><extensions><ns3:TrackPointExtension><ns3:hr>77</ns3:hr><ns3:cad>0</ns3:cad></ns3:TrackPointExtension></extensions></trkpt><trkpt lat="29.891372183337808" lon="102.01990144327283"><ele>3939</ele><time>2026-01-14T05:01:02Z</time><extensions><ns3:TrackPointExtension><ns3:hr>80</ns3:hr><ns3:cad>0</ns3:cad></ns3:TrackPointExtension></extensions></trkpt><trkpt lat="29.89138752222061" lon="102.01991309411824"><ele>3939</ele><time>2026-01-14T05:01:04Z</time><extensions><ns3:TrackPointExtension><ns3:hr>80</ns3:hr><ns3:cad>0</ns3:cad></ns3:TrackPointExtension></extensions></trkpt><trkpt lat="29.891409147530794" lon="102.01992868445814"><ele>3939.199951171875</ele><time>2026-01-14T05:01:07Z</time><extensions><ns3:TrackPointExtension><ns3:hr>80</ns3:hr><ns3:cad>40</ns3:cad></ns3:TrackPointExtension></extensions></trkpt><trkpt lat="29.891441501677036" lon="102.01994025148451"><ele>3940</ele><time>2026-01-14T05:01:12Z</time><extensions><ns3:TrackPointExtension><ns3:cad>79</ns3:cad></ns3:TrackPointExtension></extensions></trkpt><trkpt lat="29.89144611172378" lon="102.01994771137834"><ele>3940</ele><time>2026-01-14T05:01:13Z</time><extensions><ns3:TrackPointExtension><ns3:cad>79</ns3:cad></ns3:TrackPointExtension></extensions></trkpt><trkpt lat="29.891452230513096" lon="102.01996229588985"><ele>3940.39990234375</ele><time>2026-01-14T05:01:15Z</time><extensions><ns3:TrackPointExtension><ns3:cad>79</ns3:cad></ns3:TrackPointExtension></extensions></trkpt><trkpt lat="29.891460612416267" lon="102.01998551376164"><ele>3941</ele><time>2026-01-14T05:01:20Z</time><extensions><ns3:TrackPointExtension><ns3:cad>0</ns3:cad></ns3:TrackPointExtension></extensions></trkpt><trkpt lat="29.891488440334797" lon="102.0199859328568"><ele>3941.39990234375</ele><time>2026-01-14T05:01:28Z</time><extensions><ns3:TrackPointExtension><ns3:cad>43</ns3:cad></ns3:TrackPointExtension></extensions></trkpt><trkpt lat="29.89149246364832" lon="102.01998459175229"><ele>3941.39990234375</ele><time>2026-01-14T05:01:29Z</time><extensions><ns3:TrackPointExtension><ns3:cad>43</ns3:cad></ns3:TrackPointExtension></extensions></trkpt><trkpt lat="29.891495229676366" lon="102.01997336000204"><ele>3941.800048828125</ele><time>2026-01-14T05:01:32Z</time><extensions><ns3:TrackPointExtension><ns3:hr>81</ns3:hr><ns3:cad>0</ns3:cad></ns3:TrackPointExtension></extensions></trkpt><trkpt lat="29.891507970169187" lon="102.01998291537166"><ele>3941.800048828125</ele><time>2026-01-14T05:01:36Z</time><extensions><ns3:TrackPointExtension><ns3:hr>81</ns3:hr><ns3:cad>64</ns3:cad></ns3:TrackPointExtension></extensions></trkpt><trkpt lat="29.891519285738468" lon="102.02000353485346"><ele>3941.800048828125</ele><time>2026-01-14T05:01:38Z</time><extensions><ns3:TrackPointExtension><ns3:hr>84</ns3:hr><ns3:cad>0</ns3:cad></ns3:TrackPointExtension></extensions></trkpt><trkpt lat="29.891537306830287" lon="102.02004100196064"><ele>3942.199951171875</ele><time>2026-01-14T05:01:42Z</time><extensions><ns3:TrackPointExtension><ns3:hr>81</ns3:hr><ns3:cad>0</ns3:cad></ns3:TrackPointExtension></extensions></trkpt><trkpt lat="29.891538145020604" lon="102.0200517307967"><ele>3942.199951171875</ele><time>2026-01-14T05:01:44Z</time><extensions><ns3:TrackPointExtension><ns3:hr>81</ns3:hr><ns3:cad>0</ns3:cad></ns3:TrackPointExtension></extensions></trkpt><trkpt lat="29.891538145020604" lon="102.02005768194795"><ele>3942.39990234375</ele><time>2026-01-14T05:01:48Z</time><extensions><ns3:TrackPointExtension><ns3:hr>81</ns3:hr><ns3:cad>0</ns3:cad></ns3:TrackPointExtension></extensions></trkpt><trkpt lat="29.89154778420925" lon="102.02006598003209"><ele>3942.39990234375</ele><time>2026-01-14T05:01:51Z</time><extensions><ns3:TrackPointExtension><ns3:hr>81</ns3:hr><ns3:cad>0</ns3:cad></ns3:TrackPointExtension></extensions></trkpt><trkpt lat="29.891569912433624" lon="102.02009389176965"><ele>3942.800048828125</ele><time>2026-01-14T05:01:57Z</time><extensions><ns3:TrackPointExtension><ns3:hr>81</ns3:hr><ns3:cad>48</ns3:cad></ns3:TrackPointExtension></extensions></trkpt><trkpt lat="29.891578126698732" lon="102.02011073939502"><ele>3943.199951171875</ele><time>2026-01-14T05:02:02Z</time><extensions><ns3:TrackPointExtension><ns3:hr>87</ns3:hr><ns3:cad>0</ns3:cad></ns3:TrackPointExtension></extensions></trkpt><trkpt lat="29.891583994030952" lon="102.02011392451823"><ele>3943.39990234375</ele><time>2026-01-14T05:02:03Z</time><extensions><ns3:TrackPointExtension><ns3:hr>87</ns3:hr><ns3:cad>0</ns3:cad></ns3:TrackPointExtension></extensions></trkpt><trkpt lat="29.891589945182204" lon="102.02011752873659"><ele>3943.39990234375</ele><time>2026-01-14T05:02:04Z</time><extensions><ns3:TrackPointExtension><ns3:hr>87</ns3:hr><ns3:cad>0</ns3:cad></ns3:TrackPointExtension></extensions></trkpt><trkpt lat="29.891599165275693" lon="102.0201254915446"><ele>3943.60009765625</ele><time>2026-01-14T05:02:06Z</time><extensions><ns3:TrackPointExtension><ns3:hr>89</ns3:hr><ns3:cad>41</ns3:cad></ns3:TrackPointExtension></extensions></trkpt><trkpt lat="29.89161802455783" lon="102.02013974078"><ele>3944.199951171875</ele><time>2026-01-14T05:02:11Z</time><extensions><ns3:TrackPointExtension><ns3:hr>92</ns3:hr><ns3:cad>0</ns3:cad></ns3:TrackPointExtension></extensions></trkpt><trkpt lat="29.891615342348814" lon="102.02013529837132"><ele>3944.60009765625</ele><time>2026-01-14T05:02:14Z</time><extensions><ns3:TrackPointExtension><ns3:cad>0</ns3:cad></ns3:TrackPointExtension></extensions></trkpt><trkpt lat="29.891635542735457" lon="102.02012859284878"><ele>3944.800048828125</ele><time>2026-01-14T05:02:22Z</time><extensions><ns3:TrackPointExtension><ns3:hr>94</ns3:hr><ns3:cad>0</ns3:cad></ns3:TrackPointExtension></extensions></trkpt><trkpt lat="29.89163814112544" lon="102.02010889537632"><ele>3944.39990234375</ele><time>2026-01-14T05:02:32Z</time><extensions><ns3:TrackPointExtension><ns3:cad>0</ns3:cad></ns3:TrackPointExtension></extensions></trkpt><trkpt lat="29.891642751172185" lon="102.02012775465846"><ele>3944.60009765625</ele><time>2026-01-14T05:02:42Z</time><extensions><ns3:TrackPointExtension><ns3:hr>77</ns3:hr><ns3:cad>0</ns3:cad></ns3:TrackPointExtension></extensions></trkpt><trkpt lat="29.89164400845766" lon="102.02012859284878"><ele>3944.60009765625</ele><time>2026-01-14T05:02:43Z</time><extensions><ns3:TrackPointExtension><ns3:hr>77</ns3:hr><ns3:cad>0</ns3:cad></ns3:TrackPointExtension></extensions></trkpt><trkpt lat="29.891640907153487" lon="102.02013278380036"><ele>3944.60009765625</ele><time>2026-01-14T05:02:49Z</time><extensions><ns3:TrackPointExtension><ns3:hr>91</ns3:hr><ns3:cad>0</ns3:cad></ns3:TrackPointExtension></extensions></trkpt><trkpt lat="29.891640739515424" lon="102.02013127505779"><ele>3944.39990234375</ele><time>2026-01-14T05:02:50Z</time><extensions><ns3:TrackPointExtension><ns3:hr>91</ns3:hr><ns3:cad>0</ns3:cad></ns3:TrackPointExtension></extensions></trkpt><trkpt lat="29.891634788364172" lon="102.02013152651489"><ele>3944.39990234375</ele><time>2026-01-14T05:02:51Z</time><extensions><ns3:TrackPointExtension><ns3:hr>91</ns3:hr><ns3:cad>0</ns3:cad></ns3:TrackPointExtension></extensions></trkpt><trkpt lat="29.891643086448312" lon="102.02012088149786"><ele>3944.39990234375</ele><time>2026-01-14T05:02:59Z</time><extensions><ns3:TrackPointExtension><ns3:hr>92</ns3:hr><ns3:cad>0</ns3:cad></ns3:TrackPointExtension></extensions></trkpt><trkpt lat="29.8916678968817" lon="102.02015910297632"><ele>3945.39990234375</ele><time>2026-01-14T05:03:06Z</time><extensions><ns3:TrackPointExtension><ns3:hr>91</ns3:hr><ns3:cad>0</ns3:cad></ns3:TrackPointExtension></extensions></trkpt><trkpt lat="29.89166890271008" lon="102.02016597613692"><ele>3945.60009765625</ele><time>2026-01-14T05:03:08Z</time><extensions><ns3:TrackPointExtension><ns3:hr>90</ns3:hr><ns3:cad>0</ns3:cad></ns3:TrackPointExtension></extensions></trkpt><trkpt lat="29.891678877174854" lon="102.02018718235195"><ele>3946</ele><time>2026-01-14T05:03:12Z</time><extensions><ns3:TrackPointExtension><ns3:hr>89</ns3:hr><ns3:cad>0</ns3:cad></ns3:TrackPointExtension></extensions></trkpt><trkpt lat="29.891700334846973" lon="102.02021987177432"><ele>3946.60009765625</ele><time>2026-01-14T05:03:16Z</time><extensions><ns3:TrackPointExtension><ns3:hr>92</ns3:hr><ns3:cad>0</ns3:cad></ns3:TrackPointExtension></extensions></trkpt><trkpt lat="29.89170997403562" lon="102.02023571357131"><ele>3947</ele><time>2026-01-14T05:03:18Z</time><extensions><ns3:TrackPointExtension><ns3:hr>95</ns3:hr><ns3:cad>71</ns3:cad></ns3:TrackPointExtension></extensions></trkpt><trkpt lat="29.89172221161425" lon="102.02025591395795"><ele>3947.39990234375</ele><time>2026-01-14T05:03:21Z</time><extensions><ns3:TrackPointExtension><ns3:hr>98</ns3:hr><ns3:cad>0</ns3:cad></ns3:TrackPointExtension></extensions></trkpt><trkpt lat="29.8917300067842" lon="102.02025884762406"><ele>3947.60009765625</ele><time>2026-01-14T05:03:23Z</time><extensions><ns3:TrackPointExtension><ns3:hr>100</ns3:hr><ns3:cad>0</ns3:cad></ns3:TrackPointExtension></extensions></trkpt><trkpt lat="29.891751380637288" lon="102.02027779072523"><ele>3948</ele><time>2026-01-14T05:03:27Z</time><extensions><ns3:TrackPointExtension><ns3:hr>103</ns3:hr><ns3:cad>0</ns3:cad></ns3:TrackPointExtension></extensions></trkpt><trkpt lat="29.891758169978857" lon="102.0202811434865"><ele>3948</ele><time>2026-01-14T05:03:28Z</time><extensions><ns3:TrackPointExtension><ns3:hr>105</ns3:hr><ns3:cad>0</ns3:cad></ns3:TrackPointExtension></extensions></trkpt><trkpt lat="29.89175397902727" lon="102.02027703635395"><ele>3948.39990234375</ele><time>2026-01-14T05:03:31Z</time><extensions><ns3:TrackPointExtension><ns3:hr>108</ns3:hr><ns3:cad>0</ns3:cad></ns3:TrackPointExtension></extensions></trkpt><trkpt lat="29.891756074503064" lon="102.02027963474393"><ele>3948.39990234375</ele><time>2026-01-14T05:03:35Z</time><extensions><ns3:TrackPointExtension><ns3:hr>107</ns3:hr><ns3:cad>0</ns3:cad></ns3:TrackPointExtension></extensions></trkpt><trkpt lat="29.891794379800558" lon="102.0203017629683"><ele>3948.800048828125</ele><time>2026-01-14T05:03:42Z</time><extensions><ns3:TrackPointExtension><ns3:hr>105</ns3:hr><ns3:cad>0</ns3:cad></ns3:TrackPointExtension></extensions></trkpt><trkpt lat="29.89180577918887" lon="102.02032481320202"><ele>3949.800048828125</ele><time>2026-01-14T05:03:47Z</time><extensions><ns3:TrackPointExtension><ns3:hr>103</ns3:hr><ns3:cad>0</ns3:cad></ns3:TrackPointExtension></extensions></trkpt><trkpt lat="29.891827320680022" lon="102.02035004273057"><ele>3950.60009765625</ele><time>2026-01-14T05:03:52Z</time><extensions><ns3:TrackPointExtension><ns3:hr>105</ns3:hr><ns3:cad>0</ns3:cad></ns3:TrackPointExtension></extensions></trkpt><trkpt lat="29.89183997735381" lon="102.02035758644342"><ele>3951</ele><time>2026-01-14T05:03:54Z</time><extensions><ns3:TrackPointExtension><ns3:hr>106</ns3:hr><ns3:cad>0</ns3:cad></ns3:TrackPointExtension></extensions></trkpt><trkpt lat="29.891863027587533" lon="102.02038759365678"><ele>3951.800048828125</ele><time>2026-01-14T05:03:59Z</time><extensions><ns3:TrackPointExtension><ns3:hr>106</ns3:hr><ns3:cad>76</ns3:cad></ns3:TrackPointExtension></extensions></trkpt><trkpt lat="29.891871074214578" lon="102.02039488591254"><ele>3952</ele><time>2026-01-14T05:04:00Z</time><extensions><ns3:TrackPointExtension><ns3:hr>105</ns3:hr><ns3:cad>79</ns3:cad></ns3:TrackPointExtension></extensions></trkpt><trkpt lat="29.89188238978386" lon="102.02041315846145"><ele>3952.39990234375</ele><time>2026-01-14T05:04:03Z</time><extensions><ns3:TrackPointExtension><ns3:hr>102</ns3:hr><ns3:cad>76</ns3:cad></ns3:TrackPointExtension></extensions></trkpt><trkpt lat="29.891885407269" lon="102.02041500248015"><ele>3952.39990234375</ele><time>2026-01-14T05:04:04Z</time><extensions><ns3:TrackPointExtension><ns3:hr>101</ns3:hr><ns3:cad>77</ns3:cad></ns3:TrackPointExtension></extensions></trkpt><trkpt lat="29.891895717009902" lon="102.02042179182172"><ele>3952.60009765625</ele><time>2026-01-14T05:04:06Z</time><extensions><ns3:TrackPointExtension><ns3:hr>98</ns3:hr><ns3:cad>0</ns3:cad></ns3:TrackPointExtension></extensions></trkpt><trkpt lat="29.89190384745598" lon="102.02043193392456"><ele>3953</ele><time>2026-01-14T05:04:09Z</time><extensions><ns3:TrackPointExtension><ns3:hr>97</ns3:hr><ns3:cad>0</ns3:cad></ns3:TrackPointExtension></extensions></trkpt><trkpt lat="29.891912145540118" lon="102.02044098637998"><ele>3953.39990234375</ele><time>2026-01-14T05:04:11Z</time><extensions><ns3:TrackPointExtension><ns3:hr>97</ns3:hr><ns3:cad>0</ns3:cad></ns3:TrackPointExtension></extensions></trkpt><trkpt lat="29.89191373810172" lon="102.02044517733157"><ele>3954</ele><time>2026-01-14T05:04:18Z</time><extensions><ns3:TrackPointExtension><ns3:hr>96</ns3:hr><ns3:cad>0</ns3:cad></ns3:TrackPointExtension></extensions></trkpt><trkpt lat="29.891914324834943" lon="102.02044542878866"><ele>3954</ele><time>2026-01-14T05:04:28Z</time><extensions><ns3:TrackPointExtension><ns3:hr>99</ns3:hr><ns3:cad>0</ns3:cad></ns3:TrackPointExtension></extensions></trkpt><trkpt lat="29.891924047842622" lon="102.02046378515661"><ele>3954</ele><time>2026-01-14T05:04:34Z</time><extensions><ns3:TrackPointExtension><ns3:hr>100</ns3:hr><ns3:cad>0</ns3:cad></ns3:TrackPointExtension></extensions></trkpt><trkpt lat="29.891919940710068" lon="102.02046437188983"><ele>3954.199951171875</ele><time>2026-01-14T05:04:35Z</time><extensions><ns3:TrackPointExtension><ns3:hr>100</ns3:hr><ns3:cad>0</ns3:cad></ns3:TrackPointExtension></extensions></trkpt><trkpt lat="29.89192052744329" lon="102.02046462334692"><ele>3954.39990234375</ele><time>2026-01-14T05:04:39Z</time><extensions><ns3:TrackPointExtension><ns3:hr>104</ns3:hr><ns3:cad>0</ns3:cad></ns3:TrackPointExtension></extensions></trkpt><trkpt lat="29.8919234611094" lon="102.02046998776495"><ele>3954.39990234375</ele><time>2026-01-14T05:04:41Z</time><extensions><ns3:TrackPointExtension><ns3:hr>108</ns3:hr><ns3:cad>0</ns3:cad></ns3:TrackPointExtension></extensions></trkpt><trkpt lat="29.89192488603294" lon="102.02047174796462"><ele>3954.39990234375</ele><time>2026-01-14T05:04:44Z</time><extensions><ns3:TrackPointExtension><ns3:hr>110</ns3:hr><ns3:cad>0</ns3:cad></ns3:TrackPointExtension></extensions></trkpt><trkpt lat="29.891942404210567" lon="102.02049622312188"><ele>3954.800048828125</ele><time>2026-01-14T05:04:51Z</time><extensions><ns3:TrackPointExtension><ns3:hr>111</ns3:hr><ns3:cad>0</ns3:cad></ns3:TrackPointExtension></extensions></trkpt><trkpt lat="29.891941733658314" lon="102.0204915292561"><ele>3955</ele><time>2026-01-14T05:04:54Z</time><extensions><ns3:TrackPointExtension><ns3:hr>111</ns3:hr><ns3:cad>0</ns3:cad></ns3:TrackPointExtension></extensions></trkpt><trkpt lat="29.891937961801887" lon="102.02048792503774"><ele>3954.800048828125</ele><time>2026-01-14T05:04:57Z</time><extensions><ns3:TrackPointExtension><ns3:hr>110</ns3:hr><ns3:cad>0</ns3:cad></ns3:TrackPointExtension></extensions></trkpt><trkpt lat="29.891937458887696" lon="102.02049714513123"><ele>3954.60009765625</ele><time>2026-01-14T05:05:04Z</time><extensions><ns3:TrackPointExtension><ns3:cad>0</ns3:cad></ns3:TrackPointExtension></extensions></trkpt><trkpt lat="29.89193620160222" lon="102.02049689367414"><ele>3954.60009765625</ele><time>2026-01-14T05:05:08Z</time><extensions><ns3:TrackPointExtension><ns3:hr>103</ns3:hr><ns3:cad>0</ns3:cad></ns3:TrackPointExtension></extensions></trkpt><trkpt lat="29.89193620160222" lon="102.02049689367414"><ele>3954.60009765625</ele><time>2026-01-14T05:05:09Z</time><extensions><ns3:TrackPointExtension><ns3:hr>103</ns3:hr><ns3:cad>0</ns3:cad></ns3:TrackPointExtension></extensions></trkpt><trkpt lat="29.89193620160222" lon="102.02049689367414"><ele>3954.800048828125</ele><time>2026-01-14T05:05:15Z</time><extensions><ns3:TrackPointExtension><ns3:cad>0</ns3:cad></ns3:TrackPointExtension></extensions></trkpt><trkpt lat="29.89193620160222" lon="102.02049689367414"><ele>3954.800048828125</ele><time>2026-01-14T05:05:24Z</time><extensions><ns3:TrackPointExtension><ns3:cad>0</ns3:cad></ns3:TrackPointExtension></extensions></trkpt><trkpt lat="29.89193620160222" lon="102.02049689367414"><ele>3954.800048828125</ele><time>2026-01-14T05:05:33Z</time><extensions><ns3:TrackPointExtension><ns3:hr>92</ns3:hr><ns3:cad>0</ns3:cad></ns3:TrackPointExtension></extensions></trkpt><trkpt lat="29.89193620160222" lon="102.02049689367414"><ele>3954.800048828125</ele><time>2026-01-14T05:05:38Z</time><extensions><ns3:TrackPointExtension><ns3:cad>0</ns3:cad></ns3:TrackPointExtension></extensions></trkpt><trkpt lat="29.89193620160222" lon="102.02049689367414"><ele>3955</ele><time>2026-01-14T05:05:48Z</time><extensions><ns3:TrackPointExtension><ns3:hr>92</ns3:hr><ns3:cad>0</ns3:cad></ns3:TrackPointExtension></extensions></trkpt><trkpt lat="29.891936033964157" lon="102.02049270272255"><ele>3954.60009765625</ele><time>2026-01-14T05:05:54Z</time><extensions><ns3:TrackPointExtension><ns3:hr>92</ns3:hr><ns3:cad>0</ns3:cad></ns3:TrackPointExtension></extensions></trkpt><trkpt lat="29.891922622919083" lon="102.02047929167747"><ele>3955</ele><time>2026-01-14T05:06:02Z</time><extensions><ns3:TrackPointExtension><ns3:cad>0</ns3:cad></ns3:TrackPointExtension></extensions></trkpt><trkpt lat="29.89192538894713" lon="102.02047979459167"><ele>3954.39990234375</ele><time>2026-01-14T05:06:14Z</time><extensions><ns3:TrackPointExtension><ns3:cad>0</ns3:cad></ns3:TrackPointExtension></extensions></trkpt><trkpt lat="29.89192538894713" lon="102.02047979459167"><ele>3954.60009765625</ele><time>2026-01-14T05:06:29Z</time><extensions><ns3:TrackPointExtension><ns3:hr>92</ns3:hr><ns3:cad>0</ns3:cad></ns3:TrackPointExtension></extensions></trkpt><trkpt lat="29.89192740060389" lon="102.02047568745911"><ele>3954</ele><time>2026-01-14T05:06:33Z</time><extensions><ns3:TrackPointExtension><ns3:cad>0</ns3:cad></ns3:TrackPointExtension></extensions></trkpt><trkpt lat="29.89192538894713" lon="102.02047979459167"><ele>3954.60009765625</ele><time>2026-01-14T05:06:38Z</time><extensions><ns3:TrackPointExtension><ns3:cad>0</ns3:cad></ns3:TrackPointExtension></extensions></trkpt><trkpt lat="29.89192538894713" lon="102.02047979459167"><ele>3954.39990234375</ele><time>2026-01-14T05:06:45Z</time><extensions><ns3:TrackPointExtension><ns3:cad>0</ns3:cad></ns3:TrackPointExtension></extensions></trkpt><trkpt lat="29.891928154975176" lon="102.02049027197063"><ele>3954.60009765625</ele><time>2026-01-14T05:06:58Z</time><extensions><ns3:TrackPointExtension><ns3:hr>92</ns3:hr><ns3:cad>0</ns3:cad></ns3:TrackPointExtension></extensions></trkpt><trkpt lat="29.891933603212237" lon="102.020483314991"><ele>3954.39990234375</ele><time>2026-01-14T05:07:09Z</time><extensions><ns3:TrackPointExtension><ns3:cad>0</ns3:cad></ns3:TrackPointExtension></extensions></trkpt><trkpt lat="29.891936369240284" lon="102.02048012986779"><ele>3954.39990234375</ele><time>2026-01-14T05:07:20Z</time><extensions><ns3:TrackPointExtension><ns3:hr>93</ns3:hr><ns3:cad>0</ns3:cad></ns3:TrackPointExtension></extensions></trkpt><trkpt lat="29.89192538894713" lon="102.02047979459167"><ele>3954.60009765625</ele><time>2026-01-14T05:07:30Z</time><extensions><ns3:TrackPointExtension><ns3:cad>0</ns3:cad></ns3:TrackPointExtension></extensions></trkpt><trkpt lat="29.891931507736444" lon="102.02047317288816"><ele>3954.800048828125</ele><time>2026-01-14T05:07:36Z</time><extensions><ns3:TrackPointExtension><ns3:hr>90</ns3:hr><ns3:cad>0</ns3:cad></ns3:TrackPointExtension></extensions></trkpt><trkpt lat="29.891935950145125" lon="102.0204743463546"><ele>3954.39990234375</ele><time>2026-01-14T05:07:38Z</time><extensions><ns3:TrackPointExtension><ns3:cad>0</ns3:cad></ns3:TrackPointExtension></extensions></trkpt><trkpt lat="29.89193184301257" lon="102.02045867219567"><ele>3954.60009765625</ele><time>2026-01-14T05:07:50Z</time><extensions><ns3:TrackPointExtension><ns3:hr>86</ns3:hr><ns3:cad>0</ns3:cad></ns3:TrackPointExtension></extensions></trkpt><trkpt lat="29.89193469285965" lon="102.02045959420502"><ele>3954.60009765625</ele><time>2026-01-14T05:07:51Z</time><extensions><ns3:TrackPointExtension><ns3:hr>86</ns3:hr><ns3:cad>0</ns3:cad></ns3:TrackPointExtension></extensions></trkpt><trkpt lat="29.891936955973506" lon="102.02047702856362"><ele>3954.800048828125</ele><time>2026-01-14T05:07:57Z</time><extensions><ns3:TrackPointExtension><ns3:hr>89</ns3:hr><ns3:cad>0</ns3:cad></ns3:TrackPointExtension></extensions></trkpt><trkpt lat="29.89192538894713" lon="102.02047979459167"><ele>3954.60009765625</ele><time>2026-01-14T05:08:04Z</time><extensions><ns3:TrackPointExtension><ns3:hr>89</ns3:hr><ns3:cad>0</ns3:cad></ns3:TrackPointExtension></extensions></trkpt><trkpt lat="29.89192538894713" lon="102.02047979459167"><ele>3954.60009765625</ele><time>2026-01-14T05:08:09Z</time><extensions><ns3:TrackPointExtension><ns3:hr>94</ns3:hr><ns3:cad>0</ns3:cad></ns3:TrackPointExtension></extensions></trkpt><trkpt lat="29.89192538894713" lon="102.02047979459167"><ele>3954.60009765625</ele><time>2026-01-14T05:08:10Z</time><extensions><ns3:TrackPointExtension><ns3:hr>100</ns3:hr><ns3:cad>0</ns3:cad></ns3:TrackPointExtension></extensions></trkpt><trkpt lat="29.89192538894713" lon="102.02047979459167"><ele>3954.60009765625</ele><time>2026-01-14T05:08:13Z</time><extensions><ns3:TrackPointExtension><ns3:hr>103</ns3:hr><ns3:cad>0</ns3:cad></ns3:TrackPointExtension></extensions></trkpt><trkpt lat="29.89192538894713" lon="102.02047979459167"><ele>3954.60009765625</ele><time>2026-01-14T05:08:20Z</time><extensions><ns3:TrackPointExtension><ns3:hr>100</ns3:hr><ns3:cad>0</ns3:cad></ns3:TrackPointExtension></extensions></trkpt><trkpt lat="29.89192538894713" lon="102.02047979459167"><ele>3954.60009765625</ele><time>2026-01-14T05:08:23Z</time><extensions><ns3:TrackPointExtension><ns3:cad>0</ns3:cad></ns3:TrackPointExtension></extensions></trkpt><trkpt lat="29.891920862719417" lon="102.02049639075994"><ele>3954.800048828125</ele><time>2026-01-14T05:08:33Z</time><extensions><ns3:TrackPointExtension><ns3:hr>94</ns3:hr><ns3:cad>0</ns3:cad></ns3:TrackPointExtension></extensions></trkpt><trkpt lat="29.89192010834813" lon="102.02050083316863"><ele>3955</ele><time>2026-01-14T05:08:34Z</time><extensions><ns3:TrackPointExtension><ns3:hr>94</ns3:hr><ns3:cad>0</ns3:cad></ns3:TrackPointExtension></extensions></trkpt><trkpt lat="29.891919689252973" lon="102.02049940824509"><ele>3954.800048828125</ele><time>2026-01-14T05:08:36Z</time><extensions><ns3:TrackPointExtension><ns3:hr>94</ns3:hr><ns3:cad>0</ns3:cad></ns3:TrackPointExtension></extensions></trkpt><trkpt lat="29.891922371461987" lon="102.02048951759934"><ele>3954.800048828125</ele><time>2026-01-14T05:08:40Z</time><extensions><ns3:TrackPointExtension><ns3:hr>91</ns3:hr><ns3:cad>0</ns3:cad></ns3:TrackPointExtension></extensions></trkpt><trkpt lat="29.89192396402359" lon="102.02048985287547"><ele>3955</ele><time>2026-01-14T05:08:42Z</time><extensions><ns3:TrackPointExtension><ns3:hr>87</ns3:hr><ns3:cad>0</ns3:cad></ns3:TrackPointExtension></extensions></trkpt><trkpt lat="29.891926227137446" lon="102.02048733830452"><ele>3955.199951171875</ele><time>2026-01-14T05:08:44Z</time><extensions><ns3:TrackPointExtension><ns3:hr>86</ns3:hr><ns3:cad>0</ns3:cad></ns3:TrackPointExtension></extensions></trkpt><trkpt lat="29.891930082812905" lon="102.02048012986779"><ele>3955.39990234375</ele><time>2026-01-14T05:08:53Z</time><extensions><ns3:TrackPointExtension><ns3:hr>87</ns3:hr><ns3:cad>0</ns3:cad></ns3:TrackPointExtension></extensions></trkpt><trkpt lat="29.891926562413573" lon="102.0204695686698"><ele>3955</ele><time>2026-01-14T05:09:00Z</time><extensions><ns3:TrackPointExtension><ns3:cad>0</ns3:cad></ns3:TrackPointExtension></extensions></trkpt><trkpt lat="29.891926310956478" lon="102.02047032304108"><ele>3955.199951171875</ele><time>2026-01-14T05:09:01Z</time><extensions><ns3:TrackPointExtension><ns3:cad>0</ns3:cad></ns3:TrackPointExtension></extensions></trkpt><trkpt lat="29.891924718394876" lon="102.02047409489751"><ele>3955.199951171875</ele><time>2026-01-14T05:09:04Z</time><extensions><ns3:TrackPointExtension><ns3:cad>0</ns3:cad></ns3:TrackPointExtension></extensions></trkpt><trkpt lat="29.891919856891036" lon="102.02049622312188"><ele>3955</ele><time>2026-01-14T05:09:13Z</time><extensions><ns3:TrackPointExtension><ns3:cad>0</ns3:cad></ns3:TrackPointExtension></extensions></trkpt><trkpt lat="29.891924802213907" lon="102.02048683539033"><ele>3955.39990234375</ele><time>2026-01-14T05:09:22Z</time><extensions><ns3:TrackPointExtension><ns3:cad>0</ns3:cad></ns3:TrackPointExtension></extensions></trkpt><trkpt lat="29.891924802213907" lon="102.02048683539033"><ele>3955.39990234375</ele><time>2026-01-14T05:09:23Z</time><extensions><ns3:TrackPointExtension><ns3:hr>72</ns3:hr><ns3:cad>0</ns3:cad></ns3:TrackPointExtension></extensions></trkpt><trkpt lat="29.891924802213907" lon="102.02048683539033"><ele>3955.39990234375</ele><time>2026-01-14T05:09:24Z</time><extensions><ns3:TrackPointExtension><ns3:hr>72</ns3:hr><ns3:cad>0</ns3:cad></ns3:TrackPointExtension></extensions></trkpt><trkpt lat="29.891924802213907" lon="102.02048683539033"><ele>3955</ele><time>2026-01-14T05:09:29Z</time><extensions><ns3:TrackPointExtension><ns3:hr>77</ns3:hr><ns3:cad>0</ns3:cad></ns3:TrackPointExtension></extensions></trkpt><trkpt lat="29.891924802213907" lon="102.02048683539033"><ele>3955</ele><time>2026-01-14T05:09:32Z</time><extensions><ns3:TrackPointExtension><ns3:hr>80</ns3:hr><ns3:cad>0</ns3:cad></ns3:TrackPointExtension></extensions></trkpt><trkpt lat="29.891922622919083" lon="102.02048339881003"><ele>3955.199951171875</ele><time>2026-01-14T05:09:36Z</time><extensions><ns3:TrackPointExtension><ns3:hr>74</ns3:hr><ns3:cad>0</ns3:cad></ns3:TrackPointExtension></extensions></trkpt><trkpt lat="29.89192103035748" lon="102.02048390172422"><ele>3955</ele><time>2026-01-14T05:09:37Z</time><extensions><ns3:TrackPointExtension><ns3:hr>74</ns3:hr><ns3:cad>0</ns3:cad></ns3:TrackPointExtension></extensions></trkpt><trkpt lat="29.89192388020456" lon="102.02048608101904"><ele>3954.800048828125</ele><time>2026-01-14T05:09:41Z</time><extensions><ns3:TrackPointExtension><ns3:hr>77</ns3:hr><ns3:cad>0</ns3:cad></ns3:TrackPointExtension></extensions></trkpt><trkpt lat="29.891924802213907" lon="102.02048683539033"><ele>3955</ele><time>2026-01-14T05:09:54Z</time><extensions><ns3:TrackPointExtension><ns3:hr>77</ns3:hr><ns3:cad>0</ns3:cad></ns3:TrackPointExtension></extensions></trkpt><trkpt lat="29.891924802213907" lon="102.02048683539033"><ele>3955.199951171875</ele><time>2026-01-14T05:10:00Z</time><extensions><ns3:TrackPointExtension><ns3:hr>80</ns3:hr><ns3:cad>0</ns3:cad></ns3:TrackPointExtension></extensions></trkpt><trkpt lat="29.891924802213907" lon="102.02048683539033"><ele>3955</ele><time>2026-01-14T05:10:20Z</time><extensions><ns3:TrackPointExtension><ns3:hr>81</ns3:hr><ns3:cad>0</ns3:cad></ns3:TrackPointExtension></extensions></trkpt><trkpt lat="29.891925053671002" lon="102.02048482373357"><ele>3954.60009765625</ele><time>2026-01-14T05:10:23Z</time><extensions><ns3:TrackPointExtension><ns3:hr>78</ns3:hr><ns3:cad>0</ns3:cad></ns3:TrackPointExtension></extensions></trkpt><trkpt lat="29.891925137490034" lon="102.02049245126545"><ele>3955</ele><time>2026-01-14T05:10:29Z</time><extensions><ns3:TrackPointExtension><ns3:hr>81</ns3:hr><ns3:cad>0</ns3:cad></ns3:TrackPointExtension></extensions></trkpt><trkpt lat="29.891917426139116" lon="102.02048750594258"><ele>3955.199951171875</ele><time>2026-01-14T05:10:31Z</time><extensions><ns3:TrackPointExtension><ns3:hr>84</ns3:hr><ns3:cad>0</ns3:cad></ns3:TrackPointExtension></extensions></trkpt><trkpt lat="29.89192932844162" lon="102.02049253508449"><ele>3955.39990234375</ele><time>2026-01-14T05:10:35Z</time><extensions><ns3:TrackPointExtension><ns3:hr>84</ns3:hr><ns3:cad>0</ns3:cad></ns3:TrackPointExtension></extensions></trkpt><trkpt lat="29.891924802213907" lon="102.02048683539033"><ele>3955.800048828125</ele><time>2026-01-14T05:10:42Z</time><extensions><ns3:TrackPointExtension><ns3:cad>0</ns3:cad></ns3:TrackPointExtension></extensions></trkpt><trkpt lat="29.891924802213907" lon="102.02048683539033"><ele>3955.800048828125</ele><time>2026-01-14T05:10:43Z</time><extensions><ns3:TrackPointExtension><ns3:hr>77</ns3:hr><ns3:cad>0</ns3:cad></ns3:TrackPointExtension></extensions></trkpt><trkpt lat="29.891924802213907" lon="102.02048683539033"><ele>3955.60009765625</ele><time>2026-01-14T05:10:44Z</time><extensions><ns3:TrackPointExtension><ns3:hr>77</ns3:hr><ns3:cad>0</ns3:cad></ns3:TrackPointExtension></extensions></trkpt><trkpt lat="29.891924634575844" lon="102.02050041407347"><ele>3955.60009765625</ele><time>2026-01-14T05:10:57Z</time><extensions><ns3:TrackPointExtension><ns3:cad>0</ns3:cad></ns3:TrackPointExtension></extensions></trkpt><trkpt lat="29.891930921003222" lon="102.0205105561763"><ele>3955.199951171875</ele><time>2026-01-14T05:11:09Z</time><extensions><ns3:TrackPointExtension><ns3:cad>0</ns3:cad></ns3:TrackPointExtension></extensions></trkpt><trkpt lat="29.891930921003222" lon="102.0205105561763"><ele>3955.39990234375</ele><time>2026-01-14T05:11:19Z</time><extensions><ns3:TrackPointExtension><ns3:cad>0</ns3:cad></ns3:TrackPointExtension></extensions></trkpt><trkpt lat="29.891930921003222" lon="102.0205105561763"><ele>3955.60009765625</ele><time>2026-01-14T05:11:29Z</time><extensions><ns3:TrackPointExtension><ns3:hr>72</ns3:hr><ns3:cad>0</ns3:cad></ns3:TrackPointExtension></extensions></trkpt><trkpt lat="29.891927652060986" lon="102.0205076225102"><ele>3955.60009765625</ele><time>2026-01-14T05:11:30Z</time><extensions><ns3:TrackPointExtension><ns3:hr>72</ns3:hr><ns3:cad>0</ns3:cad></ns3:TrackPointExtension></extensions></trkpt><trkpt lat="29.89192388020456" lon="102.02050276100636"><ele>3955.60009765625</ele><time>2026-01-14T05:11:32Z</time><extensions><ns3:TrackPointExtension><ns3:hr>73</ns3:hr><ns3:cad>0</ns3:cad></ns3:TrackPointExtension></extensions></trkpt><trkpt lat="29.89192304201424" lon="102.02049697749317"><ele>3955.39990234375</ele><time>2026-01-14T05:11:42Z</time><extensions><ns3:TrackPointExtension><ns3:cad>0</ns3:cad></ns3:TrackPointExtension></extensions></trkpt><trkpt lat="29.891925808042288" lon="102.02050988562405"><ele>3955.60009765625</ele><time>2026-01-14T05:11:52Z</time><extensions><ns3:TrackPointExtension><ns3:hr>74</ns3:hr><ns3:cad>0</ns3:cad></ns3:TrackPointExtension></extensions></trkpt><trkpt lat="29.89192304201424" lon="102.02049697749317"><ele>3955</ele><time>2026-01-14T05:12:01Z</time><extensions><ns3:TrackPointExtension><ns3:hr>77</ns3:hr><ns3:cad>0</ns3:cad></ns3:TrackPointExtension></extensions></trkpt><trkpt lat="29.89192304201424" lon="102.02049697749317"><ele>3955.199951171875</ele><time>2026-01-14T05:12:03Z</time><extensions><ns3:TrackPointExtension><ns3:hr>78</ns3:hr><ns3:cad>0</ns3:cad></ns3:TrackPointExtension></extensions></trkpt><trkpt lat="29.89192681387067" lon="102.0205004978925"><ele>3955.39990234375</ele><time>2026-01-14T05:12:14Z</time><extensions><ns3:TrackPointExtension><ns3:hr>77</ns3:hr><ns3:cad>0</ns3:cad></ns3:TrackPointExtension></extensions></trkpt><trkpt lat="29.89192304201424" lon="102.02049697749317"><ele>3955</ele><time>2026-01-14T05:12:29Z</time><extensions><ns3:TrackPointExtension><ns3:cad>0</ns3:cad></ns3:TrackPointExtension></extensions></trkpt><trkpt lat="29.89192304201424" lon="102.02049697749317"><ele>3954.800048828125</ele><time>2026-01-14T05:12:43Z</time><extensions><ns3:TrackPointExtension><ns3:hr>75</ns3:hr><ns3:cad>0</ns3:cad></ns3:TrackPointExtension></extensions></trkpt><trkpt lat="29.89192304201424" lon="102.02049697749317"><ele>3955.199951171875</ele><time>2026-01-14T05:12:48Z</time><extensions><ns3:TrackPointExtension><ns3:hr>77</ns3:hr><ns3:cad>0</ns3:cad></ns3:TrackPointExtension></extensions></trkpt><trkpt lat="29.89192304201424" lon="102.02049697749317"><ele>3955.199951171875</ele><time>2026-01-14T05:12:59Z</time><extensions><ns3:TrackPointExtension><ns3:cad>0</ns3:cad></ns3:TrackPointExtension></extensions></trkpt><trkpt lat="29.891915917396545" lon="102.02047317288816"><ele>3955</ele><time>2026-01-14T05:13:06Z</time><extensions><ns3:TrackPointExtension><ns3:hr>80</ns3:hr><ns3:cad>0</ns3:cad></ns3:TrackPointExtension></extensions></trkpt><trkpt lat="29.891916001215577" lon="102.02047308906913"><ele>3955</ele><time>2026-01-14T05:13:07Z</time><extensions><ns3:TrackPointExtension><ns3:hr>80</ns3:hr><ns3:cad>0</ns3:cad></ns3:TrackPointExtension></extensions></trkpt><trkpt lat="29.89191960543394" lon="102.02046839520335"><ele>3954.60009765625</ele><time>2026-01-14T05:13:19Z</time><extensions><ns3:TrackPointExtension><ns3:hr>78</ns3:hr><ns3:cad>0</ns3:cad></ns3:TrackPointExtension></extensions></trkpt><trkpt lat="29.891916001215577" lon="102.02047308906913"><ele>3955</ele><time>2026-01-14T05:13:31Z</time><extensions><ns3:TrackPointExtension><ns3:hr>79</ns3:hr><ns3:cad>0</ns3:cad></ns3:TrackPointExtension></extensions></trkpt><trkpt lat="29.89192195236683" lon="102.02049186453223"><ele>3956</ele><time>2026-01-14T05:13:42Z</time><extensions><ns3:TrackPointExtension><ns3:cad>0</ns3:cad></ns3:TrackPointExtension></extensions></trkpt><trkpt lat="29.891924299299717" lon="102.02050301246345"><ele>3955.800048828125</ele><time>2026-01-14T05:13:46Z</time><extensions><ns3:TrackPointExtension><ns3:hr>78</ns3:hr><ns3:cad>0</ns3:cad></ns3:TrackPointExtension></extensions></trkpt><trkpt lat="29.891935363411903" lon="102.02049488201737"><ele>3955.800048828125</ele><time>2026-01-14T05:13:54Z</time><extensions><ns3:TrackPointExtension><ns3:cad>0</ns3:cad></ns3:TrackPointExtension></extensions></trkpt><trkpt lat="29.89193611778319" lon="102.02050343155861"><ele>3954.800048828125</ele><time>2026-01-14T05:14:04Z</time><extensions><ns3:TrackPointExtension><ns3:hr>80</ns3:hr><ns3:cad>0</ns3:cad></ns3:TrackPointExtension></extensions></trkpt><trkpt lat="29.891935447230935" lon="102.0204949658364"><ele>3955.39990234375</ele><time>2026-01-14T05:14:19Z</time><extensions><ns3:TrackPointExtension><ns3:hr>78</ns3:hr><ns3:cad>0</ns3:cad></ns3:TrackPointExtension></extensions></trkpt><trkpt lat="29.891925221309066" lon="102.02049748040736"><ele>3954.60009765625</ele><time>2026-01-14T05:14:31Z</time><extensions><ns3:TrackPointExtension><ns3:cad>0</ns3:cad></ns3:TrackPointExtension></extensions></trkpt><trkpt lat="29.891932094469666" lon="102.0204952172935"><ele>3955</ele><time>2026-01-14T05:14:44Z</time><extensions><ns3:TrackPointExtension><ns3:hr>80</ns3:hr><ns3:cad>0</ns3:cad></ns3:TrackPointExtension></extensions></trkpt><trkpt lat="29.891935447230935" lon="102.0204949658364"><ele>3955.60009765625</ele><time>2026-01-14T05:15:04Z</time><extensions><ns3:TrackPointExtension><ns3:cad>0</ns3:cad></ns3:TrackPointExtension></extensions></trkpt><trkpt lat="29.891935447230935" lon="102.0204949658364"><ele>3956</ele><time>2026-01-14T05:15:25Z</time><extensions><ns3:TrackPointExtension><ns3:hr>72</ns3:hr><ns3:cad>0</ns3:cad></ns3:TrackPointExtension></extensions></trkpt><trkpt lat="29.891935447230935" lon="102.0204949658364"><ele>3955.800048828125</ele><time>2026-01-14T05:15:28Z</time><extensions><ns3:TrackPointExtension><ns3:cad>0</ns3:cad></ns3:TrackPointExtension></extensions></trkpt><trkpt lat="29.891935447230935" lon="102.0204949658364"><ele>3955.800048828125</ele><time>2026-01-14T05:15:33Z</time><extensions><ns3:TrackPointExtension><ns3:hr>80</ns3:hr><ns3:cad>0</ns3:cad></ns3:TrackPointExtension></extensions></trkpt><trkpt lat="29.891935447230935" lon="102.0204949658364"><ele>3955.800048828125</ele><time>2026-01-14T05:15:40Z</time><extensions><ns3:TrackPointExtension><ns3:cad>0</ns3:cad></ns3:TrackPointExtension></extensions></trkpt><trkpt lat="29.891935447230935" lon="102.0204949658364"><ele>3956</ele><time>2026-01-14T05:15:48Z</time><extensions><ns3:TrackPointExtension><ns3:hr>83</ns3:hr><ns3:cad>0</ns3:cad></ns3:TrackPointExtension></extensions></trkpt><trkpt lat="29.891935447230935" lon="102.0204949658364"><ele>3956</ele><time>2026-01-14T05:15:50Z</time><extensions><ns3:TrackPointExtension><ns3:hr>86</ns3:hr><ns3:cad>0</ns3:cad></ns3:TrackPointExtension></extensions></trkpt><trkpt lat="29.891935447230935" lon="102.0204949658364"><ele>3955.800048828125</ele><time>2026-01-14T05:15:51Z</time><extensions><ns3:TrackPointExtension><ns3:hr>89</ns3:hr><ns3:cad>0</ns3:cad></ns3:TrackPointExtension></extensions></trkpt><trkpt lat="29.891935447230935" lon="102.0204949658364"><ele>3955.800048828125</ele><time>2026-01-14T05:15:52Z</time><extensions><ns3:TrackPointExtension><ns3:hr>89</ns3:hr><ns3:cad>0</ns3:cad></ns3:TrackPointExtension></extensions></trkpt><trkpt lat="29.891935447230935" lon="102.0204949658364"><ele>3955.800048828125</ele><time>2026-01-14T05:15:53Z</time><extensions><ns3:TrackPointExtension><ns3:hr>87</ns3:hr><ns3:cad>0</ns3:cad></ns3:TrackPointExtension></extensions></trkpt><trkpt lat="29.891935447230935" lon="102.0204949658364"><ele>3955.60009765625</ele><time>2026-01-14T05:16:02Z</time><extensions><ns3:TrackPointExtension><ns3:hr>90</ns3:hr><ns3:cad>0</ns3:cad></ns3:TrackPointExtension></extensions></trkpt><trkpt lat="29.891935447230935" lon="102.0204949658364"><ele>3955.800048828125</ele><time>2026-01-14T05:16:10Z</time><extensions><ns3:TrackPointExtension><ns3:hr>83</ns3:hr><ns3:cad>0</ns3:cad></ns3:TrackPointExtension></extensions></trkpt><trkpt lat="29.891935447230935" lon="102.0204949658364"><ele>3956</ele><time>2026-01-14T05:16:11Z</time><extensions><ns3:TrackPointExtension><ns3:hr>83</ns3:hr><ns3:cad>0</ns3:cad></ns3:TrackPointExtension></extensions></trkpt><trkpt lat="29.891935447230935" lon="102.0204949658364"><ele>3956</ele><time>2026-01-14T05:16:13Z</time><extensions><ns3:TrackPointExtension><ns3:cad>0</ns3:cad></ns3:TrackPointExtension></extensions></trkpt><trkpt lat="29.891935447230935" lon="102.0204949658364"><ele>3956.199951171875</ele><time>2026-01-14T05:16:20Z</time><extensions><ns3:TrackPointExtension><ns3:hr>83</ns3:hr><ns3:cad>0</ns3:cad></ns3:TrackPointExtension></extensions></trkpt><trkpt lat="29.891932597383857" lon="102.0204973127693"><ele>3956</ele><time>2026-01-14T05:16:26Z</time><extensions><ns3:TrackPointExtension><ns3:cad>0</ns3:cad></ns3:TrackPointExtension></extensions></trkpt><trkpt lat="29.89193804562092" lon="102.02050661668181"><ele>3955.39990234375</ele><time>2026-01-14T05:16:37Z</time><extensions><ns3:TrackPointExtension><ns3:cad>0</ns3:cad></ns3:TrackPointExtension></extensions></trkpt><trkpt lat="29.8919390514493" lon="102.02050401829183"><ele>3955.60009765625</ele><time>2026-01-14T05:16:38Z</time><extensions><ns3:TrackPointExtension><ns3:hr>81</ns3:hr><ns3:cad>0</ns3:cad></ns3:TrackPointExtension></extensions></trkpt><trkpt lat="29.8919390514493" lon="102.02049697749317"><ele>3956.199951171875</ele><time>2026-01-14T05:16:41Z</time><extensions><ns3:TrackPointExtension><ns3:hr>85</ns3:hr><ns3:cad>0</ns3:cad></ns3:TrackPointExtension></extensions></trkpt><trkpt lat="29.891931423917413" lon="102.02050158753991"><ele>3955.39990234375</ele><time>2026-01-14T05:16:48Z</time><extensions><ns3:TrackPointExtension><ns3:hr>86</ns3:hr><ns3:cad>0</ns3:cad></ns3:TrackPointExtension></extensions></trkpt><trkpt lat="29.891932597383857" lon="102.02049949206412"><ele>3956.199951171875</ele><time>2026-01-14T05:16:57Z</time><extensions><ns3:TrackPointExtension><ns3:hr>85</ns3:hr><ns3:cad>0</ns3:cad></ns3:TrackPointExtension></extensions></trkpt><trkpt lat="29.891927065327764" lon="102.0204952172935"><ele>3956.39990234375</ele><time>2026-01-14T05:17:10Z</time><extensions><ns3:TrackPointExtension><ns3:cad>0</ns3:cad></ns3:TrackPointExtension></extensions></trkpt><trkpt lat="29.891923712566495" lon="102.02049303799868"><ele>3956.60009765625</ele><time>2026-01-14T05:17:15Z</time><extensions><ns3:TrackPointExtension><ns3:hr>78</ns3:hr><ns3:cad>0</ns3:cad></ns3:TrackPointExtension></extensions></trkpt><trkpt lat="29.89191952161491" lon="102.02049513347447"><ele>3956.800048828125</ele><time>2026-01-14T05:17:16Z</time><extensions><ns3:TrackPointExtension><ns3:hr>78</ns3:hr><ns3:cad>0</ns3:cad></ns3:TrackPointExtension></extensions></trkpt><trkpt lat="29.89191952161491" lon="102.02049714513123"><ele>3957</ele><time>2026-01-14T05:17:21Z</time><extensions><ns3:TrackPointExtension><ns3:cad>0</ns3:cad></ns3:TrackPointExtension></extensions></trkpt><trkpt lat="29.891926562413573" lon="102.02049831859767"><ele>3957.199951171875</ele><time>2026-01-14T05:17:24Z</time><extensions><ns3:TrackPointExtension><ns3:hr>86</ns3:hr><ns3:cad>0</ns3:cad></ns3:TrackPointExtension></extensions></trkpt><trkpt lat="29.89192941226065" lon="102.0205002464354"><ele>3957.199951171875</ele><time>2026-01-14T05:17:25Z</time><extensions><ns3:TrackPointExtension><ns3:hr>86</ns3:hr><ns3:cad>0</ns3:cad></ns3:TrackPointExtension></extensions></trkpt><trkpt lat="29.89192103035748" lon="102.0204915292561"><ele>3957</ele><time>2026-01-14T05:17:28Z</time><extensions><ns3:TrackPointExtension><ns3:hr>85</ns3:hr><ns3:cad>0</ns3:cad></ns3:TrackPointExtension></extensions></trkpt><trkpt lat="29.891923712566495" lon="102.0204917807132"><ele>3956.800048828125</ele><time>2026-01-14T05:17:30Z</time><extensions><ns3:TrackPointExtension><ns3:hr>88</ns3:hr><ns3:cad>0</ns3:cad></ns3:TrackPointExtension></extensions></trkpt><trkpt lat="29.891922120004892" lon="102.02049613930285"><ele>3957</ele><time>2026-01-14T05:17:35Z</time><extensions><ns3:TrackPointExtension><ns3:hr>92</ns3:hr><ns3:cad>0</ns3:cad></ns3:TrackPointExtension></extensions></trkpt><trkpt lat="29.89192010834813" lon="102.02048423700035"><ele>3957.199951171875</ele><time>2026-01-14T05:17:42Z</time><extensions><ns3:TrackPointExtension><ns3:cad>0</ns3:cad></ns3:TrackPointExtension></extensions></trkpt><trkpt lat="29.89192061126232" lon="102.02048264443874"><ele>3957.39990234375</ele><time>2026-01-14T05:17:43Z</time><extensions><ns3:TrackPointExtension><ns3:hr>86</ns3:hr><ns3:cad>0</ns3:cad></ns3:TrackPointExtension></extensions></trkpt><trkpt lat="29.891927987337112" lon="102.02049010433257"><ele>3957.60009765625</ele><time>2026-01-14T05:17:47Z</time><extensions><ns3:TrackPointExtension><ns3:hr>86</ns3:hr><ns3:cad>0</ns3:cad></ns3:TrackPointExtension></extensions></trkpt><trkpt lat="29.891930921003222" lon="102.02049278654158"><ele>3957.199951171875</ele><time>2026-01-14T05:17:51Z</time><extensions><ns3:TrackPointExtension><ns3:hr>87</ns3:hr><ns3:cad>0</ns3:cad></ns3:TrackPointExtension></extensions></trkpt><trkpt lat="29.89192731678486" lon="102.02048767358065"><ele>3957.199951171875</ele><time>2026-01-14T05:17:54Z</time><extensions><ns3:TrackPointExtension><ns3:hr>84</ns3:hr><ns3:cad>0</ns3:cad></ns3:TrackPointExtension></extensions></trkpt><trkpt lat="29.891916420310736" lon="102.02049437910318"><ele>3957</ele><time>2026-01-14T05:18:00Z</time><extensions><ns3:TrackPointExtension><ns3:cad>0</ns3:cad></ns3:TrackPointExtension></extensions></trkpt><trkpt lat="29.89192547276616" lon="102.02048909850419"><ele>3957.39990234375</ele><time>2026-01-14T05:18:10Z</time><extensions><ns3:TrackPointExtension><ns3:cad>0</ns3:cad></ns3:TrackPointExtension></extensions></trkpt><trkpt lat="29.891922874376178" lon="102.02048432081938"><ele>3957.39990234375</ele><time>2026-01-14T05:18:20Z</time><extensions><ns3:TrackPointExtension><ns3:cad>0</ns3:cad></ns3:TrackPointExtension></extensions></trkpt><trkpt lat="29.891929915174842" lon="102.02048893086612"><ele>3957.800048828125</ele><time>2026-01-14T05:18:29Z</time><extensions><ns3:TrackPointExtension><ns3:cad>0</ns3:cad></ns3:TrackPointExtension></extensions></trkpt><trkpt lat="29.891935447230935" lon="102.0204949658364"><ele>3957.800048828125</ele><time>2026-01-14T05:18:31Z</time><extensions><ns3:TrackPointExtension><ns3:hr>78</ns3:hr><ns3:cad>0</ns3:cad></ns3:TrackPointExtension></extensions></trkpt><trkpt lat="29.891928993165493" lon="102.02049421146512"><ele>3957.60009765625</ele><time>2026-01-14T05:18:34Z</time><extensions><ns3:TrackPointExtension><ns3:hr>86</ns3:hr><ns3:cad>0</ns3:cad></ns3:TrackPointExtension></extensions></trkpt><trkpt lat="29.89194441586733" lon="102.02050619758666"><ele>3958</ele><time>2026-01-14T05:18:38Z</time><extensions><ns3:TrackPointExtension><ns3:cad>0</ns3:cad></ns3:TrackPointExtension></extensions></trkpt><trkpt lat="29.89194642752409" lon="102.0205055270344"><ele>3958.199951171875</ele><time>2026-01-14T05:18:40Z</time><extensions><ns3:TrackPointExtension><ns3:cad>0</ns3:cad></ns3:TrackPointExtension></extensions></trkpt><trkpt lat="29.891950534656644" lon="102.02050996944308"><ele>3958.199951171875</ele><time>2026-01-14T05:18:45Z</time><extensions><ns3:TrackPointExtension><ns3:hr>87</ns3:hr><ns3:cad>0</ns3:cad></ns3:TrackPointExtension></extensions></trkpt><trkpt lat="29.891954390332103" lon="102.02051206491888"><ele>3958.60009765625</ele><time>2026-01-14T05:18:48Z</time><extensions><ns3:TrackPointExtension><ns3:hr>90</ns3:hr><ns3:cad>0</ns3:cad></ns3:TrackPointExtension></extensions></trkpt><trkpt lat="29.891989091411233" lon="102.02053553424776"><ele>3959.39990234375</ele><time>2026-01-14T05:18:53Z</time><extensions><ns3:TrackPointExtension><ns3:hr>93</ns3:hr><ns3:cad>0</ns3:cad></ns3:TrackPointExtension></extensions></trkpt><trkpt lat="29.892008118331432" lon="102.02054249122739"><ele>3960</ele><time>2026-01-14T05:18:57Z</time><extensions><ns3:TrackPointExtension><ns3:hr>96</ns3:hr><ns3:cad>0</ns3:cad></ns3:TrackPointExtension></extensions></trkpt><trkpt lat="29.89201381802559" lon="102.02054475434124"><ele>3960.199951171875</ele><time>2026-01-14T05:18:59Z</time><extensions><ns3:TrackPointExtension><ns3:hr>97</ns3:hr><ns3:cad>0</ns3:cad></ns3:TrackPointExtension></extensions></trkpt><trkpt lat="29.892012141644955" lon="102.0205456763506"><ele>3960.199951171875</ele><time>2026-01-14T05:19:03Z</time><extensions><ns3:TrackPointExtension><ns3:hr>91</ns3:hr><ns3:cad>0</ns3:cad></ns3:TrackPointExtension></extensions></trkpt><trkpt lat="29.892012141644955" lon="102.0205456763506"><ele>3960.39990234375</ele><time>2026-01-14T05:19:04Z</time><extensions><ns3:TrackPointExtension><ns3:hr>91</ns3:hr><ns3:cad>0</ns3:cad></ns3:TrackPointExtension></extensions></trkpt><trkpt lat="29.892023289576173" lon="102.02055129222572"><ele>3960.60009765625</ele><time>2026-01-14T05:19:08Z</time><extensions><ns3:TrackPointExtension><ns3:hr>91</ns3:hr><ns3:cad>0</ns3:cad></ns3:TrackPointExtension></extensions></trkpt><trkpt lat="29.89206419326365" lon="102.02057895250618"><ele>3961.39990234375</ele><time>2026-01-14T05:19:15Z</time><extensions><ns3:TrackPointExtension><ns3:hr>91</ns3:hr><ns3:cad>43</ns3:cad></ns3:TrackPointExtension></extensions></trkpt><trkpt lat="29.892093865200877" lon="102.02061641961336"><ele>3962.60009765625</ele><time>2026-01-14T05:19:23Z</time><extensions><ns3:TrackPointExtension><ns3:hr>88</ns3:hr><ns3:cad>0</ns3:cad></ns3:TrackPointExtension></extensions></trkpt><trkpt lat="29.89210031926632" lon="102.02062119729817"><ele>3962.800048828125</ele><time>2026-01-14T05:19:24Z</time><extensions><ns3:TrackPointExtension><ns3:hr>88</ns3:hr><ns3:cad>0</ns3:cad></ns3:TrackPointExtension></extensions></trkpt><trkpt lat="29.89211205393076" lon="102.02063469216228"><ele>3963.199951171875</ele><time>2026-01-14T05:19:27Z</time><extensions><ns3:TrackPointExtension><ns3:hr>91</ns3:hr><ns3:cad>0</ns3:cad></ns3:TrackPointExtension></extensions></trkpt><trkpt lat="29.892122531309724" lon="102.02065346762538"><ele>3963.60009765625</ele><time>2026-01-14T05:19:30Z</time><extensions><ns3:TrackPointExtension><ns3:hr>91</ns3:hr><ns3:cad>0</ns3:cad></ns3:TrackPointExtension></extensions></trkpt><trkpt lat="29.89213108085096" lon="102.02066126279533"><ele>3964</ele><time>2026-01-14T05:19:32Z</time><extensions><ns3:TrackPointExtension><ns3:hr>92</ns3:hr><ns3:cad>0</ns3:cad></ns3:TrackPointExtension></extensions></trkpt><trkpt lat="29.892157902941108" lon="102.02066872268915"><ele>3964.60009765625</ele><time>2026-01-14T05:19:37Z</time><extensions><ns3:TrackPointExtension><ns3:cad>0</ns3:cad></ns3:TrackPointExtension></extensions></trkpt><trkpt lat="29.892170140519738" lon="102.02066394500434"><ele>3965</ele><time>2026-01-14T05:19:39Z</time><extensions><ns3:TrackPointExtension><ns3:cad>0</ns3:cad></ns3:TrackPointExtension></extensions></trkpt><trkpt lat="29.892174247652292" lon="102.02066444791853"><ele>3965</ele><time>2026-01-14T05:19:46Z</time><extensions><ns3:TrackPointExtension><ns3:cad>0</ns3:cad></ns3:TrackPointExtension></extensions></trkpt><trkpt lat="29.89220693707466" lon="102.02066319063306"><ele>3965.60009765625</ele><time>2026-01-14T05:19:54Z</time><extensions><ns3:TrackPointExtension><ns3:hr>92</ns3:hr><ns3:cad>0</ns3:cad></ns3:TrackPointExtension></extensions></trkpt><trkpt lat="29.892244236543775" lon="102.02070191502571"><ele>3966.60009765625</ele><time>2026-01-14T05:20:02Z</time><extensions><ns3:TrackPointExtension><ns3:hr>92</ns3:hr><ns3:cad>78</ns3:cad></ns3:TrackPointExtension></extensions></trkpt><trkpt lat="29.892249098047614" lon="102.02071976847947"><ele>3966.800048828125</ele><time>2026-01-14T05:20:04Z</time><extensions><ns3:TrackPointExtension><ns3:hr>91</ns3:hr><ns3:cad>78</ns3:cad></ns3:TrackPointExtension></extensions></trkpt><trkpt lat="29.89225479774177" lon="102.02073980122805"><ele>3967.199951171875</ele><time>2026-01-14T05:20:08Z</time><extensions><ns3:TrackPointExtension><ns3:hr>93</ns3:hr><ns3:cad>0</ns3:cad></ns3:TrackPointExtension></extensions></trkpt><trkpt lat="29.892257396131754" lon="102.02074533328414"><ele>3967.199951171875</ele><time>2026-01-14T05:20:09Z</time><extensions><ns3:TrackPointExtension><ns3:hr>93</ns3:hr><ns3:cad>0</ns3:cad></ns3:TrackPointExtension></extensions></trkpt><trkpt lat="29.892257396131754" lon="102.02074843458831"><ele>3967.39990234375</ele><time>2026-01-14T05:20:11Z</time><extensions><ns3:TrackPointExtension><ns3:hr>96</ns3:hr><ns3:cad>0</ns3:cad></ns3:TrackPointExtension></extensions></trkpt><trkpt lat="29.892262676730752" lon="102.02076058834791"><ele>3967.60009765625</ele><time>2026-01-14T05:20:14Z</time><extensions><ns3:TrackPointExtension><ns3:hr>99</ns3:hr><ns3:cad>0</ns3:cad></ns3:TrackPointExtension></extensions></trkpt><trkpt lat="29.892262341454625" lon="102.02076008543372"><ele>3967.60009765625</ele><time>2026-01-14T05:20:15Z</time><extensions><ns3:TrackPointExtension><ns3:hr>100</ns3:hr><ns3:cad>0</ns3:cad></ns3:TrackPointExtension></extensions></trkpt><trkpt lat="29.892283966764808" lon="102.02077391557395"><ele>3967.60009765625</ele><time>2026-01-14T05:20:26Z</time><extensions><ns3:TrackPointExtension><ns3:hr>97</ns3:hr><ns3:cad>0</ns3:cad></ns3:TrackPointExtension></extensions></trkpt><trkpt lat="29.892285643145442" lon="102.0207798667252"><ele>3967.800048828125</ele><time>2026-01-14T05:20:28Z</time><extensions><ns3:TrackPointExtension><ns3:hr>97</ns3:hr><ns3:cad>0</ns3:cad></ns3:TrackPointExtension></extensions></trkpt><trkpt lat="29.892283882945776" lon="102.02077927999198"><ele>3968.199951171875</ele><time>2026-01-14T05:20:33Z</time><extensions><ns3:TrackPointExtension><ns3:hr>100</ns3:hr><ns3:cad>0</ns3:cad></ns3:TrackPointExtension></extensions></trkpt><trkpt lat="29.892283882945776" lon="102.02077927999198"><ele>3968.39990234375</ele><time>2026-01-14T05:20:35Z</time><extensions><ns3:TrackPointExtension><ns3:hr>101</ns3:hr><ns3:cad>0</ns3:cad></ns3:TrackPointExtension></extensions></trkpt><trkpt lat="29.892283882945776" lon="102.02077927999198"><ele>3968.39990234375</ele><time>2026-01-14T05:20:51Z</time><extensions><ns3:TrackPointExtension><ns3:hr>99</ns3:hr><ns3:cad>0</ns3:cad></ns3:TrackPointExtension></extensions></trkpt><trkpt lat="29.892283212393522" lon="102.0207719039172"><ele>3968.199951171875</ele><time>2026-01-14T05:21:01Z</time><extensions><ns3:TrackPointExtension><ns3:hr>96</ns3:hr><ns3:cad>0</ns3:cad></ns3:TrackPointExtension></extensions></trkpt><trkpt lat="29.892284804955125" lon="102.02076897025108"><ele>3968.199951171875</ele><time>2026-01-14T05:21:03Z</time><extensions><ns3:TrackPointExtension><ns3:hr>96</ns3:hr><ns3:cad>0</ns3:cad></ns3:TrackPointExtension></extensions></trkpt><trkpt lat="29.892277345061302" lon="102.0207679644227"><ele>3968.60009765625</ele><time>2026-01-14T05:21:14Z</time><extensions><ns3:TrackPointExtension><ns3:hr>97</ns3:hr><ns3:cad>0</ns3:cad></ns3:TrackPointExtension></extensions></trkpt><trkpt lat="29.892283882945776" lon="102.02077927999198"><ele>3968.39990234375</ele><time>2026-01-14T05:21:23Z</time><extensions><ns3:TrackPointExtension><ns3:hr>96</ns3:hr><ns3:cad>0</ns3:cad></ns3:TrackPointExtension></extensions></trkpt><trkpt lat="29.892283882945776" lon="102.02077927999198"><ele>3968</ele><time>2026-01-14T05:21:28Z</time><extensions><ns3:TrackPointExtension><ns3:hr>99</ns3:hr><ns3:cad>0</ns3:cad></ns3:TrackPointExtension></extensions></trkpt><trkpt lat="29.89227818325162" lon="102.02077056281269"><ele>3968</ele><time>2026-01-14T05:21:33Z</time><extensions><ns3:TrackPointExtension><ns3:hr>102</ns3:hr><ns3:cad>0</ns3:cad></ns3:TrackPointExtension></extensions></trkpt><trkpt lat="29.892280278727412" lon="102.02076503075659"><ele>3968</ele><time>2026-01-14T05:21:35Z</time><extensions><ns3:TrackPointExtension><ns3:hr>103</ns3:hr><ns3:cad>0</ns3:cad></ns3:TrackPointExtension></extensions></trkpt><trkpt lat="29.89229192957282" lon="102.02078053727746"><ele>3967.800048828125</ele><time>2026-01-14T05:21:42Z</time><extensions><ns3:TrackPointExtension><ns3:hr>106</ns3:hr><ns3:cad>0</ns3:cad></ns3:TrackPointExtension></extensions></trkpt><trkpt lat="29.892295533791184" lon="102.02079772017896"><ele>3968</ele><time>2026-01-14T05:21:46Z</time><extensions><ns3:TrackPointExtension><ns3:cad>0</ns3:cad></ns3:TrackPointExtension></extensions></trkpt><trkpt lat="29.892294611781836" lon="102.02079964801669"><ele>3967.60009765625</ele><time>2026-01-14T05:21:51Z</time><extensions><ns3:TrackPointExtension><ns3:hr>95</ns3:hr><ns3:cad>0</ns3:cad></ns3:TrackPointExtension></extensions></trkpt><trkpt lat="29.89229486323893" lon="102.02079847455025"><ele>3967.60009765625</ele><time>2026-01-14T05:21:58Z</time><extensions><ns3:TrackPointExtension><ns3:cad>0</ns3:cad></ns3:TrackPointExtension></extensions></trkpt><trkpt lat="29.89229486323893" lon="102.02079847455025"><ele>3967.39990234375</ele><time>2026-01-14T05:22:31Z</time><extensions><ns3:TrackPointExtension><ns3:cad>0</ns3:cad></ns3:TrackPointExtension></extensions></trkpt><trkpt lat="29.892290588468313" lon="102.02079193666577"><ele>3967.39990234375</ele><time>2026-01-14T05:23:02Z</time><extensions><ns3:TrackPointExtension><ns3:cad>0</ns3:cad></ns3:TrackPointExtension></extensions></trkpt><trkpt lat="29.892284804955125" lon="102.02078598551452"><ele>3967.800048828125</ele><time>2026-01-14T05:23:05Z</time><extensions><ns3:TrackPointExtension><ns3:hr>72</ns3:hr><ns3:cad>50</ns3:cad></ns3:TrackPointExtension></extensions></trkpt><trkpt lat="29.892286397516727" lon="102.02078590169549"><ele>3967.800048828125</ele><time>2026-01-14T05:23:06Z</time><extensions><ns3:TrackPointExtension><ns3:hr>72</ns3:hr><ns3:cad>50</ns3:cad></ns3:TrackPointExtension></extensions></trkpt><trkpt lat="29.892294527962804" lon="102.02078070491552"><ele>3967.60009765625</ele><time>2026-01-14T05:23:10Z</time><extensions><ns3:TrackPointExtension><ns3:cad>0</ns3:cad></ns3:TrackPointExtension></extensions></trkpt><trkpt lat="29.892289163544774" lon="102.02077726833522"><ele>3968</ele><time>2026-01-14T05:23:19Z</time><extensions><ns3:TrackPointExtension><ns3:cad>0</ns3:cad></ns3:TrackPointExtension></extensions></trkpt><trkpt lat="29.892291678115726" lon="102.0207801181823"><ele>3968.39990234375</ele><time>2026-01-14T05:23:30Z</time><extensions><ns3:TrackPointExtension><ns3:cad>0</ns3:cad></ns3:TrackPointExtension></extensions></trkpt><trkpt lat="29.892288660630584" lon="102.02078523114324"><ele>3968</ele><time>2026-01-14T05:23:43Z</time><extensions><ns3:TrackPointExtension><ns3:hr>74</ns3:hr><ns3:cad>0</ns3:cad></ns3:TrackPointExtension></extensions></trkpt><trkpt lat="29.892297377809882" lon="102.0207856502384"><ele>3968.199951171875</ele><time>2026-01-14T05:23:54Z</time><extensions><ns3:TrackPointExtension><ns3:cad>0</ns3:cad></ns3:TrackPointExtension></extensions></trkpt><trkpt lat="29.892301401123405" lon="102.02077114954591"><ele>3968</ele><time>2026-01-14T05:24:02Z</time><extensions><ns3:TrackPointExtension><ns3:cad>0</ns3:cad></ns3:TrackPointExtension></extensions></trkpt><trkpt lat="29.892299054190516" lon="102.02076586894691"><ele>3968.39990234375</ele><time>2026-01-14T05:24:10Z</time><extensions><ns3:TrackPointExtension><ns3:cad>0</ns3:cad></ns3:TrackPointExtension></extensions></trkpt><trkpt lat="29.892280027270317" lon="102.02076788060367"><ele>3967.800048828125</ele><time>2026-01-14T05:24:19Z</time><extensions><ns3:TrackPointExtension><ns3:cad>0</ns3:cad></ns3:TrackPointExtension></extensions></trkpt><trkpt lat="29.89227726124227" lon="102.02077475376427"><ele>3968</ele><time>2026-01-14T05:24:22Z</time><extensions><ns3:TrackPointExtension><ns3:hr>75</ns3:hr><ns3:cad>0</ns3:cad></ns3:TrackPointExtension></extensions></trkpt><trkpt lat="29.89228120073676" lon="102.02077860943973"><ele>3968</ele><time>2026-01-14T05:24:29Z</time><extensions><ns3:TrackPointExtension><ns3:hr>79</ns3:hr><ns3:cad>0</ns3:cad></ns3:TrackPointExtension></extensions></trkpt><trkpt lat="29.892283715307713" lon="102.02077860943973"><ele>3968.199951171875</ele><time>2026-01-14T05:24:39Z</time><extensions><ns3:TrackPointExtension><ns3:hr>82</ns3:hr><ns3:cad>0</ns3:cad></ns3:TrackPointExtension></extensions></trkpt><trkpt lat="29.892288325354457" lon="102.02077785506845"><ele>3968.199951171875</ele><time>2026-01-14T05:24:41Z</time><extensions><ns3:TrackPointExtension><ns3:cad>0</ns3:cad></ns3:TrackPointExtension></extensions></trkpt><trkpt lat="29.89228514023125" lon="102.0207782741636"><ele>3968.199951171875</ele><time>2026-01-14T05:24:43Z</time><extensions><ns3:TrackPointExtension><ns3:hr>79</ns3:hr><ns3:cad>0</ns3:cad></ns3:TrackPointExtension></extensions></trkpt><trkpt lat="29.89228111691773" lon="102.02077793888748"><ele>3968.60009765625</ele><time>2026-01-14T05:24:47Z</time><extensions><ns3:TrackPointExtension><ns3:hr>82</ns3:hr><ns3:cad>0</ns3:cad></ns3:TrackPointExtension></extensions></trkpt><trkpt lat="29.89229436032474" lon="102.02077492140234"><ele>3968.199951171875</ele><time>2026-01-14T05:24:55Z</time><extensions><ns3:TrackPointExtension><ns3:hr>81</ns3:hr><ns3:cad>0</ns3:cad></ns3:TrackPointExtension></extensions></trkpt><trkpt lat="29.892291175201535" lon="102.02076503075659"><ele>3968.39990234375</ele><time>2026-01-14T05:25:08Z</time><extensions><ns3:TrackPointExtension><ns3:hr>80</ns3:hr><ns3:cad>0</ns3:cad></ns3:TrackPointExtension></extensions></trkpt><trkpt lat="29.892285894602537" lon="102.02076377347112"><ele>3968.39990234375</ele><time>2026-01-14T05:25:12Z</time><extensions><ns3:TrackPointExtension><ns3:hr>83</ns3:hr><ns3:cad>0</ns3:cad></ns3:TrackPointExtension></extensions></trkpt><trkpt lat="29.892274076119065" lon="102.02076586894691"><ele>3968.199951171875</ele><time>2026-01-14T05:25:21Z</time><extensions><ns3:TrackPointExtension><ns3:hr>85</ns3:hr><ns3:cad>0</ns3:cad></ns3:TrackPointExtension></extensions></trkpt><trkpt lat="29.892281871289015" lon="102.02076377347112"><ele>3968.39990234375</ele><time>2026-01-14T05:25:24Z</time><extensions><ns3:TrackPointExtension><ns3:hr>88</ns3:hr><ns3:cad>0</ns3:cad></ns3:TrackPointExtension></extensions></trkpt><trkpt lat="29.892283799126744" lon="102.02076301909983"><ele>3968.800048828125</ele><time>2026-01-14T05:25:36Z</time><extensions><ns3:TrackPointExtension><ns3:hr>82</ns3:hr><ns3:cad>0</ns3:cad></ns3:TrackPointExtension></extensions></trkpt><trkpt lat="29.892283799126744" lon="102.02076301909983"><ele>3968.800048828125</ele><time>2026-01-14T05:25:37Z</time><extensions><ns3:TrackPointExtension><ns3:hr>82</ns3:hr><ns3:cad>0</ns3:cad></ns3:TrackPointExtension></extensions></trkpt><trkpt lat="29.892283799126744" lon="102.02076301909983"><ele>3968.60009765625</ele><time>2026-01-14T05:25:41Z</time><extensions><ns3:TrackPointExtension><ns3:cad>0</ns3:cad></ns3:TrackPointExtension></extensions></trkpt><trkpt lat="29.892283799126744" lon="102.02076301909983"><ele>3968.39990234375</ele><time>2026-01-14T05:25:48Z</time><extensions><ns3:TrackPointExtension><ns3:hr>85</ns3:hr><ns3:cad>0</ns3:cad></ns3:TrackPointExtension></extensions></trkpt><trkpt lat="29.89228597842157" lon="102.02076838351786"><ele>3968.39990234375</ele><time>2026-01-14T05:25:55Z</time><extensions><ns3:TrackPointExtension><ns3:cad>47</ns3:cad></ns3:TrackPointExtension></extensions></trkpt><trkpt lat="29.892290253192186" lon="102.02077425085008"><ele>3969</ele><time>2026-01-14T05:26:04Z</time><extensions><ns3:TrackPointExtension><ns3:cad>0</ns3:cad></ns3:TrackPointExtension></extensions></trkpt><trkpt lat="29.892291175201535" lon="102.02077416703105"><ele>3969</ele><time>2026-01-14T05:26:05Z</time><extensions><ns3:TrackPointExtension><ns3:cad>0</ns3:cad></ns3:TrackPointExtension></extensions></trkpt><trkpt lat="29.892284804955125" lon="102.02077860943973"><ele>3969</ele><time>2026-01-14T05:26:12Z</time><extensions><ns3:TrackPointExtension><ns3:hr>74</ns3:hr><ns3:cad>0</ns3:cad></ns3:TrackPointExtension></extensions></trkpt><trkpt lat="29.89228648133576" lon="102.02077332884073"><ele>3969</ele><time>2026-01-14T05:26:13Z</time><extensions><ns3:TrackPointExtension><ns3:hr>74</ns3:hr><ns3:cad>0</ns3:cad></ns3:TrackPointExtension></extensions></trkpt><trkpt lat="29.892286732792854" lon="102.02077341265976"><ele>3969</ele><time>2026-01-14T05:26:14Z</time><extensions><ns3:TrackPointExtension><ns3:hr>74</ns3:hr><ns3:cad>0</ns3:cad></ns3:TrackPointExtension></extensions></trkpt><trkpt lat="29.89229192957282" lon="102.02077751979232"><ele>3969</ele><time>2026-01-14T05:26:16Z</time><extensions><ns3:TrackPointExtension><ns3:hr>82</ns3:hr><ns3:cad>0</ns3:cad></ns3:TrackPointExtension></extensions></trkpt><trkpt lat="29.892291761934757" lon="102.020781962201"><ele>3969.39990234375</ele><time>2026-01-14T05:26:20Z</time><extensions><ns3:TrackPointExtension><ns3:hr>82</ns3:hr><ns3:cad>0</ns3:cad></ns3:TrackPointExtension></extensions></trkpt><trkpt lat="29.892291761934757" lon="102.020781962201"><ele>3969.199951171875</ele><time>2026-01-14T05:26:22Z</time><extensions><ns3:TrackPointExtension><ns3:hr>82</ns3:hr><ns3:cad>0</ns3:cad></ns3:TrackPointExtension></extensions></trkpt><trkpt lat="29.89233006723225" lon="102.02081565745175"><ele>3969.800048828125</ele><time>2026-01-14T05:26:27Z</time><extensions><ns3:TrackPointExtension><ns3:hr>86</ns3:hr><ns3:cad>0</ns3:cad></ns3:TrackPointExtension></extensions></trkpt><trkpt lat="29.892333587631583" lon="102.02081624418497"><ele>3970</ele><time>2026-01-14T05:26:28Z</time><extensions><ns3:TrackPointExtension><ns3:hr>86</ns3:hr><ns3:cad>0</ns3:cad></ns3:TrackPointExtension></extensions></trkpt><trkpt lat="29.892340628430247" lon="102.02082051895559"><ele>3970.199951171875</ele><time>2026-01-14T05:26:29Z</time><extensions><ns3:TrackPointExtension><ns3:hr>87</ns3:hr><ns3:cad>0</ns3:cad></ns3:TrackPointExtension></extensions></trkpt><trkpt lat="29.892364433035254" lon="102.02083912678063"><ele>3970.800048828125</ele><time>2026-01-14T05:26:35Z</time><extensions><ns3:TrackPointExtension><ns3:hr>89</ns3:hr><ns3:cad>0</ns3:cad></ns3:TrackPointExtension></extensions></trkpt><trkpt lat="29.89237449131906" lon="102.0208319183439"><ele>3971</ele><time>2026-01-14T05:26:43Z</time><extensions><ns3:TrackPointExtension><ns3:cad>0</ns3:cad></ns3:TrackPointExtension></extensions></trkpt><trkpt lat="29.8923706356436" lon="102.020826889202"><ele>3971</ele><time>2026-01-14T05:26:44Z</time><extensions><ns3:TrackPointExtension><ns3:hr>86</ns3:hr><ns3:cad>0</ns3:cad></ns3:TrackPointExtension></extensions></trkpt><trkpt lat="29.89237390458584" lon="102.02081942930818"><ele>3971.199951171875</ele><time>2026-01-14T05:26:49Z</time><extensions><ns3:TrackPointExtension><ns3:hr>86</ns3:hr><ns3:cad>0</ns3:cad></ns3:TrackPointExtension></extensions></trkpt><trkpt lat="29.89239888265729" lon="102.02082747593522"><ele>3971.39990234375</ele><time>2026-01-14T05:26:55Z</time><extensions><ns3:TrackPointExtension><ns3:cad>0</ns3:cad></ns3:TrackPointExtension></extensions></trkpt><trkpt lat="29.892404582351446" lon="102.02082605101168"><ele>3971.60009765625</ele><time>2026-01-14T05:27:03Z</time><extensions><ns3:TrackPointExtension><ns3:hr>86</ns3:hr><ns3:cad>0</ns3:cad></ns3:TrackPointExtension></extensions></trkpt><trkpt lat="29.892437187954783" lon="102.02085572294891"><ele>3972</ele><time>2026-01-14T05:27:10Z</time><extensions><ns3:TrackPointExtension><ns3:hr>86</ns3:hr><ns3:cad>0</ns3:cad></ns3:TrackPointExtension></extensions></trkpt><trkpt lat="29.892450934275985" lon="102.02086687088013"><ele>3972.800048828125</ele><time>2026-01-14T05:27:15Z</time><extensions><ns3:TrackPointExtension><ns3:hr>88</ns3:hr><ns3:cad>0</ns3:cad></ns3:TrackPointExtension></extensions></trkpt><trkpt lat="29.892454454675317" lon="102.0208697207272"><ele>3973</ele><time>2026-01-14T05:27:18Z</time><extensions><ns3:TrackPointExtension><ns3:hr>91</ns3:hr><ns3:cad>0</ns3:cad></ns3:TrackPointExtension></extensions></trkpt><trkpt lat="29.89245696924627" lon="102.02086712233722"><ele>3972.800048828125</ele><time>2026-01-14T05:27:24Z</time><extensions><ns3:TrackPointExtension><ns3:hr>91</ns3:hr><ns3:cad>0</ns3:cad></ns3:TrackPointExtension></extensions></trkpt><trkpt lat="29.892458142712712" lon="102.02086754143238"><ele>3972.800048828125</ele><time>2026-01-14T05:27:26Z</time><extensions><ns3:TrackPointExtension><ns3:hr>94</ns3:hr><ns3:cad>0</ns3:cad></ns3:TrackPointExtension></extensions></trkpt><trkpt lat="29.892479348927736" lon="102.0208802819252"><ele>3973</ele><time>2026-01-14T05:27:33Z</time><extensions><ns3:TrackPointExtension><ns3:hr>95</ns3:hr><ns3:cad>0</ns3:cad></ns3:TrackPointExtension></extensions></trkpt><trkpt lat="29.89248094148934" lon="102.02088573016226"><ele>3973.199951171875</ele><time>2026-01-14T05:27:34Z</time><extensions><ns3:TrackPointExtension><ns3:hr>94</ns3:hr><ns3:cad>0</ns3:cad></ns3:TrackPointExtension></extensions></trkpt><trkpt lat="29.892504578456283" lon="102.02090869657695"><ele>3974.199951171875</ele><time>2026-01-14T05:27:39Z</time><extensions><ns3:TrackPointExtension><ns3:hr>94</ns3:hr><ns3:cad>0</ns3:cad></ns3:TrackPointExtension></extensions></trkpt><trkpt lat="29.892522767186165" lon="102.02093082480133"><ele>3974.60009765625</ele><time>2026-01-14T05:27:42Z</time><extensions><ns3:TrackPointExtension><ns3:hr>94</ns3:hr><ns3:cad>0</ns3:cad></ns3:TrackPointExtension></extensions></trkpt><trkpt lat="29.892543219029903" lon="102.02094750478864"><ele>3975.199951171875</ele><time>2026-01-14T05:27:46Z</time><extensions><ns3:TrackPointExtension><ns3:hr>93</ns3:hr><ns3:cad>42</ns3:cad></ns3:TrackPointExtension></extensions></trkpt><trkpt lat="29.89258403889835" lon="102.02095999382436"><ele>3976.199951171875</ele><time>2026-01-14T05:27:51Z</time><extensions><ns3:TrackPointExtension><ns3:hr>93</ns3:hr><ns3:cad>44</ns3:cad></ns3:TrackPointExtension></extensions></trkpt><trkpt lat="29.89259099587798" lon="102.02096066437662"><ele>3976.39990234375</ele><time>2026-01-14T05:27:52Z</time><extensions><ns3:TrackPointExtension><ns3:hr>94</ns3:hr><ns3:cad>46</ns3:cad></ns3:TrackPointExtension></extensions></trkpt><trkpt lat="29.89260608330369" lon="102.02096368186176"><ele>3976.800048828125</ele><time>2026-01-14T05:27:55Z</time><extensions><ns3:TrackPointExtension><ns3:hr>97</ns3:hr><ns3:cad>49</ns3:cad></ns3:TrackPointExtension></extensions></trkpt><trkpt lat="29.89263206720352" lon="102.02096921391785"><ele>3977.199951171875</ele><time>2026-01-14T05:27:58Z</time><extensions><ns3:TrackPointExtension><ns3:hr>101</ns3:hr><ns3:cad>47</ns3:cad></ns3:TrackPointExtension></extensions></trkpt><trkpt lat="29.89264078438282" lon="102.02097156085074"><ele>3977.39990234375</ele><time>2026-01-14T05:27:59Z</time><extensions><ns3:TrackPointExtension><ns3:hr>103</ns3:hr><ns3:cad>0</ns3:cad></ns3:TrackPointExtension></extensions></trkpt><trkpt lat="29.892662074416876" lon="102.02097851783037"><ele>3977.39990234375</ele><time>2026-01-14T05:28:01Z</time><extensions><ns3:TrackPointExtension><ns3:hr>106</ns3:hr><ns3:cad>0</ns3:cad></ns3:TrackPointExtension></extensions></trkpt><trkpt lat="29.89268286153674" lon="102.02101564966142"><ele>3978</ele><time>2026-01-14T05:28:06Z</time><extensions><ns3:TrackPointExtension><ns3:hr>109</ns3:hr><ns3:cad>41</ns3:cad></ns3:TrackPointExtension></extensions></trkpt><trkpt lat="29.892690237611532" lon="102.02102998271585"><ele>3978.199951171875</ele><time>2026-01-14T05:28:08Z</time><extensions><ns3:TrackPointExtension><ns3:hr>110</ns3:hr><ns3:cad>43</ns3:cad></ns3:TrackPointExtension></extensions></trkpt><trkpt lat="29.892698535695672" lon="102.02103308402002"><ele>3978.39990234375</ele><time>2026-01-14T05:28:10Z</time><extensions><ns3:TrackPointExtension><ns3:cad>0</ns3:cad></ns3:TrackPointExtension></extensions></trkpt><trkpt lat="29.89270289428532" lon="102.02103526331484"><ele>3978.60009765625</ele><time>2026-01-14T05:28:12Z</time><extensions><ns3:TrackPointExtension><ns3:hr>101</ns3:hr><ns3:cad>0</ns3:cad></ns3:TrackPointExtension></extensions></trkpt><trkpt lat="29.892705408856273" lon="102.02104129828513"><ele>3978.60009765625</ele><time>2026-01-14T05:28:15Z</time><extensions><ns3:TrackPointExtension><ns3:hr>100</ns3:hr><ns3:cad>0</ns3:cad></ns3:TrackPointExtension></extensions></trkpt><trkpt lat="29.8927057441324" lon="102.02104498632252"><ele>3978.800048828125</ele><time>2026-01-14T05:28:26Z</time><extensions><ns3:TrackPointExtension><ns3:hr>99</ns3:hr><ns3:cad>0</ns3:cad></ns3:TrackPointExtension></extensions></trkpt><trkpt lat="29.8927057441324" lon="102.02104498632252"><ele>3978.39990234375</ele><time>2026-01-14T05:28:35Z</time><extensions><ns3:TrackPointExtension><ns3:hr>98</ns3:hr><ns3:cad>0</ns3:cad></ns3:TrackPointExtension></extensions></trkpt><trkpt lat="29.8927057441324" lon="102.02104498632252"><ele>3978.199951171875</ele><time>2026-01-14T05:28:46Z</time><extensions><ns3:TrackPointExtension><ns3:hr>95</ns3:hr><ns3:cad>0</ns3:cad></ns3:TrackPointExtension></extensions></trkpt><trkpt lat="29.8927057441324" lon="102.02104498632252"><ele>3977.800048828125</ele><time>2026-01-14T05:28:54Z</time><extensions><ns3:TrackPointExtension><ns3:hr>92</ns3:hr><ns3:cad>0</ns3:cad></ns3:TrackPointExtension></extensions></trkpt><trkpt lat="29.8927057441324" lon="102.02104498632252"><ele>3978</ele><time>2026-01-14T05:29:02Z</time><extensions><ns3:TrackPointExtension><ns3:hr>95</ns3:hr><ns3:cad>0</ns3:cad></ns3:TrackPointExtension></extensions></trkpt><trkpt lat="29.8927057441324" lon="102.02104498632252"><ele>3977.800048828125</ele><time>2026-01-14T05:29:12Z</time><extensions><ns3:TrackPointExtension><ns3:hr>92</ns3:hr><ns3:cad>0</ns3:cad></ns3:TrackPointExtension></extensions></trkpt><trkpt lat="29.8927057441324" lon="102.02104498632252"><ele>3977.800048828125</ele><time>2026-01-14T05:29:14Z</time><extensions><ns3:TrackPointExtension><ns3:hr>95</ns3:hr><ns3:cad>0</ns3:cad></ns3:TrackPointExtension></extensions></trkpt><trkpt lat="29.89269216544926" lon="102.02102813869715"><ele>3977.60009765625</ele><time>2026-01-14T05:29:20Z</time><extensions><ns3:TrackPointExtension><ns3:cad>0</ns3:cad></ns3:TrackPointExtension></extensions></trkpt><trkpt lat="29.892696859315038" lon="102.02101858332753"><ele>3977.800048828125</ele><time>2026-01-14T05:29:29Z</time><extensions><ns3:TrackPointExtension><ns3:cad>0</ns3:cad></ns3:TrackPointExtension></extensions></trkpt><trkpt lat="29.892688058316708" lon="102.0210203435272"><ele>3977.800048828125</ele><time>2026-01-14T05:29:40Z</time><extensions><ns3:TrackPointExtension><ns3:cad>0</ns3:cad></ns3:TrackPointExtension></extensions></trkpt><trkpt lat="29.89268814213574" lon="102.02102243900299"><ele>3977.39990234375</ele><time>2026-01-14T05:29:45Z</time><extensions><ns3:TrackPointExtension><ns3:hr>72</ns3:hr><ns3:cad>0</ns3:cad></ns3:TrackPointExtension></extensions></trkpt><trkpt lat="29.892686884850264" lon="102.0210237801075"><ele>3977.39990234375</ele><time>2026-01-14T05:29:46Z</time><extensions><ns3:TrackPointExtension><ns3:hr>72</ns3:hr><ns3:cad>0</ns3:cad></ns3:TrackPointExtension></extensions></trkpt><trkpt lat="29.89269308745861" lon="102.02102679759264"><ele>3977.39990234375</ele><time>2026-01-14T05:29:48Z</time><extensions><ns3:TrackPointExtension><ns3:hr>73</ns3:hr><ns3:cad>0</ns3:cad></ns3:TrackPointExtension></extensions></trkpt><trkpt lat="29.892693841829896" lon="102.02102947980165"><ele>3977.39990234375</ele><time>2026-01-14T05:29:49Z</time><extensions><ns3:TrackPointExtension><ns3:hr>72</ns3:hr><ns3:cad>0</ns3:cad></ns3:TrackPointExtension></extensions></trkpt><trkpt lat="29.892693338915706" lon="102.0210285577923"><ele>3977.800048828125</ele><time>2026-01-14T05:29:59Z</time><extensions><ns3:TrackPointExtension><ns3:cad>0</ns3:cad></ns3:TrackPointExtension></extensions></trkpt><trkpt lat="29.89269996061921" lon="102.02102830633521"><ele>3977.60009765625</ele><time>2026-01-14T05:30:09Z</time><extensions><ns3:TrackPointExtension><ns3:cad>0</ns3:cad></ns3:TrackPointExtension></extensions></trkpt><trkpt lat="29.89269115962088" lon="102.0210309047252"><ele>3977.800048828125</ele><time>2026-01-14T05:30:16Z</time><extensions><ns3:TrackPointExtension><ns3:hr>73</ns3:hr><ns3:cad>0</ns3:cad></ns3:TrackPointExtension></extensions></trkpt><trkpt lat="29.892693338915706" lon="102.02102813869715"><ele>3978</ele><time>2026-01-14T05:30:24Z</time><extensions><ns3:TrackPointExtension><ns3:cad>0</ns3:cad></ns3:TrackPointExtension></extensions></trkpt><trkpt lat="29.892693171277642" lon="102.02102654613554"><ele>3978.199951171875</ele><time>2026-01-14T05:30:34Z</time><extensions><ns3:TrackPointExtension><ns3:cad>0</ns3:cad></ns3:TrackPointExtension></extensions></trkpt><trkpt lat="29.89268579520285" lon="102.02102134935558"><ele>3978.39990234375</ele><time>2026-01-14T05:30:41Z</time><extensions><ns3:TrackPointExtension><ns3:cad>0</ns3:cad></ns3:TrackPointExtension></extensions></trkpt><trkpt lat="29.892684035003185" lon="102.02102160081267"><ele>3978.800048828125</ele><time>2026-01-14T05:30:44Z</time><extensions><ns3:TrackPointExtension><ns3:cad>0</ns3:cad></ns3:TrackPointExtension></extensions></trkpt><trkpt lat="29.89268663339317" lon="102.02102394774556"><ele>3978.39990234375</ele><time>2026-01-14T05:30:55Z</time><extensions><ns3:TrackPointExtension><ns3:cad>0</ns3:cad></ns3:TrackPointExtension></extensions></trkpt><trkpt lat="29.892698116600513" lon="102.02104381285608"><ele>3978.60009765625</ele><time>2026-01-14T05:31:03Z</time><extensions><ns3:TrackPointExtension><ns3:cad>0</ns3:cad></ns3:TrackPointExtension></extensions></trkpt><trkpt lat="29.892720747739077" lon="102.02107423916459"><ele>3978.800048828125</ele><time>2026-01-14T05:31:10Z</time><extensions><ns3:TrackPointExtension><ns3:cad>77</ns3:cad></ns3:TrackPointExtension></extensions></trkpt><trkpt lat="29.892743630334735" lon="102.02108899131417"><ele>3979.39990234375</ele><time>2026-01-14T05:31:17Z</time><extensions><ns3:TrackPointExtension><ns3:cad>0</ns3:cad></ns3:TrackPointExtension></extensions></trkpt><trkpt lat="29.892744971439242" lon="102.0210909191519"><ele>3979.39990234375</ele><time>2026-01-14T05:31:19Z</time><extensions><ns3:TrackPointExtension><ns3:cad>0</ns3:cad></ns3:TrackPointExtension></extensions></trkpt><trkpt lat="29.892744049429893" lon="102.02110231854022"><ele>3979.60009765625</ele><time>2026-01-14T05:31:29Z</time><extensions><ns3:TrackPointExtension><ns3:cad>0</ns3:cad></ns3:TrackPointExtension></extensions></trkpt><trkpt lat="29.89278696477413" lon="102.02112696133554"><ele>3980.39990234375</ele><time>2026-01-14T05:31:36Z</time><extensions><ns3:TrackPointExtension><ns3:hr>72</ns3:hr><ns3:cad>0</ns3:cad></ns3:TrackPointExtension></extensions></trkpt><trkpt lat="29.892814457416534" lon="102.0211585611105"><ele>3981.60009765625</ele><time>2026-01-14T05:31:42Z</time><extensions><ns3:TrackPointExtension><ns3:cad>0</ns3:cad></ns3:TrackPointExtension></extensions></trkpt><trkpt lat="29.8928299639374" lon="102.02117105014622"><ele>3981.60009765625</ele><time>2026-01-14T05:31:44Z</time><extensions><ns3:TrackPointExtension><ns3:cad>46</ns3:cad></ns3:TrackPointExtension></extensions></trkpt><trkpt lat="29.892842369154096" lon="102.02116794884205"><ele>3982</ele><time>2026-01-14T05:31:52Z</time><extensions><ns3:TrackPointExtension><ns3:hr>72</ns3:hr><ns3:cad>0</ns3:cad></ns3:TrackPointExtension></extensions></trkpt><trkpt lat="29.892874974757433" lon="102.02117373235524"><ele>3982.60009765625</ele><time>2026-01-14T05:31:58Z</time><extensions><ns3:TrackPointExtension><ns3:cad>0</ns3:cad></ns3:TrackPointExtension></extensions></trkpt><trkpt lat="29.892873466014862" lon="102.02117507345974"><ele>3982.60009765625</ele><time>2026-01-14T05:31:59Z</time><extensions><ns3:TrackPointExtension><ns3:cad>0</ns3:cad></ns3:TrackPointExtension></extensions></trkpt><trkpt lat="29.89288260228932" lon="102.02117767184973"><ele>3982.60009765625</ele><time>2026-01-14T05:32:12Z</time><extensions><ns3:TrackPointExtension><ns3:cad>0</ns3:cad></ns3:TrackPointExtension></extensions></trkpt><trkpt lat="29.89289299584925" lon="102.02118898741901"><ele>3983.199951171875</ele><time>2026-01-14T05:32:19Z</time><extensions><ns3:TrackPointExtension><ns3:cad>0</ns3:cad></ns3:TrackPointExtension></extensions></trkpt><trkpt lat="29.892884027212858" lon="102.02119116671383"><ele>3983.39990234375</ele><time>2026-01-14T05:32:26Z</time><extensions><ns3:TrackPointExtension><ns3:cad>0</ns3:cad></ns3:TrackPointExtension></extensions></trkpt><trkpt lat="29.892886709421873" lon="102.0212029851973"><ele>3983.199951171875</ele><time>2026-01-14T05:32:38Z</time><extensions><ns3:TrackPointExtension><ns3:cad>0</ns3:cad></ns3:TrackPointExtension></extensions></trkpt><trkpt lat="29.892897438257933" lon="102.02122393995523"><ele>3983.199951171875</ele><time>2026-01-14T05:32:50Z</time><extensions><ns3:TrackPointExtension><ns3:cad>0</ns3:cad></ns3:TrackPointExtension></extensions></trkpt><trkpt lat="29.892897941172123" lon="102.0212291367352"><ele>3983.39990234375</ele><time>2026-01-14T05:32:55Z</time><extensions><ns3:TrackPointExtension><ns3:hr>72</ns3:hr><ns3:cad>0</ns3:cad></ns3:TrackPointExtension></extensions></trkpt><trkpt lat="29.89290364086628" lon="102.0212185755372"><ele>3983.60009765625</ele><time>2026-01-14T05:33:02Z</time><extensions><ns3:TrackPointExtension><ns3:cad>0</ns3:cad></ns3:TrackPointExtension></extensions></trkpt><trkpt lat="29.892900539562106" lon="102.02120952308178"><ele>3983.60009765625</ele><time>2026-01-14T05:33:05Z</time><extensions><ns3:TrackPointExtension><ns3:cad>0</ns3:cad></ns3:TrackPointExtension></extensions></trkpt><trkpt lat="29.892915124073625" lon="102.02121958136559"><ele>3983.60009765625</ele><time>2026-01-14T05:33:12Z</time><extensions><ns3:TrackPointExtension><ns3:cad>0</ns3:cad></ns3:TrackPointExtension></extensions></trkpt><trkpt lat="29.89292459562421" lon="102.02122829854488"><ele>3984</ele><time>2026-01-14T05:33:21Z</time><extensions><ns3:TrackPointExtension><ns3:cad>0</ns3:cad></ns3:TrackPointExtension></extensions></trkpt><trkpt lat="29.892984190955758" lon="102.02126434072852"><ele>3984.800048828125</ele><time>2026-01-14T05:33:29Z</time><extensions><ns3:TrackPointExtension><ns3:cad>42</ns3:cad></ns3:TrackPointExtension></extensions></trkpt><trkpt lat="29.892989555373788" lon="102.02126526273787"><ele>3985</ele><time>2026-01-14T05:33:30Z</time><extensions><ns3:TrackPointExtension><ns3:cad>42</ns3:cad></ns3:TrackPointExtension></extensions></trkpt><trkpt lat="29.893062645569444" lon="102.02130432240665"><ele>3986</ele><time>2026-01-14T05:33:40Z</time><extensions><ns3:TrackPointExtension><ns3:cad>0</ns3:cad></ns3:TrackPointExtension></extensions></trkpt><trkpt lat="29.89306935109198" lon="102.02130247838795"><ele>3986.39990234375</ele><time>2026-01-14T05:33:47Z</time><extensions><ns3:TrackPointExtension><ns3:cad>0</ns3:cad></ns3:TrackPointExtension></extensions></trkpt><trkpt lat="29.893063567578793" lon="102.02131086029112"><ele>3986.39990234375</ele><time>2026-01-14T05:33:58Z</time><extensions><ns3:TrackPointExtension><ns3:cad>0</ns3:cad></ns3:TrackPointExtension></extensions></trkpt><trkpt lat="29.89310690201819" lon="102.02134547755122"><ele>3986.60009765625</ele><time>2026-01-14T05:34:04Z</time><extensions><ns3:TrackPointExtension><ns3:cad>50</ns3:cad></ns3:TrackPointExtension></extensions></trkpt><trkpt lat="29.893133975565434" lon="102.02136685140431"><ele>3987</ele><time>2026-01-14T05:34:07Z</time><extensions><ns3:TrackPointExtension><ns3:cad>46</ns3:cad></ns3:TrackPointExtension></extensions></trkpt><trkpt lat="29.89316658116877" lon="102.0213863812387"><ele>3987.199951171875</ele><time>2026-01-14T05:34:11Z</time><extensions><ns3:TrackPointExtension><ns3:cad>46</ns3:cad></ns3:TrackPointExtension></extensions></trkpt><trkpt lat="29.893217710778117" lon="102.021424183622"><ele>3988.199951171875</ele><time>2026-01-14T05:34:17Z</time><extensions><ns3:TrackPointExtension><ns3:hr>72</ns3:hr><ns3:cad>49</ns3:cad></ns3:TrackPointExtension></extensions></trkpt><trkpt lat="29.893236570060253" lon="102.02143407426775"><ele>3989</ele><time>2026-01-14T05:34:20Z</time><extensions><ns3:TrackPointExtension><ns3:hr>74</ns3:hr><ns3:cad>55</ns3:cad></ns3:TrackPointExtension></extensions></trkpt><trkpt lat="29.893244532868266" lon="102.02143072150648"><ele>3989.199951171875</ele><time>2026-01-14T05:34:27Z</time><extensions><ns3:TrackPointExtension><ns3:hr>75</ns3:hr><ns3:cad>0</ns3:cad></ns3:TrackPointExtension></extensions></trkpt><trkpt lat="29.89325643517077" lon="102.02146030962467"><ele>3988.800048828125</ele><time>2026-01-14T05:34:37Z</time><extensions><ns3:TrackPointExtension><ns3:hr>77</ns3:hr><ns3:cad>0</ns3:cad></ns3:TrackPointExtension></extensions></trkpt><trkpt lat="29.893298763781786" lon="102.02148051001132"><ele>3989.199951171875</ele><time>2026-01-14T05:34:42Z</time><extensions><ns3:TrackPointExtension><ns3:cad>0</ns3:cad></ns3:TrackPointExtension></extensions></trkpt><trkpt lat="29.89330236800015" lon="102.02148528769612"><ele>3989.39990234375</ele><time>2026-01-14T05:34:43Z</time><extensions><ns3:TrackPointExtension><ns3:hr>77</ns3:hr><ns3:cad>0</ns3:cad></ns3:TrackPointExtension></extensions></trkpt><trkpt lat="29.893320640549064" lon="102.02148704789579"><ele>3989.800048828125</ele><time>2026-01-14T05:34:50Z</time><extensions><ns3:TrackPointExtension><ns3:hr>77</ns3:hr><ns3:cad>0</ns3:cad></ns3:TrackPointExtension></extensions></trkpt><trkpt lat="29.893345618620515" lon="102.02149283140898"><ele>3990.39990234375</ele><time>2026-01-14T05:34:54Z</time><extensions><ns3:TrackPointExtension><ns3:cad>41</ns3:cad></ns3:TrackPointExtension></extensions></trkpt><trkpt lat="29.893370009958744" lon="102.021508757025"><ele>3991</ele><time>2026-01-14T05:34:58Z</time><extensions><ns3:TrackPointExtension><ns3:cad>43</ns3:cad></ns3:TrackPointExtension></extensions></trkpt><trkpt lat="29.893417116254568" lon="102.02152585610747"><ele>3991.39990234375</ele><time>2026-01-14T05:35:04Z</time><extensions><ns3:TrackPointExtension><ns3:hr>79</ns3:hr><ns3:cad>0</ns3:cad></ns3:TrackPointExtension></extensions></trkpt><trkpt lat="29.89342608489096" lon="102.0215264428407"><ele>3991.39990234375</ele><time>2026-01-14T05:35:05Z</time><extensions><ns3:TrackPointExtension><ns3:cad>0</ns3:cad></ns3:TrackPointExtension></extensions></trkpt><trkpt lat="29.893501354381442" lon="102.02153951860964"><ele>3992.39990234375</ele><time>2026-01-14T05:35:13Z</time><extensions><ns3:TrackPointExtension><ns3:hr>80</ns3:hr><ns3:cad>46</ns3:cad></ns3:TrackPointExtension></extensions></trkpt><trkpt lat="29.893556088209152" lon="102.02157849445939"><ele>3992.800048828125</ele><time>2026-01-14T05:35:21Z</time><extensions><ns3:TrackPointExtension><ns3:cad>44</ns3:cad></ns3:TrackPointExtension></extensions></trkpt><trkpt lat="29.893592046573758" lon="102.02159869484603"><ele>3993.199951171875</ele><time>2026-01-14T05:35:27Z</time><extensions><ns3:TrackPointExtension><ns3:hr>79</ns3:hr><ns3:cad>49</ns3:cad></ns3:TrackPointExtension></extensions></trkpt><trkpt lat="29.893602104857564" lon="102.0216128602624"><ele>3993.39990234375</ele><time>2026-01-14T05:35:29Z</time><extensions><ns3:TrackPointExtension><ns3:cad>0</ns3:cad></ns3:TrackPointExtension></extensions></trkpt><trkpt lat="29.893639404326677" lon="102.02167111448944"><ele>3994.39990234375</ele><time>2026-01-14T05:35:35Z</time><extensions><ns3:TrackPointExtension><ns3:hr>80</ns3:hr><ns3:cad>43</ns3:cad></ns3:TrackPointExtension></extensions></trkpt><trkpt lat="29.893649211153388" lon="102.02168041840196"><ele>3994.60009765625</ele><time>2026-01-14T05:35:36Z</time><extensions><ns3:TrackPointExtension><ns3:cad>43</ns3:cad></ns3:TrackPointExtension></extensions></trkpt><trkpt lat="29.893680224195123" lon="102.02171629294753"><ele>3995.39990234375</ele><time>2026-01-14T05:35:44Z</time><extensions><ns3:TrackPointExtension><ns3:cad>46</ns3:cad></ns3:TrackPointExtension></extensions></trkpt><trkpt lat="29.893686175346375" lon="102.02171872369945"><ele>3995.60009765625</ele><time>2026-01-14T05:35:49Z</time><extensions><ns3:TrackPointExtension><ns3:cad>0</ns3:cad></ns3:TrackPointExtension></extensions></trkpt><trkpt lat="29.89369858056307" lon="102.02173112891614"><ele>3995.800048828125</ele><time>2026-01-14T05:35:52Z</time><extensions><ns3:TrackPointExtension><ns3:cad>0</ns3:cad></ns3:TrackPointExtension></extensions></trkpt><trkpt lat="29.89375297911465" lon="102.02179173007607"><ele>3996</ele><time>2026-01-14T05:36:01Z</time><extensions><ns3:TrackPointExtension><ns3:hr>78</ns3:hr><ns3:cad>47</ns3:cad></ns3:TrackPointExtension></extensions></trkpt><trkpt lat="29.893795559182763" lon="102.0218333043158"><ele>3996.39990234375</ele><time>2026-01-14T05:36:08Z</time><extensions><ns3:TrackPointExtension><ns3:hr>79</ns3:hr><ns3:cad>46</ns3:cad></ns3:TrackPointExtension></extensions></trkpt><trkpt lat="29.893806288018823" lon="102.02184713445604"><ele>3996.60009765625</ele><time>2026-01-14T05:36:12Z</time><extensions><ns3:TrackPointExtension><ns3:cad>46</ns3:cad></ns3:TrackPointExtension></extensions></trkpt><trkpt lat="29.89380419254303" lon="102.02184185385704"><ele>3996.800048828125</ele><time>2026-01-14T05:36:17Z</time><extensions><ns3:TrackPointExtension><ns3:hr>79</ns3:hr><ns3:cad>0</ns3:cad></ns3:TrackPointExtension></extensions></trkpt><trkpt lat="29.893829505890608" lon="102.02186775393784"><ele>3997.199951171875</ele><time>2026-01-14T05:36:26Z</time><extensions><ns3:TrackPointExtension><ns3:cad>0</ns3:cad></ns3:TrackPointExtension></extensions></trkpt><trkpt lat="29.89388281479478" lon="102.02187093906105"><ele>3997.39990234375</ele><time>2026-01-14T05:36:34Z</time><extensions><ns3:TrackPointExtension><ns3:cad>46</ns3:cad></ns3:TrackPointExtension></extensions></trkpt><trkpt lat="29.893900584429502" lon="102.02186850830913"><ele>3997.800048828125</ele><time>2026-01-14T05:36:37Z</time><extensions><ns3:TrackPointExtension><ns3:cad>45</ns3:cad></ns3:TrackPointExtension></extensions></trkpt><trkpt lat="29.893924724310637" lon="102.02186339534819"><ele>3998.800048828125</ele><time>2026-01-14T05:36:44Z</time><extensions><ns3:TrackPointExtension><ns3:cad>0</ns3:cad></ns3:TrackPointExtension></extensions></trkpt><trkpt lat="29.893926233053207" lon="102.02186188660562"><ele>3998.800048828125</ele><time>2026-01-14T05:36:45Z</time><extensions><ns3:TrackPointExtension><ns3:cad>0</ns3:cad></ns3:TrackPointExtension></extensions></trkpt><trkpt lat="29.893932938575745" lon="102.02186565846205"><ele>3998.800048828125</ele><time>2026-01-14T05:36:49Z</time><extensions><ns3:TrackPointExtension><ns3:hr>72</ns3:hr><ns3:cad>0</ns3:cad></ns3:TrackPointExtension></extensions></trkpt><trkpt lat="29.893930172547698" lon="102.02187336981297"><ele>3998.800048828125</ele><time>2026-01-14T05:36:50Z</time><extensions><ns3:TrackPointExtension><ns3:hr>72</ns3:hr><ns3:cad>0</ns3:cad></ns3:TrackPointExtension></extensions></trkpt><trkpt lat="29.893931513652205" lon="102.02187496237457"><ele>3999</ele><time>2026-01-14T05:36:52Z</time><extensions><ns3:TrackPointExtension><ns3:hr>74</ns3:hr><ns3:cad>0</ns3:cad></ns3:TrackPointExtension></extensions></trkpt><trkpt lat="29.89393067546189" lon="102.02187521383166"><ele>3999.199951171875</ele><time>2026-01-14T05:36:54Z</time><extensions><ns3:TrackPointExtension><ns3:hr>77</ns3:hr><ns3:cad>0</ns3:cad></ns3:TrackPointExtension></extensions></trkpt><trkpt lat="29.893930926918983" lon="102.02186641283333"><ele>3998.39990234375</ele><time>2026-01-14T05:36:58Z</time><extensions><ns3:TrackPointExtension><ns3:cad>0</ns3:cad></ns3:TrackPointExtension></extensions></trkpt><trkpt lat="29.893929921090603" lon="102.02186750248075"><ele>3998.199951171875</ele><time>2026-01-14T05:37:07Z</time><extensions><ns3:TrackPointExtension><ns3:cad>0</ns3:cad></ns3:TrackPointExtension></extensions></trkpt><trkpt lat="29.893929166719317" lon="102.0218679215759"><ele>3998.39990234375</ele><time>2026-01-14T05:37:16Z</time><extensions><ns3:TrackPointExtension><ns3:hr>73</ns3:hr><ns3:cad>0</ns3:cad></ns3:TrackPointExtension></extensions></trkpt><trkpt lat="29.893930172547698" lon="102.02187194488943"><ele>3998.39990234375</ele><time>2026-01-14T05:37:19Z</time><extensions><ns3:TrackPointExtension><ns3:cad>0</ns3:cad></ns3:TrackPointExtension></extensions></trkpt><trkpt lat="29.893947103992105" lon="102.02187068760395"><ele>3999</ele><time>2026-01-14T05:37:38Z</time><extensions><ns3:TrackPointExtension><ns3:cad>0</ns3:cad></ns3:TrackPointExtension></extensions></trkpt><trkpt lat="29.893933944404125" lon="102.02186146751046"><ele>3999</ele><time>2026-01-14T05:37:49Z</time><extensions><ns3:TrackPointExtension><ns3:cad>0</ns3:cad></ns3:TrackPointExtension></extensions></trkpt><trkpt lat="29.893928496167064" lon="102.02187169343233"><ele>3999.199951171875</ele><time>2026-01-14T05:37:59Z</time><extensions><ns3:TrackPointExtension><ns3:cad>0</ns3:cad></ns3:TrackPointExtension></extensions></trkpt><trkpt lat="29.893902763724327" lon="102.02187554910779"><ele>3999.800048828125</ele><time>2026-01-14T05:38:07Z</time><extensions><ns3:TrackPointExtension><ns3:cad>0</ns3:cad></ns3:TrackPointExtension></extensions></trkpt><trkpt lat="29.893902176991105" lon="102.02187445946038"><ele>3999.800048828125</ele><time>2026-01-14T05:38:08Z</time><extensions><ns3:TrackPointExtension><ns3:cad>0</ns3:cad></ns3:TrackPointExtension></extensions></trkpt><trkpt lat="29.893942242488265" lon="102.02186590991914"><ele>3999.39990234375</ele><time>2026-01-14T05:38:16Z</time><extensions><ns3:TrackPointExtension><ns3:cad>0</ns3:cad></ns3:TrackPointExtension></extensions></trkpt><trkpt lat="29.893926233053207" lon="102.021852331236"><ele>3999.60009765625</ele><time>2026-01-14T05:38:23Z</time><extensions><ns3:TrackPointExtension><ns3:hr>74</ns3:hr><ns3:cad>0</ns3:cad></ns3:TrackPointExtension></extensions></trkpt><trkpt lat="29.893931346014142" lon="102.0218544267118"><ele>4000</ele><time>2026-01-14T05:38:32Z</time><extensions><ns3:TrackPointExtension><ns3:hr>76</ns3:hr><ns3:cad>0</ns3:cad></ns3:TrackPointExtension></extensions></trkpt><trkpt lat="29.893924724310637" lon="102.02184847556055"><ele>4001</ele><time>2026-01-14T05:38:41Z</time><extensions><ns3:TrackPointExtension><ns3:cad>0</ns3:cad></ns3:TrackPointExtension></extensions></trkpt><trkpt lat="29.893928579986095" lon="102.02184906229377"><ele>4000.60009765625</ele><time>2026-01-14T05:38:52Z</time><extensions><ns3:TrackPointExtension><ns3:cad>0</ns3:cad></ns3:TrackPointExtension></extensions></trkpt><trkpt lat="29.893937716260552" lon="102.02186113223433"><ele>4000.60009765625</ele><time>2026-01-14T05:38:57Z</time><extensions><ns3:TrackPointExtension><ns3:hr>74</ns3:hr><ns3:cad>0</ns3:cad></ns3:TrackPointExtension></extensions></trkpt><trkpt lat="29.89394400268793" lon="102.02187890186906"><ele>4000.39990234375</ele><time>2026-01-14T05:39:02Z</time><extensions><ns3:TrackPointExtension><ns3:cad>0</ns3:cad></ns3:TrackPointExtension></extensions></trkpt><trkpt lat="29.89393763244152" lon="102.02188082970679"><ele>4000</ele><time>2026-01-14T05:39:07Z</time><extensions><ns3:TrackPointExtension><ns3:cad>0</ns3:cad></ns3:TrackPointExtension></extensions></trkpt><trkpt lat="29.893947103992105" lon="102.02187068760395"><ele>3999.60009765625</ele><time>2026-01-14T05:39:10Z</time><extensions><ns3:TrackPointExtension><ns3:cad>0</ns3:cad></ns3:TrackPointExtension></extensions></trkpt><trkpt lat="29.893947103992105" lon="102.02187068760395"><ele>3999.800048828125</ele><time>2026-01-14T05:39:36Z</time><extensions><ns3:TrackPointExtension><ns3:cad>0</ns3:cad></ns3:TrackPointExtension></extensions></trkpt><trkpt lat="29.893947103992105" lon="102.02187068760395"><ele>4000</ele><time>2026-01-14T05:39:53Z</time><extensions><ns3:TrackPointExtension><ns3:cad>0</ns3:cad></ns3:TrackPointExtension></extensions></trkpt><trkpt lat="29.893947103992105" lon="102.02187068760395"><ele>3999.60009765625</ele><time>2026-01-14T05:40:04Z</time><extensions><ns3:TrackPointExtension><ns3:cad>0</ns3:cad></ns3:TrackPointExtension></extensions></trkpt><trkpt lat="29.893947103992105" lon="102.02187068760395"><ele>3999.800048828125</ele><time>2026-01-14T05:40:22Z</time><extensions><ns3:TrackPointExtension><ns3:cad>0</ns3:cad></ns3:TrackPointExtension></extensions></trkpt><trkpt lat="29.893947103992105" lon="102.02187068760395"><ele>4000</ele><time>2026-01-14T05:40:36Z</time><extensions><ns3:TrackPointExtension><ns3:cad>0</ns3:cad></ns3:TrackPointExtension></extensions></trkpt><trkpt lat="29.89393277093768" lon="102.02187831513584"><ele>4000.199951171875</ele><time>2026-01-14T05:40:49Z</time><extensions><ns3:TrackPointExtension><ns3:cad>0</ns3:cad></ns3:TrackPointExtension></extensions></trkpt><trkpt lat="29.89392447285354" lon="102.02186825685203"><ele>4000.39990234375</ele><time>2026-01-14T05:40:57Z</time><extensions><ns3:TrackPointExtension><ns3:cad>0</ns3:cad></ns3:TrackPointExtension></extensions></trkpt><trkpt lat="29.893921790644526" lon="102.02187563292682"><ele>4000.60009765625</ele><time>2026-01-14T05:41:07Z</time><extensions><ns3:TrackPointExtension><ns3:cad>0</ns3:cad></ns3:TrackPointExtension></extensions></trkpt><trkpt lat="29.89392237737775" lon="102.02187638729811"><ele>4001</ele><time>2026-01-14T05:41:16Z</time><extensions><ns3:TrackPointExtension><ns3:cad>0</ns3:cad></ns3:TrackPointExtension></extensions></trkpt><trkpt lat="29.89392296411097" lon="102.02186029404402"><ele>4001.60009765625</ele><time>2026-01-14T05:41:21Z</time><extensions><ns3:TrackPointExtension><ns3:cad>0</ns3:cad></ns3:TrackPointExtension></extensions></trkpt><trkpt lat="29.8939248919487" lon="102.02183146029711"><ele>4001.39990234375</ele><time>2026-01-14T05:41:33Z</time><extensions><ns3:TrackPointExtension><ns3:cad>0</ns3:cad></ns3:TrackPointExtension></extensions></trkpt><trkpt lat="29.893944337964058" lon="102.02185509726405"><ele>4001.60009765625</ele><time>2026-01-14T05:41:44Z</time><extensions><ns3:TrackPointExtension><ns3:cad>0</ns3:cad></ns3:TrackPointExtension></extensions></trkpt><trkpt lat="29.893942158669233" lon="102.02185291796923"><ele>4001.199951171875</ele><time>2026-01-14T05:41:51Z</time><extensions><ns3:TrackPointExtension><ns3:cad>0</ns3:cad></ns3:TrackPointExtension></extensions></trkpt><trkpt lat="29.89392246119678" lon="102.02185836620629"><ele>4001.60009765625</ele><time>2026-01-14T05:41:57Z</time><extensions><ns3:TrackPointExtension><ns3:cad>0</ns3:cad></ns3:TrackPointExtension></extensions></trkpt><trkpt lat="29.89391994662583" lon="102.02186414971948"><ele>4001.39990234375</ele><time>2026-01-14T05:42:08Z</time><extensions><ns3:TrackPointExtension><ns3:cad>0</ns3:cad></ns3:TrackPointExtension></extensions></trkpt><trkpt lat="29.893916342407465" lon="102.0218660775572"><ele>4001.199951171875</ele><time>2026-01-14T05:42:21Z</time><extensions><ns3:TrackPointExtension><ns3:cad>0</ns3:cad></ns3:TrackPointExtension></extensions></trkpt><trkpt lat="29.893923299387097" lon="102.02187412418425"><ele>4001.39990234375</ele><time>2026-01-14T05:42:27Z</time><extensions><ns3:TrackPointExtension><ns3:cad>0</ns3:cad></ns3:TrackPointExtension></extensions></trkpt><trkpt lat="29.893926735967398" lon="102.02187513001263"><ele>4001.60009765625</ele><time>2026-01-14T05:42:34Z</time><extensions><ns3:TrackPointExtension><ns3:cad>0</ns3:cad></ns3:TrackPointExtension></extensions></trkpt><trkpt lat="29.89393126219511" lon="102.02186532318592"><ele>4001.60009765625</ele><time>2026-01-14T05:42:41Z</time><extensions><ns3:TrackPointExtension><ns3:cad>0</ns3:cad></ns3:TrackPointExtension></extensions></trkpt><trkpt lat="29.89393126219511" lon="102.02186557464302"><ele>4001.60009765625</ele><time>2026-01-14T05:42:49Z</time><extensions><ns3:TrackPointExtension><ns3:cad>0</ns3:cad></ns3:TrackPointExtension></extensions></trkpt><trkpt lat="29.89393662661314" lon="102.02185015194118"><ele>4001.60009765625</ele><time>2026-01-14T05:42:58Z</time><extensions><ns3:TrackPointExtension><ns3:cad>0</ns3:cad></ns3:TrackPointExtension></extensions></trkpt><trkpt lat="29.893932854756713" lon="102.02184612862766"><ele>4002</ele><time>2026-01-14T05:43:07Z</time><extensions><ns3:TrackPointExtension><ns3:cad>43</ns3:cad></ns3:TrackPointExtension></extensions></trkpt><trkpt lat="29.893939811736345" lon="102.02184579335153"><ele>4002</ele><time>2026-01-14T05:43:10Z</time><extensions><ns3:TrackPointExtension><ns3:cad>0</ns3:cad></ns3:TrackPointExtension></extensions></trkpt><trkpt lat="29.893931346014142" lon="102.02185174450278"><ele>4002</ele><time>2026-01-14T05:43:16Z</time><extensions><ns3:TrackPointExtension><ns3:cad>0</ns3:cad></ns3:TrackPointExtension></extensions></trkpt><trkpt lat="29.893932938575745" lon="102.0218631438911"><ele>4002.199951171875</ele><time>2026-01-14T05:43:24Z</time><extensions><ns3:TrackPointExtension><ns3:cad>0</ns3:cad></ns3:TrackPointExtension></extensions></trkpt><trkpt lat="29.89393612369895" lon="102.02185769565403"><ele>4002.199951171875</ele><time>2026-01-14T05:43:34Z</time><extensions><ns3:TrackPointExtension><ns3:cad>0</ns3:cad></ns3:TrackPointExtension></extensions></trkpt><trkpt lat="29.893929921090603" lon="102.02186767011881"><ele>4001.60009765625</ele><time>2026-01-14T05:43:46Z</time><extensions><ns3:TrackPointExtension><ns3:cad>0</ns3:cad></ns3:TrackPointExtension></extensions></trkpt><trkpt lat="29.893931513652205" lon="102.0218684244901"><ele>4001.800048828125</ele><time>2026-01-14T05:43:59Z</time><extensions><ns3:TrackPointExtension><ns3:cad>0</ns3:cad></ns3:TrackPointExtension></extensions></trkpt><trkpt lat="29.89393218420446" lon="102.02186364680529"><ele>4001.800048828125</ele><time>2026-01-14T05:44:13Z</time><extensions><ns3:TrackPointExtension><ns3:cad>0</ns3:cad></ns3:TrackPointExtension></extensions></trkpt><trkpt lat="29.893935788422823" lon="102.02184772118926"><ele>4001.39990234375</ele><time>2026-01-14T05:44:23Z</time><extensions><ns3:TrackPointExtension><ns3:cad>0</ns3:cad></ns3:TrackPointExtension></extensions></trkpt><trkpt lat="29.8939507920295" lon="102.02187026850879"><ele>4001.800048828125</ele><time>2026-01-14T05:44:32Z</time><extensions><ns3:TrackPointExtension><ns3:cad>0</ns3:cad></ns3:TrackPointExtension></extensions></trkpt><trkpt lat="29.8939420748502" lon="102.0218647364527"><ele>4001</ele><time>2026-01-14T05:44:38Z</time><extensions><ns3:TrackPointExtension><ns3:cad>0</ns3:cad></ns3:TrackPointExtension></extensions></trkpt><trkpt lat="29.893944589421153" lon="102.02186867594719"><ele>4000.800048828125</ele><time>2026-01-14T05:44:39Z</time><extensions><ns3:TrackPointExtension><ns3:cad>0</ns3:cad></ns3:TrackPointExtension></extensions></trkpt><trkpt lat="29.893940733745694" lon="102.02187940478325"><ele>4001</ele><time>2026-01-14T05:44:49Z</time><extensions><ns3:TrackPointExtension><ns3:cad>0</ns3:cad></ns3:TrackPointExtension></extensions></trkpt><trkpt lat="29.893934782594442" lon="102.0218819193542"><ele>4001.39990234375</ele><time>2026-01-14T05:44:55Z</time><extensions><ns3:TrackPointExtension><ns3:cad>0</ns3:cad></ns3:TrackPointExtension></extensions></trkpt><trkpt lat="29.89392740651965" lon="102.02188275754452"><ele>4001.39990234375</ele><time>2026-01-14T05:45:06Z</time><extensions><ns3:TrackPointExtension><ns3:cad>0</ns3:cad></ns3:TrackPointExtension></extensions></trkpt><trkpt lat="29.893930172547698" lon="102.02189960516989"><ele>4001.39990234375</ele><time>2026-01-14T05:45:13Z</time><extensions><ns3:TrackPointExtension><ns3:cad>0</ns3:cad></ns3:TrackPointExtension></extensions></trkpt><trkpt lat="29.893980296328664" lon="102.02195542864501"><ele>4001.60009765625</ele><time>2026-01-14T05:45:22Z</time><extensions><ns3:TrackPointExtension><ns3:cad>50</ns3:cad></ns3:TrackPointExtension></extensions></trkpt><trkpt lat="29.89402254112065" lon="102.02196959406137"><ele>4001.60009765625</ele><time>2026-01-14T05:45:27Z</time><extensions><ns3:TrackPointExtension><ns3:cad>0</ns3:cad></ns3:TrackPointExtension></extensions></trkpt><trkpt lat="29.894060092046857" lon="102.02200303785503"><ele>4002</ele><time>2026-01-14T05:45:33Z</time><extensions><ns3:TrackPointExtension><ns3:cad>41</ns3:cad></ns3:TrackPointExtension></extensions></trkpt><trkpt lat="29.894074508920312" lon="102.02200898900628"><ele>4002.199951171875</ele><time>2026-01-14T05:45:35Z</time><extensions><ns3:TrackPointExtension><ns3:cad>41</ns3:cad></ns3:TrackPointExtension></extensions></trkpt><trkpt lat="29.89412765018642" lon="102.0220476295799"><ele>4003</ele><time>2026-01-14T05:45:41Z</time><extensions><ns3:TrackPointExtension><ns3:cad>0</ns3:cad></ns3:TrackPointExtension></extensions></trkpt><trkpt lat="29.894132930785418" lon="102.02204796485603"><ele>4003</ele><time>2026-01-14T05:45:42Z</time><extensions><ns3:TrackPointExtension><ns3:cad>0</ns3:cad></ns3:TrackPointExtension></extensions></trkpt><trkpt lat="29.894171319901943" lon="102.02205056324601"><ele>4003.60009765625</ele><time>2026-01-14T05:45:47Z</time><extensions><ns3:TrackPointExtension><ns3:cad>0</ns3:cad></ns3:TrackPointExtension></extensions></trkpt><trkpt lat="29.894201243296266" lon="102.02205944806337"><ele>4004</ele><time>2026-01-14T05:45:52Z</time><extensions><ns3:TrackPointExtension><ns3:cad>0</ns3:cad></ns3:TrackPointExtension></extensions></trkpt><trkpt lat="29.894235525280237" lon="102.02207705006003"><ele>4004.800048828125</ele><time>2026-01-14T05:45:56Z</time><extensions><ns3:TrackPointExtension><ns3:cad>47</ns3:cad></ns3:TrackPointExtension></extensions></trkpt><trkpt lat="29.89424633793533" lon="102.02208425849676"><ele>4005</ele><time>2026-01-14T05:45:58Z</time><extensions><ns3:TrackPointExtension><ns3:cad>47</ns3:cad></ns3:TrackPointExtension></extensions></trkpt><trkpt lat="29.894256982952356" lon="102.02209314331412"><ele>4005</ele><time>2026-01-14T05:46:02Z</time><extensions><ns3:TrackPointExtension><ns3:cad>0</ns3:cad></ns3:TrackPointExtension></extensions></trkpt><trkpt lat="29.894306771457195" lon="102.02213765121996"><ele>4005.60009765625</ele><time>2026-01-14T05:46:10Z</time><extensions><ns3:TrackPointExtension><ns3:cad>48</ns3:cad></ns3:TrackPointExtension></extensions></trkpt><trkpt lat="29.894348680973053" lon="102.02216723933816"><ele>4005.800048828125</ele><time>2026-01-14T05:46:16Z</time><extensions><ns3:TrackPointExtension><ns3:cad>49</ns3:cad></ns3:TrackPointExtension></extensions></trkpt><trkpt lat="29.894364774227142" lon="102.02217092737556"><ele>4006.199951171875</ele><time>2026-01-14T05:46:18Z</time><extensions><ns3:TrackPointExtension><ns3:cad>49</ns3:cad></ns3:TrackPointExtension></extensions></trkpt><trkpt lat="29.894384387880564" lon="102.02219364233315"><ele>4007</ele><time>2026-01-14T05:46:22Z</time><extensions><ns3:TrackPointExtension><ns3:cad>0</ns3:cad></ns3:TrackPointExtension></extensions></trkpt><trkpt lat="29.894388411194086" lon="102.02220126986504"><ele>4007.39990234375</ele><time>2026-01-14T05:46:24Z</time><extensions><ns3:TrackPointExtension><ns3:cad>0</ns3:cad></ns3:TrackPointExtension></extensions></trkpt><trkpt lat="29.89438463933766" lon="102.02219188213348"><ele>4007.39990234375</ele><time>2026-01-14T05:46:31Z</time><extensions><ns3:TrackPointExtension><ns3:cad>0</ns3:cad></ns3:TrackPointExtension></extensions></trkpt><trkpt lat="29.894428560510278" lon="102.02220219187438"><ele>4007.39990234375</ele><time>2026-01-14T05:46:39Z</time><extensions><ns3:TrackPointExtension><ns3:cad>0</ns3:cad></ns3:TrackPointExtension></extensions></trkpt><trkpt lat="29.89448932930827" lon="102.02224058099091"><ele>4008.199951171875</ele><time>2026-01-14T05:46:47Z</time><extensions><ns3:TrackPointExtension><ns3:cad>43</ns3:cad></ns3:TrackPointExtension></extensions></trkpt><trkpt lat="29.89451615139842" lon="102.02224577777088"><ele>4008.39990234375</ele><time>2026-01-14T05:46:50Z</time><extensions><ns3:TrackPointExtension><ns3:cad>49</ns3:cad></ns3:TrackPointExtension></extensions></trkpt><trkpt lat="29.894567532464862" lon="102.02226304449141"><ele>4009</ele><time>2026-01-14T05:46:57Z</time><extensions><ns3:TrackPointExtension><ns3:cad>48</ns3:cad></ns3:TrackPointExtension></extensions></trkpt><trkpt lat="29.894583877176046" lon="102.0222690794617"><ele>4009.39990234375</ele><time>2026-01-14T05:47:00Z</time><extensions><ns3:TrackPointExtension><ns3:cad>49</ns3:cad></ns3:TrackPointExtension></extensions></trkpt><trkpt lat="29.894620925188065" lon="102.02228617854416"><ele>4009.60009765625</ele><time>2026-01-14T05:47:05Z</time><extensions><ns3:TrackPointExtension><ns3:cad>49</ns3:cad></ns3:TrackPointExtension></extensions></trkpt><trkpt lat="29.894655290991068" lon="102.02234778553247"><ele>4010.39990234375</ele><time>2026-01-14T05:47:11Z</time><extensions><ns3:TrackPointExtension><ns3:cad>44</ns3:cad></ns3:TrackPointExtension></extensions></trkpt><trkpt lat="29.894677167758346" lon="102.02236823737621"><ele>4011</ele><time>2026-01-14T05:47:21Z</time><extensions><ns3:TrackPointExtension><ns3:cad>0</ns3:cad></ns3:TrackPointExtension></extensions></trkpt><trkpt lat="29.894710360094905" lon="102.0223605260253"><ele>4011.199951171875</ele><time>2026-01-14T05:47:26Z</time><extensions><ns3:TrackPointExtension><ns3:cad>0</ns3:cad></ns3:TrackPointExtension></extensions></trkpt><trkpt lat="29.89472427405417" lon="102.02235323376954"><ele>4011.60009765625</ele><time>2026-01-14T05:47:28Z</time><extensions><ns3:TrackPointExtension><ns3:cad>44</ns3:cad></ns3:TrackPointExtension></extensions></trkpt><trkpt lat="29.89475361071527" lon="102.02236664481461"><ele>4012</ele><time>2026-01-14T05:47:33Z</time><extensions><ns3:TrackPointExtension><ns3:cad>0</ns3:cad></ns3:TrackPointExtension></extensions></trkpt><trkpt lat="29.894773978739977" lon="102.02240905724466"><ele>4012.60009765625</ele><time>2026-01-14T05:47:39Z</time><extensions><ns3:TrackPointExtension><ns3:cad>0</ns3:cad></ns3:TrackPointExtension></extensions></trkpt><trkpt lat="29.894775822758675" lon="102.02241282910109"><ele>4012.60009765625</ele><time>2026-01-14T05:47:40Z</time><extensions><ns3:TrackPointExtension><ns3:cad>0</ns3:cad></ns3:TrackPointExtension></extensions></trkpt><trkpt lat="29.89478043280542" lon="102.02243235893548"><ele>4012.800048828125</ele><time>2026-01-14T05:47:49Z</time><extensions><ns3:TrackPointExtension><ns3:cad>0</ns3:cad></ns3:TrackPointExtension></extensions></trkpt><trkpt lat="29.89479376003146" lon="102.02245557680726"><ele>4012.800048828125</ele><time>2026-01-14T05:47:53Z</time><extensions><ns3:TrackPointExtension><ns3:cad>0</ns3:cad></ns3:TrackPointExtension></extensions></trkpt><trkpt lat="29.894793927669525" lon="102.02245666645467"><ele>4012.800048828125</ele><time>2026-01-14T05:47:57Z</time><extensions><ns3:TrackPointExtension><ns3:cad>0</ns3:cad></ns3:TrackPointExtension></extensions></trkpt><trkpt lat="29.894806165248156" lon="102.02246823348105"><ele>4012.800048828125</ele><time>2026-01-14T05:48:07Z</time><extensions><ns3:TrackPointExtension><ns3:cad>0</ns3:cad></ns3:TrackPointExtension></extensions></trkpt><trkpt lat="29.894861318171024" lon="102.02252648770809"><ele>4013.39990234375</ele><time>2026-01-14T05:48:15Z</time><extensions><ns3:TrackPointExtension><ns3:cad>44</ns3:cad></ns3:TrackPointExtension></extensions></trkpt><trkpt lat="29.894866682589054" lon="102.022526236251"><ele>4013.800048828125</ele><time>2026-01-14T05:48:17Z</time><extensions><ns3:TrackPointExtension><ns3:cad>44</ns3:cad></ns3:TrackPointExtension></extensions></trkpt><trkpt lat="29.89489132538438" lon="102.02255926094949"><ele>4014.199951171875</ele><time>2026-01-14T05:48:21Z</time><extensions><ns3:TrackPointExtension><ns3:cad>47</ns3:cad></ns3:TrackPointExtension></extensions></trkpt><trkpt lat="29.894912280142307" lon="102.02258516103029"><ele>4014.800048828125</ele><time>2026-01-14T05:48:26Z</time><extensions><ns3:TrackPointExtension><ns3:cad>0</ns3:cad></ns3:TrackPointExtension></extensions></trkpt><trkpt lat="29.894921416416764" lon="102.02260259538889"><ele>4015</ele><time>2026-01-14T05:48:28Z</time><extensions><ns3:TrackPointExtension><ns3:cad>0</ns3:cad></ns3:TrackPointExtension></extensions></trkpt><trkpt lat="29.89494019187987" lon="102.02263385988772"><ele>4015.39990234375</ele><time>2026-01-14T05:48:33Z</time><extensions><ns3:TrackPointExtension><ns3:cad>48</ns3:cad></ns3:TrackPointExtension></extensions></trkpt><trkpt lat="29.89494077861309" lon="102.02262740582228"><ele>4015.800048828125</ele><time>2026-01-14T05:48:37Z</time><extensions><ns3:TrackPointExtension><ns3:cad>0</ns3:cad></ns3:TrackPointExtension></extensions></trkpt><trkpt lat="29.894946897402406" lon="102.02262992039323"><ele>4016</ele><time>2026-01-14T05:48:39Z</time><extensions><ns3:TrackPointExtension><ns3:cad>0</ns3:cad></ns3:TrackPointExtension></extensions></trkpt><trkpt lat="29.895002720877528" lon="102.02265950851142"><ele>4016.60009765625</ele><time>2026-01-14T05:48:46Z</time><extensions><ns3:TrackPointExtension><ns3:cad>0</ns3:cad></ns3:TrackPointExtension></extensions></trkpt><trkpt lat="29.895013952627778" lon="102.02266378328204"><ele>4016.800048828125</ele><time>2026-01-14T05:48:49Z</time><extensions><ns3:TrackPointExtension><ns3:cad>0</ns3:cad></ns3:TrackPointExtension></extensions></trkpt><trkpt lat="29.895048066973686" lon="102.02267174609005"><ele>4017.39990234375</ele><time>2026-01-14T05:48:54Z</time><extensions><ns3:TrackPointExtension><ns3:cad>0</ns3:cad></ns3:TrackPointExtension></extensions></trkpt><trkpt lat="29.89506877027452" lon="102.02267937362194"><ele>4018</ele><time>2026-01-14T05:48:58Z</time><extensions><ns3:TrackPointExtension><ns3:cad>42</ns3:cad></ns3:TrackPointExtension></extensions></trkpt><trkpt lat="29.895065752789378" lon="102.02268767170608"><ele>4018.39990234375</ele><time>2026-01-14T05:49:02Z</time><extensions><ns3:TrackPointExtension><ns3:cad>0</ns3:cad></ns3:TrackPointExtension></extensions></trkpt><trkpt lat="29.89510548301041" lon="102.02274626120925"><ele>4018.800048828125</ele><time>2026-01-14T05:49:10Z</time><extensions><ns3:TrackPointExtension><ns3:cad>44</ns3:cad></ns3:TrackPointExtension></extensions></trkpt><trkpt lat="29.895112356171012" lon="102.02275346964598"><ele>4019</ele><time>2026-01-14T05:49:12Z</time><extensions><ns3:TrackPointExtension><ns3:cad>44</ns3:cad></ns3:TrackPointExtension></extensions></trkpt><trkpt lat="29.89511914551258" lon="102.02275849878788"><ele>4019.39990234375</ele><time>2026-01-14T05:49:18Z</time><extensions><ns3:TrackPointExtension><ns3:cad>0</ns3:cad></ns3:TrackPointExtension></extensions></trkpt><trkpt lat="29.89516071975231" lon="102.02280250377953"><ele>4019.39990234375</ele><time>2026-01-14T05:49:25Z</time><extensions><ns3:TrackPointExtension><ns3:cad>0</ns3:cad></ns3:TrackPointExtension></extensions></trkpt><trkpt lat="29.895170610398054" lon="102.02281340025365"><ele>4020</ele><time>2026-01-14T05:49:30Z</time><extensions><ns3:TrackPointExtension><ns3:cad>41</ns3:cad></ns3:TrackPointExtension></extensions></trkpt><trkpt lat="29.895168263465166" lon="102.02282547019422"><ele>4020.199951171875</ele><time>2026-01-14T05:49:32Z</time><extensions><ns3:TrackPointExtension><ns3:cad>0</ns3:cad></ns3:TrackPointExtension></extensions></trkpt><trkpt lat="29.895173460245132" lon="102.02281373552978"><ele>4020.39990234375</ele><time>2026-01-14T05:49:38Z</time><extensions><ns3:TrackPointExtension><ns3:cad>0</ns3:cad></ns3:TrackPointExtension></extensions></trkpt><trkpt lat="29.89516750909388" lon="102.02282471582294"><ele>4020</ele><time>2026-01-14T05:49:45Z</time><extensions><ns3:TrackPointExtension><ns3:cad>0</ns3:cad></ns3:TrackPointExtension></extensions></trkpt><trkpt lat="29.895199360325933" lon="102.02284692786634"><ele>4020.39990234375</ele><time>2026-01-14T05:49:53Z</time><extensions><ns3:TrackPointExtension><ns3:cad>0</ns3:cad></ns3:TrackPointExtension></extensions></trkpt><trkpt lat="29.895221823826432" lon="102.02285405248404"><ele>4021</ele><time>2026-01-14T05:49:58Z</time><extensions><ns3:TrackPointExtension><ns3:cad>0</ns3:cad></ns3:TrackPointExtension></extensions></trkpt><trkpt lat="29.895222829654813" lon="102.02285413630307"><ele>4021.199951171875</ele><time>2026-01-14T05:50:00Z</time><extensions><ns3:TrackPointExtension><ns3:cad>0</ns3:cad></ns3:TrackPointExtension></extensions></trkpt><trkpt lat="29.895227272063494" lon="102.02285715378821"><ele>4021.199951171875</ele><time>2026-01-14T05:50:10Z</time><extensions><ns3:TrackPointExtension><ns3:cad>0</ns3:cad></ns3:TrackPointExtension></extensions></trkpt><trkpt lat="29.895239174365997" lon="102.02287735417485"><ele>4021.199951171875</ele><time>2026-01-14T05:50:21Z</time><extensions><ns3:TrackPointExtension><ns3:cad>0</ns3:cad></ns3:TrackPointExtension></extensions></trkpt><trkpt lat="29.895252585411072" lon="102.02285589650273"><ele>4021.199951171875</ele><time>2026-01-14T05:50:29Z</time><extensions><ns3:TrackPointExtension><ns3:cad>0</ns3:cad></ns3:TrackPointExtension></extensions></trkpt><trkpt lat="29.895250322297215" lon="102.02285564504564"><ele>4020.800048828125</ele><time>2026-01-14T05:50:43Z</time><extensions><ns3:TrackPointExtension><ns3:cad>0</ns3:cad></ns3:TrackPointExtension></extensions></trkpt><trkpt lat="29.89525099284947" lon="102.022875091061"><ele>4021</ele><time>2026-01-14T05:50:56Z</time><extensions><ns3:TrackPointExtension><ns3:cad>0</ns3:cad></ns3:TrackPointExtension></extensions></trkpt><trkpt lat="29.895247304812074" lon="102.02290694229305"><ele>4021.199951171875</ele><time>2026-01-14T05:51:03Z</time><extensions><ns3:TrackPointExtension><ns3:cad>0</ns3:cad></ns3:TrackPointExtension></extensions></trkpt><trkpt lat="29.895245796069503" lon="102.02290752902627"><ele>4020.800048828125</ele><time>2026-01-14T05:51:13Z</time><extensions><ns3:TrackPointExtension><ns3:cad>0</ns3:cad></ns3:TrackPointExtension></extensions></trkpt><trkpt lat="29.89524864591658" lon="102.02291524037719"><ele>4020.800048828125</ele><time>2026-01-14T05:51:25Z</time><extensions><ns3:TrackPointExtension><ns3:cad>0</ns3:cad></ns3:TrackPointExtension></extensions></trkpt><trkpt lat="29.89526230841875" lon="102.02290208078921"><ele>4020.60009765625</ele><time>2026-01-14T05:51:33Z</time><extensions><ns3:TrackPointExtension><ns3:cad>0</ns3:cad></ns3:TrackPointExtension></extensions></trkpt><trkpt lat="29.895308408886194" lon="102.02292789705098"><ele>4021.199951171875</ele><time>2026-01-14T05:51:41Z</time><extensions><ns3:TrackPointExtension><ns3:cad>0</ns3:cad></ns3:TrackPointExtension></extensions></trkpt><trkpt lat="29.895317796617746" lon="102.02293627895415"><ele>4021.60009765625</ele><time>2026-01-14T05:51:47Z</time><extensions><ns3:TrackPointExtension><ns3:cad>0</ns3:cad></ns3:TrackPointExtension></extensions></trkpt><trkpt lat="29.895329447463155" lon="102.02294616959989"><ele>4021.60009765625</ele><time>2026-01-14T05:51:54Z</time><extensions><ns3:TrackPointExtension><ns3:cad>0</ns3:cad></ns3:TrackPointExtension></extensions></trkpt><trkpt lat="29.895345456898212" lon="102.02296175993979"><ele>4022.199951171875</ele><time>2026-01-14T05:51:57Z</time><extensions><ns3:TrackPointExtension><ns3:cad>0</ns3:cad></ns3:TrackPointExtension></extensions></trkpt><trkpt lat="29.895375967025757" lon="102.02297165058553"><ele>4022.60009765625</ele><time>2026-01-14T05:52:00Z</time><extensions><ns3:TrackPointExtension><ns3:cad>0</ns3:cad></ns3:TrackPointExtension></extensions></trkpt><trkpt lat="29.895432041957974" lon="102.02299101278186"><ele>4023.199951171875</ele><time>2026-01-14T05:52:06Z</time><extensions><ns3:TrackPointExtension><ns3:cad>0</ns3:cad></ns3:TrackPointExtension></extensions></trkpt><trkpt lat="29.895477388054132" lon="102.02304155565798"><ele>4024.199951171875</ele><time>2026-01-14T05:52:15Z</time><extensions><ns3:TrackPointExtension><ns3:cad>44</ns3:cad></ns3:TrackPointExtension></extensions></trkpt><trkpt lat="29.895482249557972" lon="102.02304524369538"><ele>4024.199951171875</ele><time>2026-01-14T05:52:16Z</time><extensions><ns3:TrackPointExtension><ns3:cad>44</ns3:cad></ns3:TrackPointExtension></extensions></trkpt><trkpt lat="29.895505383610725" lon="102.02305991202593"><ele>4025.39990234375</ele><time>2026-01-14T05:52:23Z</time><extensions><ns3:TrackPointExtension><ns3:cad>0</ns3:cad></ns3:TrackPointExtension></extensions></trkpt><trkpt lat="29.895505886524916" lon="102.02306058257818"><ele>4025.60009765625</ele><time>2026-01-14T05:52:24Z</time><extensions><ns3:TrackPointExtension><ns3:cad>0</ns3:cad></ns3:TrackPointExtension></extensions></trkpt><trkpt lat="29.895521393045783" lon="102.02307114377618"><ele>4025.800048828125</ele><time>2026-01-14T05:52:36Z</time><extensions><ns3:TrackPointExtension><ns3:cad>0</ns3:cad></ns3:TrackPointExtension></extensions></trkpt><trkpt lat="29.89554804749787" lon="102.02309746295214"><ele>4026.39990234375</ele><time>2026-01-14T05:52:42Z</time><extensions><ns3:TrackPointExtension><ns3:cad>0</ns3:cad></ns3:TrackPointExtension></extensions></trkpt><trkpt lat="29.895553747192025" lon="102.0231013186276"><ele>4026.39990234375</ele><time>2026-01-14T05:52:43Z</time><extensions><ns3:TrackPointExtension><ns3:cad>0</ns3:cad></ns3:TrackPointExtension></extensions></trkpt><trkpt lat="29.895610911771655" lon="102.02313283458352"><ele>4027.39990234375</ele><time>2026-01-14T05:52:51Z</time><extensions><ns3:TrackPointExtension><ns3:cad>40</ns3:cad></ns3:TrackPointExtension></extensions></trkpt><trkpt lat="29.895616862922907" lon="102.02313685789704"><ele>4027.39990234375</ele><time>2026-01-14T05:52:52Z</time><extensions><ns3:TrackPointExtension><ns3:cad>40</ns3:cad></ns3:TrackPointExtension></extensions></trkpt><trkpt lat="29.895663298666477" lon="102.02318547293544"><ele>4028.60009765625</ele><time>2026-01-14T05:53:00Z</time><extensions><ns3:TrackPointExtension><ns3:cad>40</ns3:cad></ns3:TrackPointExtension></extensions></trkpt><trkpt lat="29.89570495672524" lon="102.02324129641056"><ele>4029.60009765625</ele><time>2026-01-14T05:53:08Z</time><extensions><ns3:TrackPointExtension><ns3:cad>0</ns3:cad></ns3:TrackPointExtension></extensions></trkpt><trkpt lat="29.895710572600365" lon="102.02325219288468"><ele>4029.60009765625</ele><time>2026-01-14T05:53:09Z</time><extensions><ns3:TrackPointExtension><ns3:cad>0</ns3:cad></ns3:TrackPointExtension></extensions></trkpt><trkpt lat="29.895716859027743" lon="102.02326526865363"><ele>4029.800048828125</ele><time>2026-01-14T05:53:14Z</time><extensions><ns3:TrackPointExtension><ns3:cad>0</ns3:cad></ns3:TrackPointExtension></extensions></trkpt><trkpt lat="29.89573714323342" lon="102.02328722923994"><ele>4030.60009765625</ele><time>2026-01-14T05:53:21Z</time><extensions><ns3:TrackPointExtension><ns3:cad>0</ns3:cad></ns3:TrackPointExtension></extensions></trkpt><trkpt lat="29.89573580212891" lon="102.0232844632119"><ele>4030.800048828125</ele><time>2026-01-14T05:53:22Z</time><extensions><ns3:TrackPointExtension><ns3:cad>0</ns3:cad></ns3:TrackPointExtension></extensions></trkpt><trkpt lat="29.895777544006705" lon="102.02331975102425"><ele>4031</ele><time>2026-01-14T05:53:29Z</time><extensions><ns3:TrackPointExtension><ns3:cad>0</ns3:cad></ns3:TrackPointExtension></extensions></trkpt><trkpt lat="29.895802605897188" lon="102.02333768829703"><ele>4031.800048828125</ele><time>2026-01-14T05:53:34Z</time><extensions><ns3:TrackPointExtension><ns3:cad>0</ns3:cad></ns3:TrackPointExtension></extensions></trkpt><trkpt lat="29.895804869011045" lon="102.02334120869637"><ele>4031.800048828125</ele><time>2026-01-14T05:53:35Z</time><extensions><ns3:TrackPointExtension><ns3:cad>0</ns3:cad></ns3:TrackPointExtension></extensions></trkpt><trkpt lat="29.895804030820727" lon="102.0233463216573"><ele>4032.199951171875</ele><time>2026-01-14T05:53:45Z</time><extensions><ns3:TrackPointExtension><ns3:cad>0</ns3:cad></ns3:TrackPointExtension></extensions></trkpt><trkpt lat="29.89583060145378" lon="102.02337716706097"><ele>4032.199951171875</ele><time>2026-01-14T05:53:52Z</time><extensions><ns3:TrackPointExtension><ns3:cad>76</ns3:cad></ns3:TrackPointExtension></extensions></trkpt><trkpt lat="29.895853232592344" lon="102.02339409850538"><ele>4032.800048828125</ele><time>2026-01-14T05:53:56Z</time><extensions><ns3:TrackPointExtension><ns3:cad>76</ns3:cad></ns3:TrackPointExtension></extensions></trkpt><trkpt lat="29.895885670557618" lon="102.02341748401523"><ele>4033.39990234375</ele><time>2026-01-14T05:54:02Z</time><extensions><ns3:TrackPointExtension><ns3:cad>80</ns3:cad></ns3:TrackPointExtension></extensions></trkpt><trkpt lat="29.895925065502524" lon="102.02343307435513"><ele>4033.800048828125</ele><time>2026-01-14T05:54:09Z</time><extensions><ns3:TrackPointExtension><ns3:cad>0</ns3:cad></ns3:TrackPointExtension></extensions></trkpt><trkpt lat="29.895927663892508" lon="102.02343835495412"><ele>4034.199951171875</ele><time>2026-01-14T05:54:11Z</time><extensions><ns3:TrackPointExtension><ns3:cad>0</ns3:cad></ns3:TrackPointExtension></extensions></trkpt><trkpt lat="29.895927160978317" lon="102.02344363555312"><ele>4034.39990234375</ele><time>2026-01-14T05:54:23Z</time><extensions><ns3:TrackPointExtension><ns3:cad>0</ns3:cad></ns3:TrackPointExtension></extensions></trkpt><trkpt lat="29.895925736054778" lon="102.02344916760921"><ele>4034.39990234375</ele><time>2026-01-14T05:54:34Z</time><extensions><ns3:TrackPointExtension><ns3:cad>0</ns3:cad></ns3:TrackPointExtension></extensions></trkpt><trkpt lat="29.895923137664795" lon="102.02342393808067"><ele>4034.60009765625</ele><time>2026-01-14T05:54:43Z</time><extensions><ns3:TrackPointExtension><ns3:cad>0</ns3:cad></ns3:TrackPointExtension></extensions></trkpt><trkpt lat="29.895923137664795" lon="102.02342393808067"><ele>4034.60009765625</ele><time>2026-01-14T05:54:56Z</time><extensions><ns3:TrackPointExtension><ns3:cad>0</ns3:cad></ns3:TrackPointExtension></extensions></trkpt><trkpt lat="29.895923137664795" lon="102.02342393808067"><ele>4034.39990234375</ele><time>2026-01-14T05:55:10Z</time><extensions><ns3:TrackPointExtension><ns3:cad>0</ns3:cad></ns3:TrackPointExtension></extensions></trkpt><trkpt lat="29.895923137664795" lon="102.02342393808067"><ele>4034.800048828125</ele><time>2026-01-14T05:55:22Z</time><extensions><ns3:TrackPointExtension><ns3:cad>0</ns3:cad></ns3:TrackPointExtension></extensions></trkpt><trkpt lat="29.895923724398017" lon="102.02344053424895"><ele>4034.60009765625</ele><time>2026-01-14T05:55:33Z</time><extensions><ns3:TrackPointExtension><ns3:cad>0</ns3:cad></ns3:TrackPointExtension></extensions></trkpt><trkpt lat="29.895922718569636" lon="102.02343651093543"><ele>4035</ele><time>2026-01-14T05:55:41Z</time><extensions><ns3:TrackPointExtension><ns3:cad>0</ns3:cad></ns3:TrackPointExtension></extensions></trkpt><trkpt lat="29.89592590369284" lon="102.02342796139419"><ele>4035</ele><time>2026-01-14T05:55:44Z</time><extensions><ns3:TrackPointExtension><ns3:cad>0</ns3:cad></ns3:TrackPointExtension></extensions></trkpt><trkpt lat="29.895916935056448" lon="102.0234240218997"><ele>4034.60009765625</ele><time>2026-01-14T05:55:57Z</time><extensions><ns3:TrackPointExtension><ns3:cad>0</ns3:cad></ns3:TrackPointExtension></extensions></trkpt><trkpt lat="29.89592883735895" lon="102.02342972159386"><ele>4035</ele><time>2026-01-14T05:56:05Z</time><extensions><ns3:TrackPointExtension><ns3:cad>0</ns3:cad></ns3:TrackPointExtension></extensions></trkpt><trkpt lat="29.895943757146597" lon="102.02341756783426"><ele>4034.800048828125</ele><time>2026-01-14T05:56:18Z</time><extensions><ns3:TrackPointExtension><ns3:cad>0</ns3:cad></ns3:TrackPointExtension></extensions></trkpt><trkpt lat="29.895943757146597" lon="102.02341756783426"><ele>4034.60009765625</ele><time>2026-01-14T05:56:32Z</time><extensions><ns3:TrackPointExtension><ns3:cad>0</ns3:cad></ns3:TrackPointExtension></extensions></trkpt><trkpt lat="29.895917186513543" lon="102.02341035939753"><ele>4034.800048828125</ele><time>2026-01-14T05:56:36Z</time><extensions><ns3:TrackPointExtension><ns3:cad>0</ns3:cad></ns3:TrackPointExtension></extensions></trkpt><trkpt lat="29.89593210630119" lon="102.02343055978417"><ele>4034.199951171875</ele><time>2026-01-14T05:56:47Z</time><extensions><ns3:TrackPointExtension><ns3:cad>0</ns3:cad></ns3:TrackPointExtension></extensions></trkpt><trkpt lat="29.895930094644427" lon="102.02342921867967"><ele>4033.800048828125</ele><time>2026-01-14T05:56:49Z</time><extensions><ns3:TrackPointExtension><ns3:cad>0</ns3:cad></ns3:TrackPointExtension></extensions></trkpt><trkpt lat="29.89592875353992" lon="102.0234345830977"><ele>4033.60009765625</ele><time>2026-01-14T05:56:59Z</time><extensions><ns3:TrackPointExtension><ns3:cad>0</ns3:cad></ns3:TrackPointExtension></extensions></trkpt><trkpt lat="29.89592875353992" lon="102.0234345830977"><ele>4033.800048828125</ele><time>2026-01-14T05:57:15Z</time><extensions><ns3:TrackPointExtension><ns3:cad>0</ns3:cad></ns3:TrackPointExtension></extensions></trkpt><trkpt lat="29.89592875353992" lon="102.0234345830977"><ele>4033.39990234375</ele><time>2026-01-14T05:57:24Z</time><extensions><ns3:TrackPointExtension><ns3:cad>0</ns3:cad></ns3:TrackPointExtension></extensions></trkpt><trkpt lat="29.89592875353992" lon="102.0234345830977"><ele>4033</ele><time>2026-01-14T05:57:42Z</time><extensions><ns3:TrackPointExtension><ns3:cad>0</ns3:cad></ns3:TrackPointExtension></extensions></trkpt><trkpt lat="29.89592875353992" lon="102.0234345830977"><ele>4033.199951171875</ele><time>2026-01-14T05:57:56Z</time><extensions><ns3:TrackPointExtension><ns3:cad>0</ns3:cad></ns3:TrackPointExtension></extensions></trkpt><trkpt lat="29.89592875353992" lon="102.0234345830977"><ele>4032.800048828125</ele><time>2026-01-14T05:58:12Z</time><extensions><ns3:TrackPointExtension><ns3:cad>0</ns3:cad></ns3:TrackPointExtension></extensions></trkpt><trkpt lat="29.895932944491506" lon="102.02343743294477"><ele>4032.800048828125</ele><time>2026-01-14T05:58:22Z</time><extensions><ns3:TrackPointExtension><ns3:cad>0</ns3:cad></ns3:TrackPointExtension></extensions></trkpt><trkpt lat="29.895933363586664" lon="102.02344036661088"><ele>4032.800048828125</ele><time>2026-01-14T05:58:23Z</time><extensions><ns3:TrackPointExtension><ns3:cad>0</ns3:cad></ns3:TrackPointExtension></extensions></trkpt><trkpt lat="29.895915761590004" lon="102.02345612458885"><ele>4033.800048828125</ele><time>2026-01-14T05:58:32Z</time><extensions><ns3:TrackPointExtension><ns3:cad>0</ns3:cad></ns3:TrackPointExtension></extensions></trkpt><trkpt lat="29.895915761590004" lon="102.02345612458885"><ele>4033.800048828125</ele><time>2026-01-14T05:58:33Z</time><extensions><ns3:TrackPointExtension><ns3:cad>0</ns3:cad></ns3:TrackPointExtension></extensions></trkpt><trkpt lat="29.895914839580655" lon="102.02344849705696"><ele>4033.60009765625</ele><time>2026-01-14T05:58:41Z</time><extensions><ns3:TrackPointExtension><ns3:cad>0</ns3:cad></ns3:TrackPointExtension></extensions></trkpt><trkpt lat="29.89592590369284" lon="102.02344732359052"><ele>4033.60009765625</ele><time>2026-01-14T05:58:49Z</time><extensions><ns3:TrackPointExtension><ns3:cad>0</ns3:cad></ns3:TrackPointExtension></extensions></trkpt><trkpt lat="29.89592774771154" lon="102.02344916760921"><ele>4034</ele><time>2026-01-14T05:58:57Z</time><extensions><ns3:TrackPointExtension><ns3:cad>0</ns3:cad></ns3:TrackPointExtension></extensions></trkpt><trkpt lat="29.895915761590004" lon="102.02345612458885"><ele>4034.39990234375</ele><time>2026-01-14T05:59:06Z</time><extensions><ns3:TrackPointExtension><ns3:cad>0</ns3:cad></ns3:TrackPointExtension></extensions></trkpt><trkpt lat="29.89592481404543" lon="102.0234430488199"><ele>4034.39990234375</ele><time>2026-01-14T05:59:19Z</time><extensions><ns3:TrackPointExtension><ns3:cad>0</ns3:cad></ns3:TrackPointExtension></extensions></trkpt><trkpt lat="29.895924981683493" lon="102.02344296500087"><ele>4034.800048828125</ele><time>2026-01-14T05:59:26Z</time><extensions><ns3:TrackPointExtension><ns3:cad>0</ns3:cad></ns3:TrackPointExtension></extensions></trkpt><trkpt lat="29.895926574245095" lon="102.02344774268568"><ele>4035.199951171875</ele><time>2026-01-14T05:59:40Z</time><extensions><ns3:TrackPointExtension><ns3:cad>0</ns3:cad></ns3:TrackPointExtension></extensions></trkpt><trkpt lat="29.89592188037932" lon="102.02343081124127"><ele>4035.60009765625</ele><time>2026-01-14T05:59:50Z</time><extensions><ns3:TrackPointExtension><ns3:cad>0</ns3:cad></ns3:TrackPointExtension></extensions></trkpt><trkpt lat="29.895917773246765" lon="102.0234295539558"><ele>4035.800048828125</ele><time>2026-01-14T06:00:01Z</time><extensions><ns3:TrackPointExtension><ns3:cad>0</ns3:cad></ns3:TrackPointExtension></extensions></trkpt><trkpt lat="29.895921209827065" lon="102.02343382872641"><ele>4036</ele><time>2026-01-14T06:00:04Z</time><extensions><ns3:TrackPointExtension><ns3:cad>0</ns3:cad></ns3:TrackPointExtension></extensions></trkpt><trkpt lat="29.895924059674144" lon="102.02344195917249"><ele>4036.199951171875</ele><time>2026-01-14T06:00:11Z</time><extensions><ns3:TrackPointExtension><ns3:cad>0</ns3:cad></ns3:TrackPointExtension></extensions></trkpt><trkpt lat="29.895919365808368" lon="102.02341698110104"><ele>4036.199951171875</ele><time>2026-01-14T06:00:19Z</time><extensions><ns3:TrackPointExtension><ns3:cad>0</ns3:cad></ns3:TrackPointExtension></extensions></trkpt><trkpt lat="29.895919365808368" lon="102.023416897282"><ele>4036</ele><time>2026-01-14T06:00:30Z</time><extensions><ns3:TrackPointExtension><ns3:cad>0</ns3:cad></ns3:TrackPointExtension></extensions></trkpt><trkpt lat="29.8959487862885" lon="102.02344371937215"><ele>4036.199951171875</ele><time>2026-01-14T06:00:41Z</time><extensions><ns3:TrackPointExtension><ns3:cad>0</ns3:cad></ns3:TrackPointExtension></extensions></trkpt><trkpt lat="29.895985750481486" lon="102.0234811026603"><ele>4037</ele><time>2026-01-14T06:00:49Z</time><extensions><ns3:TrackPointExtension><ns3:cad>41</ns3:cad></ns3:TrackPointExtension></extensions></trkpt><trkpt lat="29.896022966131568" lon="102.02349225059152"><ele>4037.60009765625</ele><time>2026-01-14T06:00:55Z</time><extensions><ns3:TrackPointExtension><ns3:cad>0</ns3:cad></ns3:TrackPointExtension></extensions></trkpt><trkpt lat="29.896048279479146" lon="102.0235001295805"><ele>4038</ele><time>2026-01-14T06:00:58Z</time><extensions><ns3:TrackPointExtension><ns3:cad>0</ns3:cad></ns3:TrackPointExtension></extensions></trkpt><trkpt lat="29.896087255328894" lon="102.02348831109703"><ele>4038.199951171875</ele><time>2026-01-14T06:01:02Z</time><extensions><ns3:TrackPointExtension><ns3:cad>0</ns3:cad></ns3:TrackPointExtension></extensions></trkpt><trkpt lat="29.896153220906854" lon="102.02347883954644"><ele>4039</ele><time>2026-01-14T06:01:10Z</time><extensions><ns3:TrackPointExtension><ns3:cad>47</ns3:cad></ns3:TrackPointExtension></extensions></trkpt><trkpt lat="29.89615690894425" lon="102.02348437160254"><ele>4039.199951171875</ele><time>2026-01-14T06:01:11Z</time><extensions><ns3:TrackPointExtension><ns3:cad>47</ns3:cad></ns3:TrackPointExtension></extensions></trkpt><trkpt lat="29.89618146792054" lon="102.023546397686"><ele>4039.60009765625</ele><time>2026-01-14T06:01:18Z</time><extensions><ns3:TrackPointExtension><ns3:cad>0</ns3:cad></ns3:TrackPointExtension></extensions></trkpt><trkpt lat="29.896174930036068" lon="102.02354866079986"><ele>4040</ele><time>2026-01-14T06:01:22Z</time><extensions><ns3:TrackPointExtension><ns3:cad>0</ns3:cad></ns3:TrackPointExtension></extensions></trkpt><trkpt lat="29.89611592143774" lon="102.02353918924928"><ele>4039</ele><time>2026-01-14T06:01:29Z</time><extensions><ns3:TrackPointExtension><ns3:cad>0</ns3:cad></ns3:TrackPointExtension></extensions></trkpt><trkpt lat="29.896079041063786" lon="102.0235469006002"><ele>4038.39990234375</ele><time>2026-01-14T06:01:35Z</time><extensions><ns3:TrackPointExtension><ns3:cad>0</ns3:cad></ns3:TrackPointExtension></extensions></trkpt><trkpt lat="29.896053560078144" lon="102.02354832552373"><ele>4038</ele><time>2026-01-14T06:01:38Z</time><extensions><ns3:TrackPointExtension><ns3:cad>0</ns3:cad></ns3:TrackPointExtension></extensions></trkpt><trkpt lat="29.89599773660302" lon="102.0235207490623"><ele>4037</ele><time>2026-01-14T06:01:45Z</time><extensions><ns3:TrackPointExtension><ns3:cad>0</ns3:cad></ns3:TrackPointExtension></extensions></trkpt><trkpt lat="29.895977368578315" lon="102.02350968495011"><ele>4037</ele><time>2026-01-14T06:01:47Z</time><extensions><ns3:TrackPointExtension><ns3:cad>0</ns3:cad></ns3:TrackPointExtension></extensions></trkpt><trkpt lat="29.89590779878199" lon="102.02347154729068"><ele>4036.39990234375</ele><time>2026-01-14T06:01:56Z</time><extensions><ns3:TrackPointExtension><ns3:cad>56</ns3:cad></ns3:TrackPointExtension></extensions></trkpt><trkpt lat="29.895893801003695" lon="102.02347733080387"><ele>4035.800048828125</ele><time>2026-01-14T06:01:59Z</time><extensions><ns3:TrackPointExtension><ns3:cad>0</ns3:cad></ns3:TrackPointExtension></extensions></trkpt><trkpt lat="29.895899584516883" lon="102.02348286285996"><ele>4035.800048828125</ele><time>2026-01-14T06:02:01Z</time><extensions><ns3:TrackPointExtension><ns3:cad>0</ns3:cad></ns3:TrackPointExtension></extensions></trkpt><trkpt lat="29.89590528421104" lon="102.02349124476314"><ele>4036</ele><time>2026-01-14T06:02:03Z</time><extensions><ns3:TrackPointExtension><ns3:cad>0</ns3:cad></ns3:TrackPointExtension></extensions></trkpt><trkpt lat="29.895929340273142" lon="102.02352670021355"><ele>4036</ele><time>2026-01-14T06:02:08Z</time><extensions><ns3:TrackPointExtension><ns3:cad>0</ns3:cad></ns3:TrackPointExtension></extensions></trkpt><trkpt lat="29.895951971411705" lon="102.02354044653475"><ele>4036.199951171875</ele><time>2026-01-14T06:02:14Z</time><extensions><ns3:TrackPointExtension><ns3:cad>0</ns3:cad></ns3:TrackPointExtension></extensions></trkpt><trkpt lat="29.895959431305528" lon="102.02357606962323"><ele>4036.800048828125</ele><time>2026-01-14T06:02:18Z</time><extensions><ns3:TrackPointExtension><ns3:cad>0</ns3:cad></ns3:TrackPointExtension></extensions></trkpt><trkpt lat="29.895951971411705" lon="102.02358000911772"><ele>4036.800048828125</ele><time>2026-01-14T06:02:21Z</time><extensions><ns3:TrackPointExtension><ns3:cad>0</ns3:cad></ns3:TrackPointExtension></extensions></trkpt><trkpt lat="29.895941074937582" lon="102.02364974655211"><ele>4036.199951171875</ele><time>2026-01-14T06:02:28Z</time><extensions><ns3:TrackPointExtension><ns3:cad>0</ns3:cad></ns3:TrackPointExtension></extensions></trkpt><trkpt lat="29.895930597558618" lon="102.0236986130476"><ele>4036.39990234375</ele><time>2026-01-14T06:02:34Z</time><extensions><ns3:TrackPointExtension><ns3:cad>77</ns3:cad></ns3:TrackPointExtension></extensions></trkpt><trkpt lat="29.89593076519668" lon="102.02369811013341"><ele>4037.39990234375</ele><time>2026-01-14T06:02:41Z</time><extensions><ns3:TrackPointExtension><ns3:cad>0</ns3:cad></ns3:TrackPointExtension></extensions></trkpt><trkpt lat="29.895932860672474" lon="102.02368386089802"><ele>4037.199951171875</ele><time>2026-01-14T06:02:52Z</time><extensions><ns3:TrackPointExtension><ns3:cad>0</ns3:cad></ns3:TrackPointExtension></extensions></trkpt><trkpt lat="29.895912744104862" lon="102.02372216619551"><ele>4037</ele><time>2026-01-14T06:03:00Z</time><extensions><ns3:TrackPointExtension><ns3:cad>0</ns3:cad></ns3:TrackPointExtension></extensions></trkpt><trkpt lat="29.89589262753725" lon="102.02373549342155"><ele>4038</ele><time>2026-01-14T06:03:05Z</time><extensions><ns3:TrackPointExtension><ns3:cad>0</ns3:cad></ns3:TrackPointExtension></extensions></trkpt><trkpt lat="29.895885167643428" lon="102.02374907210469"><ele>4038.39990234375</ele><time>2026-01-14T06:03:08Z</time><extensions><ns3:TrackPointExtension><ns3:cad>0</ns3:cad></ns3:TrackPointExtension></extensions></trkpt><trkpt lat="29.89588332362473" lon="102.02374747954309"><ele>4039</ele><time>2026-01-14T06:03:14Z</time><extensions><ns3:TrackPointExtension><ns3:cad>0</ns3:cad></ns3:TrackPointExtension></extensions></trkpt><trkpt lat="29.89588231779635" lon="102.02376080676913"><ele>4039</ele><time>2026-01-14T06:03:16Z</time><extensions><ns3:TrackPointExtension><ns3:cad>0</ns3:cad></ns3:TrackPointExtension></extensions></trkpt><trkpt lat="29.89588374271989" lon="102.02379466965795"><ele>4040</ele><time>2026-01-14T06:03:22Z</time><extensions><ns3:TrackPointExtension><ns3:cad>74</ns3:cad></ns3:TrackPointExtension></extensions></trkpt><trkpt lat="29.895884077996016" lon="102.02379617840052"><ele>4040.199951171875</ele><time>2026-01-14T06:03:23Z</time><extensions><ns3:TrackPointExtension><ns3:cad>74</ns3:cad></ns3:TrackPointExtension></extensions></trkpt><trkpt lat="29.895883072167635" lon="102.02379232272506"><ele>4040.800048828125</ele><time>2026-01-14T06:03:29Z</time><extensions><ns3:TrackPointExtension><ns3:cad>0</ns3:cad></ns3:TrackPointExtension></extensions></trkpt><trkpt lat="29.89588432945311" lon="102.02381704933941"><ele>4040.39990234375</ele><time>2026-01-14T06:03:37Z</time><extensions><ns3:TrackPointExtension><ns3:cad>0</ns3:cad></ns3:TrackPointExtension></extensions></trkpt><trkpt lat="29.895878797397017" lon="102.02384496107697"><ele>4041.39990234375</ele><time>2026-01-14T06:03:43Z</time><extensions><ns3:TrackPointExtension><ns3:cad>73</ns3:cad></ns3:TrackPointExtension></extensions></trkpt><trkpt lat="29.895856585353613" lon="102.02386214397848"><ele>4042.60009765625</ele><time>2026-01-14T06:03:49Z</time><extensions><ns3:TrackPointExtension><ns3:cad>0</ns3:cad></ns3:TrackPointExtension></extensions></trkpt><trkpt lat="29.895856333896518" lon="102.02386256307364"><ele>4042.800048828125</ele><time>2026-01-14T06:03:50Z</time><extensions><ns3:TrackPointExtension><ns3:cad>0</ns3:cad></ns3:TrackPointExtension></extensions></trkpt><trkpt lat="29.895861111581326" lon="102.02388242818415"><ele>4043</ele><time>2026-01-14T06:03:56Z</time><extensions><ns3:TrackPointExtension><ns3:cad>0</ns3:cad></ns3:TrackPointExtension></extensions></trkpt><trkpt lat="29.895869493484497" lon="102.0239039696753"><ele>4043.60009765625</ele><time>2026-01-14T06:04:01Z</time><extensions><ns3:TrackPointExtension><ns3:cad>0</ns3:cad></ns3:TrackPointExtension></extensions></trkpt><trkpt lat="29.895869242027402" lon="102.02390782535076"><ele>4044</ele><time>2026-01-14T06:04:03Z</time><extensions><ns3:TrackPointExtension><ns3:cad>0</ns3:cad></ns3:TrackPointExtension></extensions></trkpt><trkpt lat="29.895857172086835" lon="102.02393934130669"><ele>4044.60009765625</ele><time>2026-01-14T06:04:09Z</time><extensions><ns3:TrackPointExtension><ns3:cad>45</ns3:cad></ns3:TrackPointExtension></extensions></trkpt><trkpt lat="29.89585742354393" lon="102.02394353225827"><ele>4044.800048828125</ele><time>2026-01-14T06:04:10Z</time><extensions><ns3:TrackPointExtension><ns3:cad>45</ns3:cad></ns3:TrackPointExtension></extensions></trkpt><trkpt lat="29.895866056904197" lon="102.02394277788699"><ele>4045.800048828125</ele><time>2026-01-14T06:04:15Z</time><extensions><ns3:TrackPointExtension><ns3:cad>0</ns3:cad></ns3:TrackPointExtension></extensions></trkpt><trkpt lat="29.8958642128855" lon="102.02395283617079"><ele>4045.800048828125</ele><time>2026-01-14T06:04:17Z</time><extensions><ns3:TrackPointExtension><ns3:cad>0</ns3:cad></ns3:TrackPointExtension></extensions></trkpt><trkpt lat="29.89587167277932" lon="102.02396708540618"><ele>4046</ele><time>2026-01-14T06:04:29Z</time><extensions><ns3:TrackPointExtension><ns3:cad>0</ns3:cad></ns3:TrackPointExtension></extensions></trkpt><trkpt lat="29.895867817103863" lon="102.02398443594575"><ele>4046.39990234375</ele><time>2026-01-14T06:04:39Z</time><extensions><ns3:TrackPointExtension><ns3:cad>0</ns3:cad></ns3:TrackPointExtension></extensions></trkpt><trkpt lat="29.895871756598353" lon="102.02398912981153"><ele>4046.800048828125</ele><time>2026-01-14T06:04:42Z</time><extensions><ns3:TrackPointExtension><ns3:cad>43</ns3:cad></ns3:TrackPointExtension></extensions></trkpt><trkpt lat="29.89586815237999" lon="102.0239782333374"><ele>4047.39990234375</ele><time>2026-01-14T06:04:45Z</time><extensions><ns3:TrackPointExtension><ns3:cad>0</ns3:cad></ns3:TrackPointExtension></extensions></trkpt><trkpt lat="29.895862033590674" lon="102.02396557666361"><ele>4047.199951171875</ele><time>2026-01-14T06:04:57Z</time><extensions><ns3:TrackPointExtension><ns3:cad>0</ns3:cad></ns3:TrackPointExtension></extensions></trkpt><trkpt lat="29.895852813497186" lon="102.02400882728398"><ele>4047.800048828125</ele><time>2026-01-14T06:05:05Z</time><extensions><ns3:TrackPointExtension><ns3:cad>0</ns3:cad></ns3:TrackPointExtension></extensions></trkpt><trkpt lat="29.895851388573647" lon="102.02401326969266"><ele>4048</ele><time>2026-01-14T06:05:06Z</time><extensions><ns3:TrackPointExtension><ns3:cad>0</ns3:cad></ns3:TrackPointExtension></extensions></trkpt><trkpt lat="29.89583454094827" lon="102.02404025942087"><ele>4048.39990234375</ele><time>2026-01-14T06:05:12Z</time><extensions><ns3:TrackPointExtension><ns3:cad>0</ns3:cad></ns3:TrackPointExtension></extensions></trkpt><trkpt lat="29.89582867361605" lon="102.02406297437847"><ele>4049.199951171875</ele><time>2026-01-14T06:05:15Z</time><extensions><ns3:TrackPointExtension><ns3:cad>56</ns3:cad></ns3:TrackPointExtension></extensions></trkpt><trkpt lat="29.895812077447772" lon="102.02409222722054"><ele>4050.199951171875</ele><time>2026-01-14T06:05:19Z</time><extensions><ns3:TrackPointExtension><ns3:cad>0</ns3:cad></ns3:TrackPointExtension></extensions></trkpt><trkpt lat="29.895806796848774" lon="102.02409465797246"><ele>4050.39990234375</ele><time>2026-01-14T06:05:20Z</time><extensions><ns3:TrackPointExtension><ns3:cad>0</ns3:cad></ns3:TrackPointExtension></extensions></trkpt><trkpt lat="29.895792715251446" lon="102.02410899102688"><ele>4051.199951171875</ele><time>2026-01-14T06:05:25Z</time><extensions><ns3:TrackPointExtension><ns3:cad>0</ns3:cad></ns3:TrackPointExtension></extensions></trkpt><trkpt lat="29.895786680281162" lon="102.02410832047462"><ele>4051.39990234375</ele><time>2026-01-14T06:05:26Z</time><extensions><ns3:TrackPointExtension><ns3:cad>0</ns3:cad></ns3:TrackPointExtension></extensions></trkpt><trkpt lat="29.89578114822507" lon="102.0241027045995"><ele>4051.60009765625</ele><time>2026-01-14T06:05:32Z</time><extensions><ns3:TrackPointExtension><ns3:cad>0</ns3:cad></ns3:TrackPointExtension></extensions></trkpt><trkpt lat="29.895787853747606" lon="102.02412022277713"><ele>4051.60009765625</ele><time>2026-01-14T06:05:40Z</time><extensions><ns3:TrackPointExtension><ns3:cad>0</ns3:cad></ns3:TrackPointExtension></extensions></trkpt><trkpt lat="29.895772095769644" lon="102.02410412952304"><ele>4050.60009765625</ele><time>2026-01-14T06:05:46Z</time><extensions><ns3:TrackPointExtension><ns3:cad>0</ns3:cad></ns3:TrackPointExtension></extensions></trkpt><trkpt lat="29.895773269236088" lon="102.02409599907696"><ele>4051.199951171875</ele><time>2026-01-14T06:05:54Z</time><extensions><ns3:TrackPointExtension><ns3:cad>0</ns3:cad></ns3:TrackPointExtension></extensions></trkpt><trkpt lat="29.895771257579327" lon="102.02409172430634"><ele>4051.60009765625</ele><time>2026-01-14T06:06:02Z</time><extensions><ns3:TrackPointExtension><ns3:cad>0</ns3:cad></ns3:TrackPointExtension></extensions></trkpt><trkpt lat="29.895763294771314" lon="102.02409180812538"><ele>4051.199951171875</ele><time>2026-01-14T06:06:11Z</time><extensions><ns3:TrackPointExtension><ns3:cad>0</ns3:cad></ns3:TrackPointExtension></extensions></trkpt><trkpt lat="29.89575382322073" lon="102.0240804925561"><ele>4051</ele><time>2026-01-14T06:06:14Z</time><extensions><ns3:TrackPointExtension><ns3:hr>76</ns3:hr><ns3:cad>0</ns3:cad></ns3:TrackPointExtension></extensions></trkpt><trkpt lat="29.895765725523233" lon="102.02408351004124"><ele>4050.800048828125</ele><time>2026-01-14T06:06:17Z</time><extensions><ns3:TrackPointExtension><ns3:cad>0</ns3:cad></ns3:TrackPointExtension></extensions></trkpt><trkpt lat="29.895788272842765" lon="102.02409943565726"><ele>4051.199951171875</ele><time>2026-01-14T06:06:23Z</time><extensions><ns3:TrackPointExtension><ns3:cad>0</ns3:cad></ns3:TrackPointExtension></extensions></trkpt><trkpt lat="29.895794643089175" lon="102.02410253696144"><ele>4051.199951171875</ele><time>2026-01-14T06:06:35Z</time><extensions><ns3:TrackPointExtension><ns3:cad>0</ns3:cad></ns3:TrackPointExtension></extensions></trkpt><trkpt lat="29.89578894339502" lon="102.02411175705492"><ele>4051</ele><time>2026-01-14T06:06:46Z</time><extensions><ns3:TrackPointExtension><ns3:cad>0</ns3:cad></ns3:TrackPointExtension></extensions></trkpt><trkpt lat="29.895785255357623" lon="102.0241095777601"><ele>4051</ele><time>2026-01-14T06:06:55Z</time><extensions><ns3:TrackPointExtension><ns3:cad>0</ns3:cad></ns3:TrackPointExtension></extensions></trkpt><trkpt lat="29.895794643089175" lon="102.02410253696144"><ele>4051.199951171875</ele><time>2026-01-14T06:07:04Z</time><extensions><ns3:TrackPointExtension><ns3:cad>0</ns3:cad></ns3:TrackPointExtension></extensions></trkpt><trkpt lat="29.895795732736588" lon="102.02411661855876"><ele>4051</ele><time>2026-01-14T06:07:18Z</time><extensions><ns3:TrackPointExtension><ns3:cad>0</ns3:cad></ns3:TrackPointExtension></extensions></trkpt><trkpt lat="29.895794643089175" lon="102.02410253696144"><ele>4050.60009765625</ele><time>2026-01-14T06:07:28Z</time><extensions><ns3:TrackPointExtension><ns3:cad>0</ns3:cad></ns3:TrackPointExtension></extensions></trkpt><trkpt lat="29.895794643089175" lon="102.02410253696144"><ele>4050.39990234375</ele><time>2026-01-14T06:07:35Z</time><extensions><ns3:TrackPointExtension><ns3:cad>0</ns3:cad></ns3:TrackPointExtension></extensions></trkpt><trkpt lat="29.895813334733248" lon="102.02410438098013"><ele>4050.199951171875</ele><time>2026-01-14T06:07:53Z</time><extensions><ns3:TrackPointExtension><ns3:cad>0</ns3:cad></ns3:TrackPointExtension></extensions></trkpt><trkpt lat="29.895803947001696" lon="102.02410077676177"><ele>4050</ele><time>2026-01-14T06:08:05Z</time><extensions><ns3:TrackPointExtension><ns3:cad>0</ns3:cad></ns3:TrackPointExtension></extensions></trkpt><trkpt lat="29.895808305591345" lon="102.0241027045995"><ele>4050.199951171875</ele><time>2026-01-14T06:08:16Z</time><extensions><ns3:TrackPointExtension><ns3:cad>0</ns3:cad></ns3:TrackPointExtension></extensions></trkpt><trkpt lat="29.895808305591345" lon="102.0241027045995"><ele>4050.199951171875</ele><time>2026-01-14T06:08:24Z</time><extensions><ns3:TrackPointExtension><ns3:cad>0</ns3:cad></ns3:TrackPointExtension></extensions></trkpt><trkpt lat="29.895808305591345" lon="102.0241027045995"><ele>4050.199951171875</ele><time>2026-01-14T06:08:33Z</time><extensions><ns3:TrackPointExtension><ns3:cad>0</ns3:cad></ns3:TrackPointExtension></extensions></trkpt><trkpt lat="29.89577930420637" lon="102.02412089332938"><ele>4050.39990234375</ele><time>2026-01-14T06:08:41Z</time><extensions><ns3:TrackPointExtension><ns3:cad>0</ns3:cad></ns3:TrackPointExtension></extensions></trkpt><trkpt lat="29.89577930420637" lon="102.02412089332938"><ele>4050.800048828125</ele><time>2026-01-14T06:08:59Z</time><extensions><ns3:TrackPointExtension><ns3:cad>0</ns3:cad></ns3:TrackPointExtension></extensions></trkpt><trkpt lat="29.895810903981328" lon="102.02412927523255"><ele>4051</ele><time>2026-01-14T06:09:08Z</time><extensions><ns3:TrackPointExtension><ns3:cad>0</ns3:cad></ns3:TrackPointExtension></extensions></trkpt><trkpt lat="29.89585147239268" lon="102.0241563487798"><ele>4051.199951171875</ele><time>2026-01-14T06:09:15Z</time><extensions><ns3:TrackPointExtension><ns3:cad>0</ns3:cad></ns3:TrackPointExtension></extensions></trkpt><trkpt lat="29.895865889266133" lon="102.02415886335075"><ele>4051.39990234375</ele><time>2026-01-14T06:09:17Z</time><extensions><ns3:TrackPointExtension><ns3:cad>0</ns3:cad></ns3:TrackPointExtension></extensions></trkpt><trkpt lat="29.89590193144977" lon="102.02418074011803"><ele>4051.800048828125</ele><time>2026-01-14T06:09:22Z</time><extensions><ns3:TrackPointExtension><ns3:cad>45</ns3:cad></ns3:TrackPointExtension></extensions></trkpt><trkpt lat="29.895928921177983" lon="102.0242012757808"><ele>4052.39990234375</ele><time>2026-01-14T06:09:26Z</time><extensions><ns3:TrackPointExtension><ns3:cad>0</ns3:cad></ns3:TrackPointExtension></extensions></trkpt><trkpt lat="29.89594249986112" lon="102.024215022102"><ele>4052.800048828125</ele><time>2026-01-14T06:09:29Z</time><extensions><ns3:TrackPointExtension><ns3:cad>0</ns3:cad></ns3:TrackPointExtension></extensions></trkpt><trkpt lat="29.895975021645427" lon="102.02424452640116"><ele>4053.60009765625</ele><time>2026-01-14T06:09:36Z</time><extensions><ns3:TrackPointExtension><ns3:cad>77</ns3:cad></ns3:TrackPointExtension></extensions></trkpt><trkpt lat="29.895978206768632" lon="102.02424729242921"><ele>4053.800048828125</ele><time>2026-01-14T06:09:37Z</time><extensions><ns3:TrackPointExtension><ns3:cad>73</ns3:cad></ns3:TrackPointExtension></extensions></trkpt><trkpt lat="29.895980888977647" lon="102.02425383031368"><ele>4054.199951171875</ele><time>2026-01-14T06:09:39Z</time><extensions><ns3:TrackPointExtension><ns3:hr>72</ns3:hr><ns3:cad>73</ns3:cad></ns3:TrackPointExtension></extensions></trkpt><trkpt lat="29.896020367741585" lon="102.02428660355508"><ele>4054.60009765625</ele><time>2026-01-14T06:09:44Z</time><extensions><ns3:TrackPointExtension><ns3:cad>40</ns3:cad></ns3:TrackPointExtension></extensions></trkpt><trkpt lat="29.896035036072135" lon="102.02428291551769"><ele>4055.199951171875</ele><time>2026-01-14T06:09:50Z</time><extensions><ns3:TrackPointExtension><ns3:cad>0</ns3:cad></ns3:TrackPointExtension></extensions></trkpt><trkpt lat="29.89604157395661" lon="102.02427755109966"><ele>4055.39990234375</ele><time>2026-01-14T06:09:59Z</time><extensions><ns3:TrackPointExtension><ns3:cad>0</ns3:cad></ns3:TrackPointExtension></extensions></trkpt><trkpt lat="29.89608566276729" lon="102.02430521138012"><ele>4055.60009765625</ele><time>2026-01-14T06:10:06Z</time><extensions><ns3:TrackPointExtension><ns3:cad>0</ns3:cad></ns3:TrackPointExtension></extensions></trkpt><trkpt lat="29.896098989993334" lon="102.02431409619749"><ele>4055.800048828125</ele><time>2026-01-14T06:10:08Z</time><extensions><ns3:TrackPointExtension><ns3:cad>0</ns3:cad></ns3:TrackPointExtension></extensions></trkpt><trkpt lat="29.896169900894165" lon="102.0243447739631"><ele>4056</ele><time>2026-01-14T06:10:16Z</time><extensions><ns3:TrackPointExtension><ns3:cad>40</ns3:cad></ns3:TrackPointExtension></extensions></trkpt><trkpt lat="29.89616822451353" lon="102.0243511442095"><ele>4056.199951171875</ele><time>2026-01-14T06:10:17Z</time><extensions><ns3:TrackPointExtension><ns3:cad>40</ns3:cad></ns3:TrackPointExtension></extensions></trkpt><trkpt lat="29.896173253655434" lon="102.02437092550099"><ele>4056.800048828125</ele><time>2026-01-14T06:10:22Z</time><extensions><ns3:TrackPointExtension><ns3:cad>0</ns3:cad></ns3:TrackPointExtension></extensions></trkpt><trkpt lat="29.896177779883146" lon="102.02437218278646"><ele>4057</ele><time>2026-01-14T06:10:23Z</time><extensions><ns3:TrackPointExtension><ns3:cad>0</ns3:cad></ns3:TrackPointExtension></extensions></trkpt><trkpt lat="29.896195298060775" lon="102.02437779866159"><ele>4057</ele><time>2026-01-14T06:10:25Z</time><extensions><ns3:TrackPointExtension><ns3:hr>72</ns3:hr><ns3:cad>0</ns3:cad></ns3:TrackPointExtension></extensions></trkpt><trkpt lat="29.896226059645414" lon="102.02437838539481"><ele>4056.800048828125</ele><time>2026-01-14T06:10:30Z</time><extensions><ns3:TrackPointExtension><ns3:cad>0</ns3:cad></ns3:TrackPointExtension></extensions></trkpt><trkpt lat="29.896260341629386" lon="102.02439984306693"><ele>4057</ele><time>2026-01-14T06:10:37Z</time><extensions><ns3:TrackPointExtension><ns3:cad>0</ns3:cad></ns3:TrackPointExtension></extensions></trkpt><trkpt lat="29.896282637491822" lon="102.02443362213671"><ele>4057.60009765625</ele><time>2026-01-14T06:10:42Z</time><extensions><ns3:TrackPointExtension><ns3:cad>0</ns3:cad></ns3:TrackPointExtension></extensions></trkpt><trkpt lat="29.89628540351987" lon="102.02443663962185"><ele>4057.800048828125</ele><time>2026-01-14T06:10:43Z</time><extensions><ns3:TrackPointExtension><ns3:cad>0</ns3:cad></ns3:TrackPointExtension></extensions></trkpt><trkpt lat="29.896289762109518" lon="102.02444778755307"><ele>4058</ele><time>2026-01-14T06:10:45Z</time><extensions><ns3:TrackPointExtension><ns3:cad>0</ns3:cad></ns3:TrackPointExtension></extensions></trkpt><trkpt lat="29.896317087113857" lon="102.0244653057307"><ele>4058.39990234375</ele><time>2026-01-14T06:10:51Z</time><extensions><ns3:TrackPointExtension><ns3:cad>0</ns3:cad></ns3:TrackPointExtension></extensions></trkpt><trkpt lat="29.896323205903172" lon="102.02448600903153"><ele>4058.39990234375</ele><time>2026-01-14T06:10:59Z</time><extensions><ns3:TrackPointExtension><ns3:cad>0</ns3:cad></ns3:TrackPointExtension></extensions></trkpt><trkpt lat="29.89633292891085" lon="102.024489864707"><ele>4058.60009765625</ele><time>2026-01-14T06:11:07Z</time><extensions><ns3:TrackPointExtension><ns3:cad>0</ns3:cad></ns3:TrackPointExtension></extensions></trkpt><trkpt lat="29.89636654034257" lon="102.02450101263821"><ele>4058.60009765625</ele><time>2026-01-14T06:11:16Z</time><extensions><ns3:TrackPointExtension><ns3:cad>0</ns3:cad></ns3:TrackPointExtension></extensions></trkpt><trkpt lat="29.896365953609347" lon="102.02448290772736"><ele>4058.800048828125</ele><time>2026-01-14T06:11:25Z</time><extensions><ns3:TrackPointExtension><ns3:cad>0</ns3:cad></ns3:TrackPointExtension></extensions></trkpt><trkpt lat="29.89637148566544" lon="102.02451903373003"><ele>4058.60009765625</ele><time>2026-01-14T06:11:31Z</time><extensions><ns3:TrackPointExtension><ns3:cad>0</ns3:cad></ns3:TrackPointExtension></extensions></trkpt><trkpt lat="29.896404342725873" lon="102.02454426325858"><ele>4058.60009765625</ele><time>2026-01-14T06:11:38Z</time><extensions><ns3:TrackPointExtension><ns3:cad>40</ns3:cad></ns3:TrackPointExtension></extensions></trkpt><trkpt lat="29.896428817883134" lon="102.02454677782953"><ele>4059</ele><time>2026-01-14T06:11:43Z</time><extensions><ns3:TrackPointExtension><ns3:cad>44</ns3:cad></ns3:TrackPointExtension></extensions></trkpt><trkpt lat="29.896434601396322" lon="102.0245466940105"><ele>4059.199951171875</ele><time>2026-01-14T06:11:44Z</time><extensions><ns3:TrackPointExtension><ns3:cad>44</ns3:cad></ns3:TrackPointExtension></extensions></trkpt><trkpt lat="29.896470978856087" lon="102.02459589578211"><ele>4059.60009765625</ele><time>2026-01-14T06:11:52Z</time><extensions><ns3:TrackPointExtension><ns3:cad>0</ns3:cad></ns3:TrackPointExtension></extensions></trkpt><trkpt lat="29.89648522809148" lon="102.0246243942529"><ele>4060</ele><time>2026-01-14T06:11:55Z</time><extensions><ns3:TrackPointExtension><ns3:cad>0</ns3:cad></ns3:TrackPointExtension></extensions></trkpt><trkpt lat="29.896508613601327" lon="102.02464937232435"><ele>4060.199951171875</ele><time>2026-01-14T06:11:59Z</time><extensions><ns3:TrackPointExtension><ns3:cad>0</ns3:cad></ns3:TrackPointExtension></extensions></trkpt><trkpt lat="29.896567706018686" lon="102.02467393130064"><ele>4061</ele><time>2026-01-14T06:12:06Z</time><extensions><ns3:TrackPointExtension><ns3:cad>0</ns3:cad></ns3:TrackPointExtension></extensions></trkpt><trkpt lat="29.896571980789304" lon="102.0246791280806"><ele>4061.199951171875</ele><time>2026-01-14T06:12:07Z</time><extensions><ns3:TrackPointExtension><ns3:cad>0</ns3:cad></ns3:TrackPointExtension></extensions></trkpt><trkpt lat="29.89661280065775" lon="102.0246899407357"><ele>4062</ele><time>2026-01-14T06:12:13Z</time><extensions><ns3:TrackPointExtension><ns3:cad>45</ns3:cad></ns3:TrackPointExtension></extensions></trkpt><trkpt lat="29.89661724306643" lon="102.02469513751566"><ele>4062.199951171875</ele><time>2026-01-14T06:12:14Z</time><extensions><ns3:TrackPointExtension><ns3:cad>57</ns3:cad></ns3:TrackPointExtension></extensions></trkpt><trkpt lat="29.89663928747177" lon="102.02472765929997"><ele>4062.60009765625</ele><time>2026-01-14T06:12:19Z</time><extensions><ns3:TrackPointExtension><ns3:cad>57</ns3:cad></ns3:TrackPointExtension></extensions></trkpt><trkpt lat="29.896644232794642" lon="102.02473151497543"><ele>4062.800048828125</ele><time>2026-01-14T06:12:21Z</time><extensions><ns3:TrackPointExtension><ns3:cad>41</ns3:cad></ns3:TrackPointExtension></extensions></trkpt><trkpt lat="29.89665135741234" lon="102.02473310753703"><ele>4063.199951171875</ele><time>2026-01-14T06:12:25Z</time><extensions><ns3:TrackPointExtension><ns3:cad>41</ns3:cad></ns3:TrackPointExtension></extensions></trkpt><trkpt lat="29.896668707951903" lon="102.02475883997977"><ele>4064.199951171875</ele><time>2026-01-14T06:12:32Z</time><extensions><ns3:TrackPointExtension><ns3:cad>0</ns3:cad></ns3:TrackPointExtension></extensions></trkpt><trkpt lat="29.896676586940885" lon="102.02476797625422"><ele>4064.39990234375</ele><time>2026-01-14T06:12:39Z</time><extensions><ns3:TrackPointExtension><ns3:cad>0</ns3:cad></ns3:TrackPointExtension></extensions></trkpt><trkpt lat="29.896669127047062" lon="102.02474039979279"><ele>4064.800048828125</ele><time>2026-01-14T06:12:53Z</time><extensions><ns3:TrackPointExtension><ns3:cad>0</ns3:cad></ns3:TrackPointExtension></extensions></trkpt><trkpt lat="29.896697709336877" lon="102.02475741505623"><ele>4064.39990234375</ele><time>2026-01-14T06:13:04Z</time><extensions><ns3:TrackPointExtension><ns3:cad>0</ns3:cad></ns3:TrackPointExtension></extensions></trkpt><trkpt lat="29.896734338253736" lon="102.02479781582952"><ele>4065.199951171875</ele><time>2026-01-14T06:13:10Z</time><extensions><ns3:TrackPointExtension><ns3:cad>0</ns3:cad></ns3:TrackPointExtension></extensions></trkpt><trkpt lat="29.89679359830916" lon="102.02483536675572"><ele>4066</ele><time>2026-01-14T06:13:17Z</time><extensions><ns3:TrackPointExtension><ns3:cad>0</ns3:cad></ns3:TrackPointExtension></extensions></trkpt><trkpt lat="29.896814804524183" lon="102.02484358102083"><ele>4066.39990234375</ele><time>2026-01-14T06:13:24Z</time><extensions><ns3:TrackPointExtension><ns3:cad>0</ns3:cad></ns3:TrackPointExtension></extensions></trkpt><trkpt lat="29.89681262522936" lon="102.02483603730798"><ele>4066.39990234375</ele><time>2026-01-14T06:13:25Z</time><extensions><ns3:TrackPointExtension><ns3:cad>0</ns3:cad></ns3:TrackPointExtension></extensions></trkpt><trkpt lat="29.89681899547577" lon="102.02483327127993"><ele>4066.800048828125</ele><time>2026-01-14T06:13:35Z</time><extensions><ns3:TrackPointExtension><ns3:cad>0</ns3:cad></ns3:TrackPointExtension></extensions></trkpt><trkpt lat="29.89683902822435" lon="102.0248680561781"><ele>4067.199951171875</ele><time>2026-01-14T06:13:44Z</time><extensions><ns3:TrackPointExtension><ns3:cad>0</ns3:cad></ns3:TrackPointExtension></extensions></trkpt><trkpt lat="29.896827461197972" lon="102.02487543225288"><ele>4067</ele><time>2026-01-14T06:13:50Z</time><extensions><ns3:TrackPointExtension><ns3:cad>0</ns3:cad></ns3:TrackPointExtension></extensions></trkpt><trkpt lat="29.896861240267754" lon="102.02486746944487"><ele>4067.199951171875</ele><time>2026-01-14T06:13:59Z</time><extensions><ns3:TrackPointExtension><ns3:cad>0</ns3:cad></ns3:TrackPointExtension></extensions></trkpt><trkpt lat="29.896878506988287" lon="102.02485053800046"><ele>4067.199951171875</ele><time>2026-01-14T06:14:09Z</time><extensions><ns3:TrackPointExtension><ns3:cad>0</ns3:cad></ns3:TrackPointExtension></extensions></trkpt><trkpt lat="29.89686685614288" lon="102.02485975809395"><ele>4067</ele><time>2026-01-14T06:14:24Z</time><extensions><ns3:TrackPointExtension><ns3:cad>0</ns3:cad></ns3:TrackPointExtension></extensions></trkpt><trkpt lat="29.896861659362912" lon="102.02485799789429"><ele>4067</ele><time>2026-01-14T06:14:36Z</time><extensions><ns3:TrackPointExtension><ns3:cad>0</ns3:cad></ns3:TrackPointExtension></extensions></trkpt><trkpt lat="29.896847745403647" lon="102.024846682325"><ele>4066.60009765625</ele><time>2026-01-14T06:14:50Z</time><extensions><ns3:TrackPointExtension><ns3:cad>0</ns3:cad></ns3:TrackPointExtension></extensions></trkpt><trkpt lat="29.896829891949892" lon="102.02486696653068"><ele>4066.39990234375</ele><time>2026-01-14T06:14:57Z</time><extensions><ns3:TrackPointExtension><ns3:cad>0</ns3:cad></ns3:TrackPointExtension></extensions></trkpt><trkpt lat="29.896836765110493" lon="102.02487425878644"><ele>4066.800048828125</ele><time>2026-01-14T06:15:05Z</time><extensions><ns3:TrackPointExtension><ns3:cad>0</ns3:cad></ns3:TrackPointExtension></extensions></trkpt><trkpt lat="29.896830562502146" lon="102.02486537396908"><ele>4066.800048828125</ele><time>2026-01-14T06:15:16Z</time><extensions><ns3:TrackPointExtension><ns3:cad>0</ns3:cad></ns3:TrackPointExtension></extensions></trkpt><trkpt lat="29.896835340186954" lon="102.02485523186624"><ele>4067</ele><time>2026-01-14T06:15:27Z</time><extensions><ns3:TrackPointExtension><ns3:cad>0</ns3:cad></ns3:TrackPointExtension></extensions></trkpt><trkpt lat="29.896861659362912" lon="102.02485799789429"><ele>4067.39990234375</ele><time>2026-01-14T06:15:37Z</time><extensions><ns3:TrackPointExtension><ns3:cad>0</ns3:cad></ns3:TrackPointExtension></extensions></trkpt><trkpt lat="29.896861659362912" lon="102.02485799789429"><ele>4067.39990234375</ele><time>2026-01-14T06:15:43Z</time><extensions><ns3:TrackPointExtension><ns3:cad>0</ns3:cad></ns3:TrackPointExtension></extensions></trkpt><trkpt lat="29.896858390420675" lon="102.02485137619078"><ele>4067.800048828125</ele><time>2026-01-14T06:15:58Z</time><extensions><ns3:TrackPointExtension><ns3:cad>0</ns3:cad></ns3:TrackPointExtension></extensions></trkpt><trkpt lat="29.896848164498806" lon="102.0248363725841"><ele>4068.39990234375</ele><time>2026-01-14T06:16:04Z</time><extensions><ns3:TrackPointExtension><ns3:cad>0</ns3:cad></ns3:TrackPointExtension></extensions></trkpt><trkpt lat="29.896845566108823" lon="102.02483234927058"><ele>4068.60009765625</ele><time>2026-01-14T06:16:05Z</time><extensions><ns3:TrackPointExtension><ns3:cad>0</ns3:cad></ns3:TrackPointExtension></extensions></trkpt><trkpt lat="29.89684741012752" lon="102.02482522465289"><ele>4068</ele><time>2026-01-14T06:16:12Z</time><extensions><ns3:TrackPointExtension><ns3:cad>0</ns3:cad></ns3:TrackPointExtension></extensions></trkpt><trkpt lat="29.896831568330526" lon="102.02484869398177"><ele>4068.199951171875</ele><time>2026-01-14T06:16:19Z</time><extensions><ns3:TrackPointExtension><ns3:cad>0</ns3:cad></ns3:TrackPointExtension></extensions></trkpt><trkpt lat="29.896831400692463" lon="102.02485447749496"><ele>4067.800048828125</ele><time>2026-01-14T06:16:26Z</time><extensions><ns3:TrackPointExtension><ns3:cad>0</ns3:cad></ns3:TrackPointExtension></extensions></trkpt><trkpt lat="29.896825281903148" lon="102.02485690824687"><ele>4067.60009765625</ele><time>2026-01-14T06:16:32Z</time><extensions><ns3:TrackPointExtension><ns3:cad>0</ns3:cad></ns3:TrackPointExtension></extensions></trkpt><trkpt lat="29.896848583593965" lon="102.0248714927584"><ele>4067.800048828125</ele><time>2026-01-14T06:16:44Z</time><extensions><ns3:TrackPointExtension><ns3:hr>75</ns3:hr><ns3:cad>0</ns3:cad></ns3:TrackPointExtension></extensions></trkpt><trkpt lat="29.89685076288879" lon="102.02487719245255"><ele>4067.800048828125</ele><time>2026-01-14T06:16:45Z</time><extensions><ns3:TrackPointExtension><ns3:hr>76</ns3:hr><ns3:cad>0</ns3:cad></ns3:TrackPointExtension></extensions></trkpt><trkpt lat="29.896853864192963" lon="102.02485288493335"><ele>4067.60009765625</ele><time>2026-01-14T06:16:53Z</time><extensions><ns3:TrackPointExtension><ns3:cad>0</ns3:cad></ns3:TrackPointExtension></extensions></trkpt><trkpt lat="29.89685084670782" lon="102.02485657297075"><ele>4067.39990234375</ele><time>2026-01-14T06:17:04Z</time><extensions><ns3:TrackPointExtension><ns3:cad>0</ns3:cad></ns3:TrackPointExtension></extensions></trkpt><trkpt lat="29.89684984087944" lon="102.02486202120781"><ele>4067.39990234375</ele><time>2026-01-14T06:17:05Z</time><extensions><ns3:TrackPointExtension><ns3:cad>0</ns3:cad></ns3:TrackPointExtension></extensions></trkpt><trkpt lat="29.89682645536959" lon="102.02488264068961"><ele>4067.39990234375</ele><time>2026-01-14T06:17:17Z</time><extensions><ns3:TrackPointExtension><ns3:cad>0</ns3:cad></ns3:TrackPointExtension></extensions></trkpt><trkpt lat="29.89682486280799" lon="102.02486445195973"><ele>4067</ele><time>2026-01-14T06:17:28Z</time><extensions><ns3:TrackPointExtension><ns3:cad>0</ns3:cad></ns3:TrackPointExtension></extensions></trkpt><trkpt lat="29.89683911204338" lon="102.0248556509614"><ele>4067</ele><time>2026-01-14T06:17:39Z</time><extensions><ns3:TrackPointExtension><ns3:cad>0</ns3:cad></ns3:TrackPointExtension></extensions></trkpt><trkpt lat="29.89683911204338" lon="102.0248556509614"><ele>4066.800048828125</ele><time>2026-01-14T06:17:51Z</time><extensions><ns3:TrackPointExtension><ns3:cad>0</ns3:cad></ns3:TrackPointExtension></extensions></trkpt><trkpt lat="29.89683911204338" lon="102.0248556509614"><ele>4067</ele><time>2026-01-14T06:18:02Z</time><extensions><ns3:TrackPointExtension><ns3:cad>0</ns3:cad></ns3:TrackPointExtension></extensions></trkpt><trkpt lat="29.89683911204338" lon="102.0248556509614"><ele>4067</ele><time>2026-01-14T06:18:16Z</time><extensions><ns3:TrackPointExtension><ns3:cad>0</ns3:cad></ns3:TrackPointExtension></extensions></trkpt><trkpt lat="29.89683911204338" lon="102.0248556509614"><ele>4066.800048828125</ele><time>2026-01-14T06:18:27Z</time><extensions><ns3:TrackPointExtension><ns3:cad>0</ns3:cad></ns3:TrackPointExtension></extensions></trkpt><trkpt lat="29.89684204570949" lon="102.02487031929195"><ele>4066.60009765625</ele><time>2026-01-14T06:18:38Z</time><extensions><ns3:TrackPointExtension><ns3:cad>0</ns3:cad></ns3:TrackPointExtension></extensions></trkpt><trkpt lat="29.896844811737537" lon="102.02487006783485"><ele>4067</ele><time>2026-01-14T06:18:47Z</time><extensions><ns3:TrackPointExtension><ns3:cad>0</ns3:cad></ns3:TrackPointExtension></extensions></trkpt><trkpt lat="29.896838106215" lon="102.0248744264245"><ele>4067</ele><time>2026-01-14T06:18:55Z</time><extensions><ns3:TrackPointExtension><ns3:cad>0</ns3:cad></ns3:TrackPointExtension></extensions></trkpt><trkpt lat="29.896840788424015" lon="102.0248725824058"><ele>4067.199951171875</ele><time>2026-01-14T06:19:01Z</time><extensions><ns3:TrackPointExtension><ns3:cad>0</ns3:cad></ns3:TrackPointExtension></extensions></trkpt><trkpt lat="29.8968415427953" lon="102.02486679889262"><ele>4067.60009765625</ele><time>2026-01-14T06:19:14Z</time><extensions><ns3:TrackPointExtension><ns3:cad>0</ns3:cad></ns3:TrackPointExtension></extensions></trkpt><trkpt lat="29.8968449793756" lon="102.02486629597843"><ele>4067.39990234375</ele><time>2026-01-14T06:19:23Z</time><extensions><ns3:TrackPointExtension><ns3:cad>0</ns3:cad></ns3:TrackPointExtension></extensions></trkpt><trkpt lat="29.89681899547577" lon="102.02489756047726"><ele>4067</ele><time>2026-01-14T06:19:32Z</time><extensions><ns3:TrackPointExtension><ns3:cad>0</ns3:cad></ns3:TrackPointExtension></extensions></trkpt><trkpt lat="29.896831484511495" lon="102.0248831436038"><ele>4067.199951171875</ele><time>2026-01-14T06:19:39Z</time><extensions><ns3:TrackPointExtension><ns3:cad>0</ns3:cad></ns3:TrackPointExtension></extensions></trkpt><trkpt lat="29.89682687446475" lon="102.02487300150096"><ele>4066.800048828125</ele><time>2026-01-14T06:19:47Z</time><extensions><ns3:TrackPointExtension><ns3:cad>0</ns3:cad></ns3:TrackPointExtension></extensions></trkpt><trkpt lat="29.89684489555657" lon="102.02487006783485"><ele>4066.60009765625</ele><time>2026-01-14T06:19:57Z</time><extensions><ns3:TrackPointExtension><ns3:cad>0</ns3:cad></ns3:TrackPointExtension></extensions></trkpt><trkpt lat="29.89686157554388" lon="102.02487635426223"><ele>4066.800048828125</ele><time>2026-01-14T06:20:07Z</time><extensions><ns3:TrackPointExtension><ns3:cad>0</ns3:cad></ns3:TrackPointExtension></extensions></trkpt><trkpt lat="29.896859731525183" lon="102.02487610280514"><ele>4066.60009765625</ele><time>2026-01-14T06:20:20Z</time><extensions><ns3:TrackPointExtension><ns3:cad>0</ns3:cad></ns3:TrackPointExtension></extensions></trkpt><trkpt lat="29.896864844486117" lon="102.02486705034971"><ele>4066.39990234375</ele><time>2026-01-14T06:20:27Z</time><extensions><ns3:TrackPointExtension><ns3:cad>62</ns3:cad></ns3:TrackPointExtension></extensions></trkpt><trkpt lat="29.896865179762244" lon="102.02486629597843"><ele>4066.39990234375</ele><time>2026-01-14T06:20:28Z</time><extensions><ns3:TrackPointExtension><ns3:cad>62</ns3:cad></ns3:TrackPointExtension></extensions></trkpt><trkpt lat="29.89684548228979" lon="102.02486160211265"><ele>4066.800048828125</ele><time>2026-01-14T06:20:36Z</time><extensions><ns3:TrackPointExtension><ns3:cad>0</ns3:cad></ns3:TrackPointExtension></extensions></trkpt><trkpt lat="29.896847493946552" lon="102.02485791407526"><ele>4066.800048828125</ele><time>2026-01-14T06:20:47Z</time><extensions><ns3:TrackPointExtension><ns3:cad>68</ns3:cad></ns3:TrackPointExtension></extensions></trkpt><trkpt lat="29.896860737353563" lon="102.02484978362918"><ele>4066.800048828125</ele><time>2026-01-14T06:20:52Z</time><extensions><ns3:TrackPointExtension><ns3:cad>0</ns3:cad></ns3:TrackPointExtension></extensions></trkpt><trkpt lat="29.89685906097293" lon="102.02485187910497"><ele>4066.60009765625</ele><time>2026-01-14T06:20:59Z</time><extensions><ns3:TrackPointExtension><ns3:cad>0</ns3:cad></ns3:TrackPointExtension></extensions></trkpt><trkpt lat="29.896827042102814" lon="102.02486948110163"><ele>4066.60009765625</ele><time>2026-01-14T06:21:04Z</time><extensions><ns3:TrackPointExtension><ns3:cad>0</ns3:cad></ns3:TrackPointExtension></extensions></trkpt><trkpt lat="29.896833579987288" lon="102.0248852390796"><ele>4066.60009765625</ele><time>2026-01-14T06:21:11Z</time><extensions><ns3:TrackPointExtension><ns3:cad>0</ns3:cad></ns3:TrackPointExtension></extensions></trkpt><trkpt lat="29.896847493946552" lon="102.02487082220614"><ele>4067</ele><time>2026-01-14T06:21:18Z</time><extensions><ns3:TrackPointExtension><ns3:cad>0</ns3:cad></ns3:TrackPointExtension></extensions></trkpt><trkpt lat="29.896861240267754" lon="102.02485263347626"><ele>4066.800048828125</ele><time>2026-01-14T06:21:29Z</time><extensions><ns3:TrackPointExtension><ns3:cad>0</ns3:cad></ns3:TrackPointExtension></extensions></trkpt><trkpt lat="29.896827209740877" lon="102.02484886161983"><ele>4066.39990234375</ele><time>2026-01-14T06:21:37Z</time><extensions><ns3:TrackPointExtension><ns3:cad>0</ns3:cad></ns3:TrackPointExtension></extensions></trkpt><trkpt lat="29.89687037654221" lon="102.02484953217208"><ele>4066.800048828125</ele><time>2026-01-14T06:21:50Z</time><extensions><ns3:TrackPointExtension><ns3:cad>0</ns3:cad></ns3:TrackPointExtension></extensions></trkpt><trkpt lat="29.896868029609323" lon="102.0248939562589"><ele>4067.39990234375</ele><time>2026-01-14T06:21:58Z</time><extensions><ns3:TrackPointExtension><ns3:cad>0</ns3:cad></ns3:TrackPointExtension></extensions></trkpt><trkpt lat="29.896871466189623" lon="102.02490284107625"><ele>4067.39990234375</ele><time>2026-01-14T06:21:59Z</time><extensions><ns3:TrackPointExtension><ns3:cad>0</ns3:cad></ns3:TrackPointExtension></extensions></trkpt><trkpt lat="29.89689728245139" lon="102.02493192628026"><ele>4068</ele><time>2026-01-14T06:22:05Z</time><extensions><ns3:TrackPointExtension><ns3:cad>0</ns3:cad></ns3:TrackPointExtension></extensions></trkpt><trkpt lat="29.896911531686783" lon="102.02494491823018"><ele>4068.39990234375</ele><time>2026-01-14T06:22:09Z</time><extensions><ns3:TrackPointExtension><ns3:cad>0</ns3:cad></ns3:TrackPointExtension></extensions></trkpt><trkpt lat="29.896925445646048" lon="102.02494852244854"><ele>4068.60009765625</ele><time>2026-01-14T06:22:12Z</time><extensions><ns3:TrackPointExtension><ns3:cad>0</ns3:cad></ns3:TrackPointExtension></extensions></trkpt><trkpt lat="29.896967438980937" lon="102.02497576363385"><ele>4069.39990234375</ele><time>2026-01-14T06:22:20Z</time><extensions><ns3:TrackPointExtension><ns3:cad>0</ns3:cad></ns3:TrackPointExtension></extensions></trkpt><trkpt lat="29.89696861244738" lon="102.02497601509094"><ele>4069.60009765625</ele><time>2026-01-14T06:22:21Z</time><extensions><ns3:TrackPointExtension><ns3:cad>0</ns3:cad></ns3:TrackPointExtension></extensions></trkpt><trkpt lat="29.896982861682773" lon="102.02497844584286"><ele>4070</ele><time>2026-01-14T06:22:26Z</time><extensions><ns3:TrackPointExtension><ns3:cad>0</ns3:cad></ns3:TrackPointExtension></extensions></trkpt><trkpt lat="29.896982023492455" lon="102.02497920021415"><ele>4070.39990234375</ele><time>2026-01-14T06:22:33Z</time><extensions><ns3:TrackPointExtension><ns3:cad>0</ns3:cad></ns3:TrackPointExtension></extensions></trkpt><trkpt lat="29.89702175371349" lon="102.0249796193093"><ele>4070.60009765625</ele><time>2026-01-14T06:22:38Z</time><extensions><ns3:TrackPointExtension><ns3:cad>0</ns3:cad></ns3:TrackPointExtension></extensions></trkpt><trkpt lat="29.897034829482436" lon="102.02498548664153"><ele>4071.199951171875</ele><time>2026-01-14T06:22:40Z</time><extensions><ns3:TrackPointExtension><ns3:cad>0</ns3:cad></ns3:TrackPointExtension></extensions></trkpt><trkpt lat="29.897057209163904" lon="102.02500560320914"><ele>4071.800048828125</ele><time>2026-01-14T06:22:44Z</time><extensions><ns3:TrackPointExtension><ns3:cad>78</ns3:cad></ns3:TrackPointExtension></extensions></trkpt><trkpt lat="29.897077828645706" lon="102.025007866323"><ele>4072</ele><time>2026-01-14T06:22:48Z</time><extensions><ns3:TrackPointExtension><ns3:cad>40</ns3:cad></ns3:TrackPointExtension></extensions></trkpt><trkpt lat="29.897104231640697" lon="102.02500962652266"><ele>4072.800048828125</ele><time>2026-01-14T06:22:54Z</time><extensions><ns3:TrackPointExtension><ns3:cad>0</ns3:cad></ns3:TrackPointExtension></extensions></trkpt><trkpt lat="29.897113367915154" lon="102.02501432038844"><ele>4072.800048828125</ele><time>2026-01-14T06:22:56Z</time><extensions><ns3:TrackPointExtension><ns3:cad>0</ns3:cad></ns3:TrackPointExtension></extensions></trkpt><trkpt lat="29.897153601050377" lon="102.02502178028226"><ele>4073.800048828125</ele><time>2026-01-14T06:23:03Z</time><extensions><ns3:TrackPointExtension><ns3:cad>0</ns3:cad></ns3:TrackPointExtension></extensions></trkpt><trkpt lat="29.89715770818293" lon="102.0250245463103"><ele>4073.800048828125</ele><time>2026-01-14T06:23:04Z</time><extensions><ns3:TrackPointExtension><ns3:cad>0</ns3:cad></ns3:TrackPointExtension></extensions></trkpt><trkpt lat="29.89716893993318" lon="102.025031670928"><ele>4074.39990234375</ele><time>2026-01-14T06:23:10Z</time><extensions><ns3:TrackPointExtension><ns3:cad>0</ns3:cad></ns3:TrackPointExtension></extensions></trkpt><trkpt lat="29.897178076207638" lon="102.02504985965788"><ele>4074.39990234375</ele><time>2026-01-14T06:23:18Z</time><extensions><ns3:TrackPointExtension><ns3:cad>0</ns3:cad></ns3:TrackPointExtension></extensions></trkpt><trkpt lat="29.897169526666403" lon="102.02504080720246"><ele>4074.800048828125</ele><time>2026-01-14T06:23:27Z</time><extensions><ns3:TrackPointExtension><ns3:cad>0</ns3:cad></ns3:TrackPointExtension></extensions></trkpt><trkpt lat="29.897169526666403" lon="102.02504080720246"><ele>4074.800048828125</ele><time>2026-01-14T06:23:30Z</time><extensions><ns3:TrackPointExtension><ns3:cad>0</ns3:cad></ns3:TrackPointExtension></extensions></trkpt><trkpt lat="29.897169526666403" lon="102.02504080720246"><ele>4074.199951171875</ele><time>2026-01-14T06:23:40Z</time><extensions><ns3:TrackPointExtension><ns3:cad>0</ns3:cad></ns3:TrackPointExtension></extensions></trkpt><trkpt lat="29.897178495302796" lon="102.02505765482783"><ele>4074.199951171875</ele><time>2026-01-14T06:23:52Z</time><extensions><ns3:TrackPointExtension><ns3:cad>0</ns3:cad></ns3:TrackPointExtension></extensions></trkpt><trkpt lat="29.89714245311916" lon="102.02508799731731"><ele>4074</ele><time>2026-01-14T06:24:03Z</time><extensions><ns3:TrackPointExtension><ns3:cad>0</ns3:cad></ns3:TrackPointExtension></extensions></trkpt><trkpt lat="29.897119151428342" lon="102.02508674003184"><ele>4074.199951171875</ele><time>2026-01-14T06:24:10Z</time><extensions><ns3:TrackPointExtension><ns3:cad>0</ns3:cad></ns3:TrackPointExtension></extensions></trkpt><trkpt lat="29.89711370319128" lon="102.02510576695204"><ele>4074.199951171875</ele><time>2026-01-14T06:24:17Z</time><extensions><ns3:TrackPointExtension><ns3:cad>0</ns3:cad></ns3:TrackPointExtension></extensions></trkpt><trkpt lat="29.897114960476756" lon="102.02510786242783"><ele>4074.199951171875</ele><time>2026-01-14T06:24:27Z</time><extensions><ns3:TrackPointExtension><ns3:cad>0</ns3:cad></ns3:TrackPointExtension></extensions></trkpt><trkpt lat="29.897114960476756" lon="102.0251080300659"><ele>4074.199951171875</ele><time>2026-01-14T06:24:29Z</time><extensions><ns3:TrackPointExtension><ns3:hr>72</ns3:hr><ns3:cad>0</ns3:cad></ns3:TrackPointExtension></extensions></trkpt><trkpt lat="29.897114960476756" lon="102.0251080300659"><ele>4074</ele><time>2026-01-14T06:24:37Z</time><extensions><ns3:TrackPointExtension><ns3:cad>0</ns3:cad></ns3:TrackPointExtension></extensions></trkpt><trkpt lat="29.897108422592282" lon="102.02512479387224"><ele>4074</ele><time>2026-01-14T06:24:49Z</time><extensions><ns3:TrackPointExtension><ns3:cad>0</ns3:cad></ns3:TrackPointExtension></extensions></trkpt><trkpt lat="29.897120743989944" lon="102.02510861679912"><ele>4074</ele><time>2026-01-14T06:24:57Z</time><extensions><ns3:TrackPointExtension><ns3:cad>0</ns3:cad></ns3:TrackPointExtension></extensions></trkpt><trkpt lat="29.897122085094452" lon="102.0251061860472"><ele>4074.39990234375</ele><time>2026-01-14T06:25:03Z</time><extensions><ns3:TrackPointExtension><ns3:cad>0</ns3:cad></ns3:TrackPointExtension></extensions></trkpt><trkpt lat="29.897122085094452" lon="102.0251061860472"><ele>4074</ele><time>2026-01-14T06:25:14Z</time><extensions><ns3:TrackPointExtension><ns3:cad>0</ns3:cad></ns3:TrackPointExtension></extensions></trkpt><trkpt lat="29.897122085094452" lon="102.0251061860472"><ele>4074.199951171875</ele><time>2026-01-14T06:25:26Z</time><extensions><ns3:TrackPointExtension><ns3:cad>0</ns3:cad></ns3:TrackPointExtension></extensions></trkpt><trkpt lat="29.897116469219327" lon="102.02510543167591"><ele>4074.199951171875</ele><time>2026-01-14T06:25:33Z</time><extensions><ns3:TrackPointExtension><ns3:cad>0</ns3:cad></ns3:TrackPointExtension></extensions></trkpt><trkpt lat="29.897103225812316" lon="102.02509545721114"><ele>4074.39990234375</ele><time>2026-01-14T06:25:41Z</time><extensions><ns3:TrackPointExtension><ns3:cad>0</ns3:cad></ns3:TrackPointExtension></extensions></trkpt><trkpt lat="29.89711462520063" lon="102.02509989961982"><ele>4074.39990234375</ele><time>2026-01-14T06:25:53Z</time><extensions><ns3:TrackPointExtension><ns3:cad>0</ns3:cad></ns3:TrackPointExtension></extensions></trkpt><trkpt lat="29.897125102579594" lon="102.02511364594102"><ele>4074.199951171875</ele><time>2026-01-14T06:25:59Z</time><extensions><ns3:TrackPointExtension><ns3:cad>0</ns3:cad></ns3:TrackPointExtension></extensions></trkpt><trkpt lat="29.89711806178093" lon="102.02510509639978"><ele>4074.199951171875</ele><time>2026-01-14T06:26:06Z</time><extensions><ns3:TrackPointExtension><ns3:hr>72</ns3:hr><ns3:cad>0</ns3:cad></ns3:TrackPointExtension></extensions></trkpt><trkpt lat="29.89711018279195" lon="102.02510350383818"><ele>4074.60009765625</ele><time>2026-01-14T06:26:22Z</time><extensions><ns3:TrackPointExtension><ns3:cad>0</ns3:cad></ns3:TrackPointExtension></extensions></trkpt><trkpt lat="29.89712736569345" lon="102.02514491043985"><ele>4074.39990234375</ele><time>2026-01-14T06:26:31Z</time><extensions><ns3:TrackPointExtension><ns3:cad>0</ns3:cad></ns3:TrackPointExtension></extensions></trkpt><trkpt lat="29.897207664325833" lon="102.02524448744953"><ele>4075.199951171875</ele><time>2026-01-14T06:26:42Z</time><extensions><ns3:TrackPointExtension><ns3:cad>0</ns3:cad></ns3:TrackPointExtension></extensions></trkpt><trkpt lat="29.897289974614978" lon="102.02535185962915"><ele>4075.199951171875</ele><time>2026-01-14T06:26:53Z</time><extensions><ns3:TrackPointExtension><ns3:cad>0</ns3:cad></ns3:TrackPointExtension></extensions></trkpt><trkpt lat="29.897370859980583" lon="102.025459818542"><ele>4075.199951171875</ele><time>2026-01-14T06:27:03Z</time><extensions><ns3:TrackPointExtension><ns3:cad>0</ns3:cad></ns3:TrackPointExtension></extensions></trkpt><trkpt lat="29.897437244653702" lon="102.02554070390761"><ele>4075.800048828125</ele><time>2026-01-14T06:27:12Z</time><extensions><ns3:TrackPointExtension><ns3:cad>0</ns3:cad></ns3:TrackPointExtension></extensions></trkpt><trkpt lat="29.89748795516789" lon="102.02559937722981"><ele>4075.39990234375</ele><time>2026-01-14T06:27:19Z</time><extensions><ns3:TrackPointExtension><ns3:cad>0</ns3:cad></ns3:TrackPointExtension></extensions></trkpt><trkpt lat="29.897529780864716" lon="102.02563516795635"><ele>4076</ele><time>2026-01-14T06:27:24Z</time><extensions><ns3:TrackPointExtension><ns3:cad>53</ns3:cad></ns3:TrackPointExtension></extensions></trkpt><trkpt lat="29.897541347891092" lon="102.02565402723849"><ele>4076</ele><time>2026-01-14T06:27:26Z</time><extensions><ns3:TrackPointExtension><ns3:cad>50</ns3:cad></ns3:TrackPointExtension></extensions></trkpt><trkpt lat="29.897597171366215" lon="102.02569283545017"><ele>4077</ele><time>2026-01-14T06:27:33Z</time><extensions><ns3:TrackPointExtension><ns3:cad>50</ns3:cad></ns3:TrackPointExtension></extensions></trkpt><trkpt lat="29.89760370925069" lon="102.02569928951561"><ele>4077.199951171875</ele><time>2026-01-14T06:27:34Z</time><extensions><ns3:TrackPointExtension><ns3:cad>50</ns3:cad></ns3:TrackPointExtension></extensions></trkpt><trkpt lat="29.89762432873249" lon="102.02572661451995"><ele>4078</ele><time>2026-01-14T06:27:37Z</time><extensions><ns3:TrackPointExtension><ns3:cad>50</ns3:cad></ns3:TrackPointExtension></extensions></trkpt><trkpt lat="29.897627849131823" lon="102.02575125731528"><ele>4078.39990234375</ele><time>2026-01-14T06:27:39Z</time><extensions><ns3:TrackPointExtension><ns3:cad>50</ns3:cad></ns3:TrackPointExtension></extensions></trkpt><trkpt lat="29.897636147215962" lon="102.0257809292525"><ele>4078.39990234375</ele><time>2026-01-14T06:27:41Z</time><extensions><ns3:TrackPointExtension><ns3:cad>0</ns3:cad></ns3:TrackPointExtension></extensions></trkpt><trkpt lat="29.89769523963332" lon="102.02586147934198"><ele>4078.199951171875</ele><time>2026-01-14T06:27:49Z</time><extensions><ns3:TrackPointExtension><ns3:cad>0</ns3:cad></ns3:TrackPointExtension></extensions></trkpt><trkpt lat="29.897720888257027" lon="102.02596533112228"><ele>4078.60009765625</ele><time>2026-01-14T06:27:58Z</time><extensions><ns3:TrackPointExtension><ns3:cad>0</ns3:cad></ns3:TrackPointExtension></extensions></trkpt><trkpt lat="29.897745614871383" lon="102.02608561143279"><ele>4078.199951171875</ele><time>2026-01-14T06:28:08Z</time><extensions><ns3:TrackPointExtension><ns3:cad>0</ns3:cad></ns3:TrackPointExtension></extensions></trkpt><trkpt lat="29.897767743095756" lon="102.02617772854865"><ele>4077.199951171875</ele><time>2026-01-14T06:28:16Z</time><extensions><ns3:TrackPointExtension><ns3:cad>0</ns3:cad></ns3:TrackPointExtension></extensions></trkpt><trkpt lat="29.897781321778893" lon="102.02621410600841"><ele>4077</ele><time>2026-01-14T06:28:19Z</time><extensions><ns3:TrackPointExtension><ns3:cad>0</ns3:cad></ns3:TrackPointExtension></extensions></trkpt><trkpt lat="29.897791044786572" lon="102.026287028566"><ele>4077</ele><time>2026-01-14T06:28:25Z</time><extensions><ns3:TrackPointExtension><ns3:cad>0</ns3:cad></ns3:TrackPointExtension></extensions></trkpt><trkpt lat="29.897827841341496" lon="102.02639993280172"><ele>4076.60009765625</ele><time>2026-01-14T06:28:33Z</time><extensions><ns3:TrackPointExtension><ns3:cad>0</ns3:cad></ns3:TrackPointExtension></extensions></trkpt><trkpt lat="29.897861452773213" lon="102.02647838741541"><ele>4076.39990234375</ele><time>2026-01-14T06:28:41Z</time><extensions><ns3:TrackPointExtension><ns3:cad>0</ns3:cad></ns3:TrackPointExtension></extensions></trkpt><trkpt lat="29.89791501313448" lon="102.02657528221607"><ele>4076.199951171875</ele><time>2026-01-14T06:28:50Z</time><extensions><ns3:TrackPointExtension><ns3:cad>0</ns3:cad></ns3:TrackPointExtension></extensions></trkpt><trkpt lat="29.897976703941822" lon="102.02663077041507"><ele>4075.800048828125</ele><time>2026-01-14T06:28:57Z</time><extensions><ns3:TrackPointExtension><ns3:cad>51</ns3:cad></ns3:TrackPointExtension></extensions></trkpt><trkpt lat="29.898022301495075" lon="102.02670956030488"><ele>4075.800048828125</ele><time>2026-01-14T06:29:04Z</time><extensions><ns3:TrackPointExtension><ns3:cad>51</ns3:cad></ns3:TrackPointExtension></extensions></trkpt><trkpt lat="29.898020792752504" lon="102.02677560970187"><ele>4077</ele><time>2026-01-14T06:29:10Z</time><extensions><ns3:TrackPointExtension><ns3:cad>50</ns3:cad></ns3:TrackPointExtension></extensions></trkpt><trkpt lat="29.8980210442096" lon="102.0268018450588"><ele>4077</ele><time>2026-01-14T06:29:12Z</time><extensions><ns3:TrackPointExtension><ns3:cad>50</ns3:cad></ns3:TrackPointExtension></extensions></trkpt><trkpt lat="29.898031102493405" lon="102.02690301463008"><ele>4076.199951171875</ele><time>2026-01-14T06:29:19Z</time><extensions><ns3:TrackPointExtension><ns3:cad>55</ns3:cad></ns3:TrackPointExtension></extensions></trkpt><trkpt lat="29.898051051422954" lon="102.02701499685645"><ele>4076.199951171875</ele><time>2026-01-14T06:29:28Z</time><extensions><ns3:TrackPointExtension><ns3:cad>0</ns3:cad></ns3:TrackPointExtension></extensions></trkpt><trkpt lat="29.898059014230967" lon="102.02703855000436"><ele>4076</ele><time>2026-01-14T06:29:30Z</time><extensions><ns3:TrackPointExtension><ns3:cad>0</ns3:cad></ns3:TrackPointExtension></extensions></trkpt><trkpt lat="29.898085417225957" lon="102.02711490914226"><ele>4076.199951171875</ele><time>2026-01-14T06:29:38Z</time><extensions><ns3:TrackPointExtension><ns3:cad>0</ns3:cad></ns3:TrackPointExtension></extensions></trkpt><trkpt lat="29.898123806342483" lon="102.0272125583142"><ele>4075.60009765625</ele><time>2026-01-14T06:29:46Z</time><extensions><ns3:TrackPointExtension><ns3:cad>0</ns3:cad></ns3:TrackPointExtension></extensions></trkpt><trkpt lat="29.898179629817605" lon="102.02735203318298"><ele>4075.39990234375</ele><time>2026-01-14T06:29:56Z</time><extensions><ns3:TrackPointExtension><ns3:cad>0</ns3:cad></ns3:TrackPointExtension></extensions></trkpt><trkpt lat="29.898201506584883" lon="102.02742143534124"><ele>4075.60009765625</ele><time>2026-01-14T06:30:03Z</time><extensions><ns3:TrackPointExtension><ns3:cad>0</ns3:cad></ns3:TrackPointExtension></extensions></trkpt><trkpt lat="29.89819102920592" lon="102.02744892798364"><ele>4075.39990234375</ele><time>2026-01-14T06:30:05Z</time><extensions><ns3:TrackPointExtension><ns3:cad>0</ns3:cad></ns3:TrackPointExtension></extensions></trkpt><trkpt lat="29.898186922073364" lon="102.0274633448571"><ele>4075</ele><time>2026-01-14T06:30:07Z</time><extensions><ns3:TrackPointExtension><ns3:cad>0</ns3:cad></ns3:TrackPointExtension></extensions></trkpt><trkpt lat="29.898142833262682" lon="102.02749326825142"><ele>4074</ele><time>2026-01-14T06:30:14Z</time><extensions><ns3:TrackPointExtension><ns3:cad>0</ns3:cad></ns3:TrackPointExtension></extensions></trkpt><trkpt lat="29.898129170760512" lon="102.02752981334925"><ele>4074</ele><time>2026-01-14T06:30:19Z</time><extensions><ns3:TrackPointExtension><ns3:cad>0</ns3:cad></ns3:TrackPointExtension></extensions></trkpt><trkpt lat="29.898139480501413" lon="102.0275492593646"><ele>4074.199951171875</ele><time>2026-01-14T06:30:22Z</time><extensions><ns3:TrackPointExtension><ns3:cad>0</ns3:cad></ns3:TrackPointExtension></extensions></trkpt><trkpt lat="29.898141911253333" lon="102.02762159518898"><ele>4074.39990234375</ele><time>2026-01-14T06:30:29Z</time><extensions><ns3:TrackPointExtension><ns3:cad>0</ns3:cad></ns3:TrackPointExtension></extensions></trkpt><trkpt lat="29.898137133568525" lon="102.02769074589014"><ele>4074.39990234375</ele><time>2026-01-14T06:30:37Z</time><extensions><ns3:TrackPointExtension><ns3:cad>0</ns3:cad></ns3:TrackPointExtension></extensions></trkpt><trkpt lat="29.898086255416274" lon="102.02776643447578"><ele>4074.199951171875</ele><time>2026-01-14T06:30:45Z</time><extensions><ns3:TrackPointExtension><ns3:cad>0</ns3:cad></ns3:TrackPointExtension></extensions></trkpt><trkpt lat="29.89803370088339" lon="102.02783541753888"><ele>4073.199951171875</ele><time>2026-01-14T06:30:53Z</time><extensions><ns3:TrackPointExtension><ns3:cad>0</ns3:cad></ns3:TrackPointExtension></extensions></trkpt><trkpt lat="29.898041328415275" lon="102.02792250551283"><ele>4074</ele><time>2026-01-14T06:31:00Z</time><extensions><ns3:TrackPointExtension><ns3:cad>0</ns3:cad></ns3:TrackPointExtension></extensions></trkpt><trkpt lat="29.898032024502754" lon="102.02800121158361"><ele>4074</ele><time>2026-01-14T06:31:07Z</time><extensions><ns3:TrackPointExtension><ns3:cad>0</ns3:cad></ns3:TrackPointExtension></extensions></trkpt><trkpt lat="29.898011656478047" lon="102.02809265814722"><ele>4073</ele><time>2026-01-14T06:31:15Z</time><extensions><ns3:TrackPointExtension><ns3:cad>0</ns3:cad></ns3:TrackPointExtension></extensions></trkpt><trkpt lat="29.898010650649667" lon="102.02810271643102"><ele>4073</ele><time>2026-01-14T06:31:16Z</time><extensions><ns3:TrackPointExtension><ns3:cad>0</ns3:cad></ns3:TrackPointExtension></extensions></trkpt><trkpt lat="29.89801769144833" lon="102.02817446552217"><ele>4073.39990234375</ele><time>2026-01-14T06:31:24Z</time><extensions><ns3:TrackPointExtension><ns3:cad>0</ns3:cad></ns3:TrackPointExtension></extensions></trkpt><trkpt lat="29.898009980097413" lon="102.02824277803302"><ele>4072.800048828125</ele><time>2026-01-14T06:31:32Z</time><extensions><ns3:TrackPointExtension><ns3:cad>0</ns3:cad></ns3:TrackPointExtension></extensions></trkpt><trkpt lat="29.897992042824626" lon="102.02831729315221"><ele>4071.800048828125</ele><time>2026-01-14T06:31:40Z</time><extensions><ns3:TrackPointExtension><ns3:cad>0</ns3:cad></ns3:TrackPointExtension></extensions></trkpt><trkpt lat="29.897996736690402" lon="102.02839817851782"><ele>4070.800048828125</ele><time>2026-01-14T06:31:47Z</time><extensions><ns3:TrackPointExtension><ns3:cad>0</ns3:cad></ns3:TrackPointExtension></extensions></trkpt><trkpt lat="29.89799816161394" lon="102.0284097455442"><ele>4070.60009765625</ele><time>2026-01-14T06:31:48Z</time><extensions><ns3:TrackPointExtension><ns3:cad>0</ns3:cad></ns3:TrackPointExtension></extensions></trkpt><trkpt lat="29.898011153563857" lon="102.02851569280028"><ele>4070</ele><time>2026-01-14T06:31:56Z</time><extensions><ns3:TrackPointExtension><ns3:cad>0</ns3:cad></ns3:TrackPointExtension></extensions></trkpt><trkpt lat="29.8980020172894" lon="102.02855424955487"><ele>4069.60009765625</ele><time>2026-01-14T06:31:59Z</time><extensions><ns3:TrackPointExtension><ns3:cad>0</ns3:cad></ns3:TrackPointExtension></extensions></trkpt><trkpt lat="29.898016769438982" lon="102.02861250378191"><ele>4068.60009765625</ele><time>2026-01-14T06:32:04Z</time><extensions><ns3:TrackPointExtension><ns3:cad>0</ns3:cad></ns3:TrackPointExtension></extensions></trkpt><trkpt lat="29.89802783355117" lon="102.02866086736321"><ele>4068.60009765625</ele><time>2026-01-14T06:32:10Z</time><extensions><ns3:TrackPointExtension><ns3:cad>0</ns3:cad></ns3:TrackPointExtension></extensions></trkpt><trkpt lat="29.898038813844323" lon="102.02874426729977"><ele>4067.800048828125</ele><time>2026-01-14T06:32:18Z</time><extensions><ns3:TrackPointExtension><ns3:cad>0</ns3:cad></ns3:TrackPointExtension></extensions></trkpt><trkpt lat="29.898050548508763" lon="102.0287929661572"><ele>4067.60009765625</ele><time>2026-01-14T06:32:25Z</time><extensions><ns3:TrackPointExtension><ns3:cad>0</ns3:cad></ns3:TrackPointExtension></extensions></trkpt><trkpt lat="29.89805432036519" lon="102.02879942022264"><ele>4067.60009765625</ele><time>2026-01-14T06:32:26Z</time><extensions><ns3:TrackPointExtension><ns3:cad>0</ns3:cad></ns3:TrackPointExtension></extensions></trkpt><trkpt lat="29.898074436932802" lon="102.02886144630611"><ele>4068</ele><time>2026-01-14T06:32:33Z</time><extensions><ns3:TrackPointExtension><ns3:cad>0</ns3:cad></ns3:TrackPointExtension></extensions></trkpt><trkpt lat="29.898049542680383" lon="102.02897300943732"><ele>4068.199951171875</ele><time>2026-01-14T06:32:42Z</time><extensions><ns3:TrackPointExtension><ns3:cad>0</ns3:cad></ns3:TrackPointExtension></extensions></trkpt><trkpt lat="29.89802883937955" lon="102.02904232777655"><ele>4068</ele><time>2026-01-14T06:32:48Z</time><extensions><ns3:TrackPointExtension><ns3:cad>0</ns3:cad></ns3:TrackPointExtension></extensions></trkpt><trkpt lat="29.897995479404926" lon="102.02909412793815"><ele>4068.199951171875</ele><time>2026-01-14T06:32:55Z</time><extensions><ns3:TrackPointExtension><ns3:cad>0</ns3:cad></ns3:TrackPointExtension></extensions></trkpt><trkpt lat="29.897950049489737" lon="102.02915665693581"><ele>4068.39990234375</ele><time>2026-01-14T06:33:02Z</time><extensions><ns3:TrackPointExtension><ns3:cad>0</ns3:cad></ns3:TrackPointExtension></extensions></trkpt><trkpt lat="29.89790621213615" lon="102.0292589161545"><ele>4069.39990234375</ele><time>2026-01-14T06:33:11Z</time><extensions><ns3:TrackPointExtension><ns3:cad>50</ns3:cad></ns3:TrackPointExtension></extensions></trkpt><trkpt lat="29.897857261821628" lon="102.02932882122695"><ele>4068.800048828125</ele><time>2026-01-14T06:33:20Z</time><extensions><ns3:TrackPointExtension><ns3:cad>0</ns3:cad></ns3:TrackPointExtension></extensions></trkpt><trkpt lat="29.897829433903098" lon="102.02939570881426"><ele>4067.39990234375</ele><time>2026-01-14T06:33:26Z</time><extensions><ns3:TrackPointExtension><ns3:cad>0</ns3:cad></ns3:TrackPointExtension></extensions></trkpt><trkpt lat="29.89782457239926" lon="102.02942546457052"><ele>4066.800048828125</ele><time>2026-01-14T06:33:29Z</time><extensions><ns3:TrackPointExtension><ns3:cad>0</ns3:cad></ns3:TrackPointExtension></extensions></trkpt><trkpt lat="29.897835217416286" lon="102.02946712262928"><ele>4066.199951171875</ele><time>2026-01-14T06:33:32Z</time><extensions><ns3:TrackPointExtension><ns3:cad>0</ns3:cad></ns3:TrackPointExtension></extensions></trkpt><trkpt lat="29.897839995101094" lon="102.02952638268471"><ele>4065.60009765625</ele><time>2026-01-14T06:33:37Z</time><extensions><ns3:TrackPointExtension><ns3:cad>0</ns3:cad></ns3:TrackPointExtension></extensions></trkpt><trkpt lat="29.897828176617622" lon="102.02955613844097"><ele>4065.199951171875</ele><time>2026-01-14T06:33:39Z</time><extensions><ns3:TrackPointExtension><ns3:cad>0</ns3:cad></ns3:TrackPointExtension></extensions></trkpt><trkpt lat="29.897826416417956" lon="102.02961036935449"><ele>4064.199951171875</ele><time>2026-01-14T06:33:43Z</time><extensions><ns3:TrackPointExtension><ns3:cad>0</ns3:cad></ns3:TrackPointExtension></extensions></trkpt><trkpt lat="29.897821974009275" lon="102.02962210401893"><ele>4063.800048828125</ele><time>2026-01-14T06:33:44Z</time><extensions><ns3:TrackPointExtension><ns3:cad>0</ns3:cad></ns3:TrackPointExtension></extensions></trkpt><trkpt lat="29.897811580449343" lon="102.02962621115148"><ele>4063.60009765625</ele><time>2026-01-14T06:33:45Z</time><extensions><ns3:TrackPointExtension><ns3:cad>0</ns3:cad></ns3:TrackPointExtension></extensions></trkpt><trkpt lat="29.897802947089076" lon="102.02962805517018"><ele>4063.199951171875</ele><time>2026-01-14T06:33:46Z</time><extensions><ns3:TrackPointExtension><ns3:cad>0</ns3:cad></ns3:TrackPointExtension></extensions></trkpt><trkpt lat="29.897781740874052" lon="102.02963450923562"><ele>4062</ele><time>2026-01-14T06:33:50Z</time><extensions><ns3:TrackPointExtension><ns3:cad>0</ns3:cad></ns3:TrackPointExtension></extensions></trkpt><trkpt lat="29.897778388112783" lon="102.02970986254513"><ele>4060.800048828125</ele><time>2026-01-14T06:33:57Z</time><extensions><ns3:TrackPointExtension><ns3:cad>0</ns3:cad></ns3:TrackPointExtension></extensions></trkpt><trkpt lat="29.89777377806604" lon="102.02972210012376"><ele>4060.800048828125</ele><time>2026-01-14T06:33:58Z</time><extensions><ns3:TrackPointExtension><ns3:cad>0</ns3:cad></ns3:TrackPointExtension></extensions></trkpt><trkpt lat="29.89779087714851" lon="102.02978328801692"><ele>4060</ele><time>2026-01-14T06:34:04Z</time><extensions><ns3:TrackPointExtension><ns3:cad>0</ns3:cad></ns3:TrackPointExtension></extensions></trkpt><trkpt lat="29.897796995937824" lon="102.02979234047234"><ele>4059.800048828125</ele><time>2026-01-14T06:34:05Z</time><extensions><ns3:TrackPointExtension><ns3:cad>0</ns3:cad></ns3:TrackPointExtension></extensions></trkpt><trkpt lat="29.89782272838056" lon="102.02989694662392"><ele>4058.800048828125</ele><time>2026-01-14T06:34:13Z</time><extensions><ns3:TrackPointExtension><ns3:cad>0</ns3:cad></ns3:TrackPointExtension></extensions></trkpt><trkpt lat="29.897851813584566" lon="102.03000507317483"><ele>4058.199951171875</ele><time>2026-01-14T06:34:22Z</time><extensions><ns3:TrackPointExtension><ns3:cad>0</ns3:cad></ns3:TrackPointExtension></extensions></trkpt><trkpt lat="29.897892465814948" lon="102.03006533905864"><ele>4057.800048828125</ele><time>2026-01-14T06:34:28Z</time><extensions><ns3:TrackPointExtension><ns3:cad>0</ns3:cad></ns3:TrackPointExtension></extensions></trkpt><trkpt lat="29.897896070033312" lon="102.03005913645029"><ele>4057.60009765625</ele><time>2026-01-14T06:34:29Z</time><extensions><ns3:TrackPointExtension><ns3:cad>0</ns3:cad></ns3:TrackPointExtension></extensions></trkpt><trkpt lat="29.897902105003595" lon="102.03006282448769"><ele>4057.39990234375</ele><time>2026-01-14T06:34:36Z</time><extensions><ns3:TrackPointExtension><ns3:cad>0</ns3:cad></ns3:TrackPointExtension></extensions></trkpt><trkpt lat="29.897902105003595" lon="102.03006282448769"><ele>4057.199951171875</ele><time>2026-01-14T06:34:44Z</time><extensions><ns3:TrackPointExtension><ns3:cad>0</ns3:cad></ns3:TrackPointExtension></extensions></trkpt><trkpt lat="29.897900596261024" lon="102.03006098046899"><ele>4057</ele><time>2026-01-14T06:34:55Z</time><extensions><ns3:TrackPointExtension><ns3:cad>0</ns3:cad></ns3:TrackPointExtension></extensions></trkpt><trkpt lat="29.89789011888206" lon="102.03005502931774"><ele>4056.800048828125</ele><time>2026-01-14T06:35:05Z</time><extensions><ns3:TrackPointExtension><ns3:cad>0</ns3:cad></ns3:TrackPointExtension></extensions></trkpt><trkpt lat="29.897890286520123" lon="102.03005502931774"><ele>4056.60009765625</ele><time>2026-01-14T06:35:06Z</time><extensions><ns3:TrackPointExtension><ns3:cad>0</ns3:cad></ns3:TrackPointExtension></extensions></trkpt><trkpt lat="29.897913252934813" lon="102.03006056137383"><ele>4056.199951171875</ele><time>2026-01-14T06:35:13Z</time><extensions><ns3:TrackPointExtension><ns3:cad>0</ns3:cad></ns3:TrackPointExtension></extensions></trkpt><trkpt lat="29.89792523905635" lon="102.03007414005697"><ele>4056</ele><time>2026-01-14T06:35:19Z</time><extensions><ns3:TrackPointExtension><ns3:cad>0</ns3:cad></ns3:TrackPointExtension></extensions></trkpt><trkpt lat="29.897930854931474" lon="102.03009392134845"><ele>4056</ele><time>2026-01-14T06:35:25Z</time><extensions><ns3:TrackPointExtension><ns3:cad>0</ns3:cad></ns3:TrackPointExtension></extensions></trkpt><trkpt lat="29.89798877388239" lon="102.03012476675212"><ele>4056.800048828125</ele><time>2026-01-14T06:35:32Z</time><extensions><ns3:TrackPointExtension><ns3:cad>0</ns3:cad></ns3:TrackPointExtension></extensions></trkpt><trkpt lat="29.898034371435642" lon="102.03017648309469"><ele>4056.60009765625</ele><time>2026-01-14T06:35:39Z</time><extensions><ns3:TrackPointExtension><ns3:cad>53</ns3:cad></ns3:TrackPointExtension></extensions></trkpt><trkpt lat="29.898106204345822" lon="102.03024638816714"><ele>4055.60009765625</ele><time>2026-01-14T06:35:46Z</time><extensions><ns3:TrackPointExtension><ns3:cad>56</ns3:cad></ns3:TrackPointExtension></extensions></trkpt><trkpt lat="29.89815440028906" lon="102.030298858881"><ele>4055.60009765625</ele><time>2026-01-14T06:35:52Z</time><extensions><ns3:TrackPointExtension><ns3:cad>59</ns3:cad></ns3:TrackPointExtension></extensions></trkpt><trkpt lat="29.89816714078188" lon="102.03033071011305"><ele>4055.39990234375</ele><time>2026-01-14T06:35:55Z</time><extensions><ns3:TrackPointExtension><ns3:cad>60</ns3:cad></ns3:TrackPointExtension></extensions></trkpt><trkpt lat="29.89816672168672" lon="102.03042006120086"><ele>4055</ele><time>2026-01-14T06:36:02Z</time><extensions><ns3:TrackPointExtension><ns3:cad>0</ns3:cad></ns3:TrackPointExtension></extensions></trkpt><trkpt lat="29.89817979745567" lon="102.03039952553809"><ele>4055.199951171875</ele><time>2026-01-14T06:36:10Z</time><extensions><ns3:TrackPointExtension><ns3:cad>0</ns3:cad></ns3:TrackPointExtension></extensions></trkpt><trkpt lat="29.89817493595183" lon="102.0303871203214"><ele>4055</ele><time>2026-01-14T06:36:19Z</time><extensions><ns3:TrackPointExtension><ns3:cad>0</ns3:cad></ns3:TrackPointExtension></extensions></trkpt><trkpt lat="29.898175857961178" lon="102.03039382584393"><ele>4055</ele><time>2026-01-14T06:36:28Z</time><extensions><ns3:TrackPointExtension><ns3:cad>0</ns3:cad></ns3:TrackPointExtension></extensions></trkpt><trkpt lat="29.89817895926535" lon="102.03038913197815"><ele>4055</ele><time>2026-01-14T06:36:38Z</time><extensions><ns3:TrackPointExtension><ns3:cad>0</ns3:cad></ns3:TrackPointExtension></extensions></trkpt><trkpt lat="29.898180216550827" lon="102.03038334846497"><ele>4054.800048828125</ele><time>2026-01-14T06:36:48Z</time><extensions><ns3:TrackPointExtension><ns3:cad>0</ns3:cad></ns3:TrackPointExtension></extensions></trkpt><trkpt lat="29.8981626983732" lon="102.03038435429335"><ele>4054.60009765625</ele><time>2026-01-14T06:36:53Z</time><extensions><ns3:TrackPointExtension><ns3:cad>0</ns3:cad></ns3:TrackPointExtension></extensions></trkpt><trkpt lat="29.898164877668023" lon="102.03037924133241"><ele>4054.800048828125</ele><time>2026-01-14T06:36:59Z</time><extensions><ns3:TrackPointExtension><ns3:cad>0</ns3:cad></ns3:TrackPointExtension></extensions></trkpt><trkpt lat="29.898174852132797" lon="102.03038695268333"><ele>4054.60009765625</ele><time>2026-01-14T06:37:10Z</time><extensions><ns3:TrackPointExtension><ns3:cad>0</ns3:cad></ns3:TrackPointExtension></extensions></trkpt><trkpt lat="29.898174852132797" lon="102.03038695268333"><ele>4054.800048828125</ele><time>2026-01-14T06:37:12Z</time><extensions><ns3:TrackPointExtension><ns3:hr>77</ns3:hr><ns3:cad>0</ns3:cad></ns3:TrackPointExtension></extensions></trkpt><trkpt lat="29.89816663786769" lon="102.0303987711668"><ele>4054.60009765625</ele><time>2026-01-14T06:37:22Z</time><extensions><ns3:TrackPointExtension><ns3:cad>0</ns3:cad></ns3:TrackPointExtension></extensions></trkpt><trkpt lat="29.898177115246654" lon="102.03040698543191"><ele>4055</ele><time>2026-01-14T06:37:31Z</time><extensions><ns3:TrackPointExtension><ns3:cad>41</ns3:cad></ns3:TrackPointExtension></extensions></trkpt><trkpt lat="29.898183653131127" lon="102.03040882945061"><ele>4054.800048828125</ele><time>2026-01-14T06:37:34Z</time><extensions><ns3:TrackPointExtension><ns3:hr>72</ns3:hr><ns3:cad>0</ns3:cad></ns3:TrackPointExtension></extensions></trkpt><trkpt lat="29.898182060569525" lon="102.03039860352874"><ele>4055.199951171875</ele><time>2026-01-14T06:37:40Z</time><extensions><ns3:TrackPointExtension><ns3:cad>0</ns3:cad></ns3:TrackPointExtension></extensions></trkpt><trkpt lat="29.89819161593914" lon="102.03037873841822"><ele>4055.199951171875</ele><time>2026-01-14T06:37:50Z</time><extensions><ns3:TrackPointExtension><ns3:cad>0</ns3:cad></ns3:TrackPointExtension></extensions></trkpt><trkpt lat="29.89817099645734" lon="102.0303937420249"><ele>4055.39990234375</ele><time>2026-01-14T06:38:00Z</time><extensions><ns3:TrackPointExtension><ns3:cad>0</ns3:cad></ns3:TrackPointExtension></extensions></trkpt><trkpt lat="29.898172756657004" lon="102.03038695268333"><ele>4055.199951171875</ele><time>2026-01-14T06:38:10Z</time><extensions><ns3:TrackPointExtension><ns3:cad>0</ns3:cad></ns3:TrackPointExtension></extensions></trkpt><trkpt lat="29.89817099645734" lon="102.0303937420249"><ele>4055.60009765625</ele><time>2026-01-14T06:38:16Z</time><extensions><ns3:TrackPointExtension><ns3:cad>0</ns3:cad></ns3:TrackPointExtension></extensions></trkpt><trkpt lat="29.89817099645734" lon="102.0303937420249"><ele>4055.60009765625</ele><time>2026-01-14T06:38:18Z</time><extensions><ns3:TrackPointExtension><ns3:cad>0</ns3:cad></ns3:TrackPointExtension></extensions></trkpt><trkpt lat="29.898170493543148" lon="102.03040187247097"><ele>4055.199951171875</ele><time>2026-01-14T06:38:27Z</time><extensions><ns3:TrackPointExtension><ns3:cad>0</ns3:cad></ns3:TrackPointExtension></extensions></trkpt><trkpt lat="29.89816806279123" lon="102.03040983527899"><ele>4055.199951171875</ele><time>2026-01-14T06:38:36Z</time><extensions><ns3:TrackPointExtension><ns3:cad>0</ns3:cad></ns3:TrackPointExtension></extensions></trkpt><trkpt lat="29.898168481886387" lon="102.03041335567832"><ele>4055.199951171875</ele><time>2026-01-14T06:38:45Z</time><extensions><ns3:TrackPointExtension><ns3:cad>0</ns3:cad></ns3:TrackPointExtension></extensions></trkpt><trkpt lat="29.89816764369607" lon="102.03042559325695"><ele>4055.39990234375</ele><time>2026-01-14T06:38:52Z</time><extensions><ns3:TrackPointExtension><ns3:cad>0</ns3:cad></ns3:TrackPointExtension></extensions></trkpt><trkpt lat="29.8981695715338" lon="102.03042559325695"><ele>4055.199951171875</ele><time>2026-01-14T06:39:00Z</time><extensions><ns3:TrackPointExtension><ns3:cad>0</ns3:cad></ns3:TrackPointExtension></extensions></trkpt><trkpt lat="29.898166051134467" lon="102.03042576089501"><ele>4055.39990234375</ele><time>2026-01-14T06:39:08Z</time><extensions><ns3:TrackPointExtension><ns3:cad>0</ns3:cad></ns3:TrackPointExtension></extensions></trkpt><trkpt lat="29.89815833978355" lon="102.03041721135378"><ele>4055.39990234375</ele><time>2026-01-14T06:39:18Z</time><extensions><ns3:TrackPointExtension><ns3:cad>0</ns3:cad></ns3:TrackPointExtension></extensions></trkpt><trkpt lat="29.89818189293146" lon="102.03039525076747"><ele>4055.39990234375</ele><time>2026-01-14T06:39:27Z</time><extensions><ns3:TrackPointExtension><ns3:cad>0</ns3:cad></ns3:TrackPointExtension></extensions></trkpt><trkpt lat="29.898176109418273" lon="102.03038167208433"><ele>4055.60009765625</ele><time>2026-01-14T06:39:35Z</time><extensions><ns3:TrackPointExtension><ns3:cad>0</ns3:cad></ns3:TrackPointExtension></extensions></trkpt><trkpt lat="29.898174181580544" lon="102.03038435429335"><ele>4055.60009765625</ele><time>2026-01-14T06:39:44Z</time><extensions><ns3:TrackPointExtension><ns3:cad>0</ns3:cad></ns3:TrackPointExtension></extensions></trkpt><trkpt lat="29.898173846304417" lon="102.03040530905128"><ele>4055.60009765625</ele><time>2026-01-14T06:39:55Z</time><extensions><ns3:TrackPointExtension><ns3:cad>0</ns3:cad></ns3:TrackPointExtension></extensions></trkpt><trkpt lat="29.898187424987555" lon="102.03041771426797"><ele>4055.60009765625</ele><time>2026-01-14T06:40:06Z</time><extensions><ns3:TrackPointExtension><ns3:cad>0</ns3:cad></ns3:TrackPointExtension></extensions></trkpt><trkpt lat="29.898171247914433" lon="102.0303847733885"><ele>4055.60009765625</ele><time>2026-01-14T06:40:11Z</time><extensions><ns3:TrackPointExtension><ns3:cad>0</ns3:cad></ns3:TrackPointExtension></extensions></trkpt><trkpt lat="29.898156747221947" lon="102.0303847733885"><ele>4055.60009765625</ele><time>2026-01-14T06:40:19Z</time><extensions><ns3:TrackPointExtension><ns3:cad>0</ns3:cad></ns3:TrackPointExtension></extensions></trkpt><trkpt lat="29.89814668893814" lon="102.03038125298917"><ele>4056</ele><time>2026-01-14T06:40:33Z</time><extensions><ns3:TrackPointExtension><ns3:cad>0</ns3:cad></ns3:TrackPointExtension></extensions></trkpt><trkpt lat="29.89814953878522" lon="102.03038359992206"><ele>4056</ele><time>2026-01-14T06:40:34Z</time><extensions><ns3:TrackPointExtension><ns3:hr>72</ns3:hr><ns3:cad>0</ns3:cad></ns3:TrackPointExtension></extensions></trkpt><trkpt lat="29.898162111639977" lon="102.03038812614977"><ele>4055.800048828125</ele><time>2026-01-14T06:40:38Z</time><extensions><ns3:TrackPointExtension><ns3:hr>77</ns3:hr><ns3:cad>0</ns3:cad></ns3:TrackPointExtension></extensions></trkpt><trkpt lat="29.89816722460091" lon="102.03038142062724"><ele>4055.60009765625</ele><time>2026-01-14T06:40:42Z</time><extensions><ns3:TrackPointExtension><ns3:hr>81</ns3:hr><ns3:cad>0</ns3:cad></ns3:TrackPointExtension></extensions></trkpt><trkpt lat="29.898172337561846" lon="102.0303710270673"><ele>4055.39990234375</ele><time>2026-01-14T06:40:44Z</time><extensions><ns3:TrackPointExtension><ns3:hr>81</ns3:hr><ns3:cad>0</ns3:cad></ns3:TrackPointExtension></extensions></trkpt><trkpt lat="29.898171331733465" lon="102.03036222606897"><ele>4055.60009765625</ele><time>2026-01-14T06:40:52Z</time><extensions><ns3:TrackPointExtension><ns3:hr>81</ns3:hr><ns3:cad>0</ns3:cad></ns3:TrackPointExtension></extensions></trkpt><trkpt lat="29.898178037256002" lon="102.03032408840954"><ele>4055.800048828125</ele><time>2026-01-14T06:41:00Z</time><extensions><ns3:TrackPointExtension><ns3:cad>0</ns3:cad></ns3:TrackPointExtension></extensions></trkpt><trkpt lat="29.898201758041978" lon="102.0302903931588"><ele>4056.60009765625</ele><time>2026-01-14T06:41:05Z</time><extensions><ns3:TrackPointExtension><ns3:cad>49</ns3:cad></ns3:TrackPointExtension></extensions></trkpt><trkpt lat="29.898208379745483" lon="102.03030087053776"><ele>4056.800048828125</ele><time>2026-01-14T06:41:06Z</time><extensions><ns3:TrackPointExtension><ns3:cad>49</ns3:cad></ns3:TrackPointExtension></extensions></trkpt><trkpt lat="29.89819941110909" lon="102.03033892437816"><ele>4057.199951171875</ele><time>2026-01-14T06:41:11Z</time><extensions><ns3:TrackPointExtension><ns3:cad>0</ns3:cad></ns3:TrackPointExtension></extensions></trkpt><trkpt lat="29.898198740556836" lon="102.03036373481154"><ele>4056.60009765625</ele><time>2026-01-14T06:41:21Z</time><extensions><ns3:TrackPointExtension><ns3:cad>0</ns3:cad></ns3:TrackPointExtension></extensions></trkpt><trkpt lat="29.898174600675702" lon="102.0303329732269"><ele>4056.39990234375</ele><time>2026-01-14T06:41:26Z</time><extensions><ns3:TrackPointExtension><ns3:cad>0</ns3:cad></ns3:TrackPointExtension></extensions></trkpt><trkpt lat="29.89816856570542" lon="102.0303208194673"><ele>4056.60009765625</ele><time>2026-01-14T06:41:43Z</time><extensions><ns3:TrackPointExtension><ns3:cad>0</ns3:cad></ns3:TrackPointExtension></extensions></trkpt><trkpt lat="29.898194214329123" lon="102.03032484278083"><ele>4057</ele><time>2026-01-14T06:41:52Z</time><extensions><ns3:TrackPointExtension><ns3:cad>0</ns3:cad></ns3:TrackPointExtension></extensions></trkpt><trkpt lat="29.89821215160191" lon="102.03034973703325"><ele>4057</ele><time>2026-01-14T06:42:07Z</time><extensions><ns3:TrackPointExtension><ns3:cad>0</ns3:cad></ns3:TrackPointExtension></extensions></trkpt><trkpt lat="29.898185832425952" lon="102.03039575368166"><ele>4056.199951171875</ele><time>2026-01-14T06:42:12Z</time><extensions><ns3:TrackPointExtension><ns3:cad>0</ns3:cad></ns3:TrackPointExtension></extensions></trkpt><trkpt lat="29.89818030036986" lon="102.0304043032229"><ele>4056.60009765625</ele><time>2026-01-14T06:42:16Z</time><extensions><ns3:TrackPointExtension><ns3:hr>72</ns3:hr><ns3:cad>0</ns3:cad></ns3:TrackPointExtension></extensions></trkpt><trkpt lat="29.898177282884717" lon="102.03039424493909"><ele>4056.60009765625</ele><time>2026-01-14T06:42:19Z</time><extensions><ns3:TrackPointExtension><ns3:cad>0</ns3:cad></ns3:TrackPointExtension></extensions></trkpt><trkpt lat="29.898175355046988" lon="102.03038251027465"><ele>4056.39990234375</ele><time>2026-01-14T06:42:32Z</time><extensions><ns3:TrackPointExtension><ns3:cad>0</ns3:cad></ns3:TrackPointExtension></extensions></trkpt><trkpt lat="29.898177115246654" lon="102.03038963489234"><ele>4056</ele><time>2026-01-14T06:42:43Z</time><extensions><ns3:TrackPointExtension><ns3:cad>0</ns3:cad></ns3:TrackPointExtension></extensions></trkpt><trkpt lat="29.898174181580544" lon="102.03041913919151"><ele>4056.199951171875</ele><time>2026-01-14T06:42:50Z</time><extensions><ns3:TrackPointExtension><ns3:cad>0</ns3:cad></ns3:TrackPointExtension></extensions></trkpt><trkpt lat="29.898173678666353" lon="102.03041662462056"><ele>4055.800048828125</ele><time>2026-01-14T06:42:57Z</time><extensions><ns3:TrackPointExtension><ns3:cad>0</ns3:cad></ns3:TrackPointExtension></extensions></trkpt><trkpt lat="29.898167056962848" lon="102.03039994463325"><ele>4055.60009765625</ele><time>2026-01-14T06:43:01Z</time><extensions><ns3:TrackPointExtension><ns3:cad>0</ns3:cad></ns3:TrackPointExtension></extensions></trkpt><trkpt lat="29.898162530735135" lon="102.03039910644293"><ele>4055.60009765625</ele><time>2026-01-14T06:43:08Z</time><extensions><ns3:TrackPointExtension><ns3:cad>0</ns3:cad></ns3:TrackPointExtension></extensions></trkpt><trkpt lat="29.898160686716437" lon="102.03037748113275"><ele>4055.39990234375</ele><time>2026-01-14T06:43:17Z</time><extensions><ns3:TrackPointExtension><ns3:cad>0</ns3:cad></ns3:TrackPointExtension></extensions></trkpt><trkpt lat="29.89816722460091" lon="102.03037555329502"><ele>4055.199951171875</ele><time>2026-01-14T06:43:23Z</time><extensions><ns3:TrackPointExtension><ns3:cad>0</ns3:cad></ns3:TrackPointExtension></extensions></trkpt><trkpt lat="29.89817602559924" lon="102.03038083389401"><ele>4055.60009765625</ele><time>2026-01-14T06:43:29Z</time><extensions><ns3:TrackPointExtension><ns3:cad>0</ns3:cad></ns3:TrackPointExtension></extensions></trkpt></trkseg></trk><features/></gpx>